ISO-10303-21;
HEADER;
FILE_DESCRIPTION((''),'2;1');
FILE_NAME('C-338069-8','2017-04-03T',('workeradm'),('Tyco Electronics Ltd.'),
'CREO PARAMETRIC BY PTC INC, 2016050','CREO PARAMETRIC BY PTC INC, 2016050','');
FILE_SCHEMA(('AUTOMOTIVE_DESIGN { 1 0 10303 214 1 1 1 1 }'));
ENDSEC;
DATA;
#134=DIRECTION('',(0.E0,-3.944296671351E-2,-9.992218234090E-1));
#135=VECTOR('',#134,1.901479686981E0);
#136=CARTESIAN_POINT('',(-7.315E0,-1.925E0,0.E0));
#137=LINE('',#136,#135);
#138=DIRECTION('',(0.E0,-1.E0,0.E0));
#139=VECTOR('',#138,5.E-1);
#140=CARTESIAN_POINT('',(-7.315E0,-2.E0,-1.9E0));
#141=LINE('',#140,#139);
#142=DIRECTION('',(0.E0,0.E0,-1.E0));
#143=VECTOR('',#142,1.6E0);
#144=CARTESIAN_POINT('',(-7.315E0,-2.5E0,-1.9E0));
#145=LINE('',#144,#143);
#146=DIRECTION('',(0.E0,1.E0,0.E0));
#147=VECTOR('',#146,1.E0);
#148=CARTESIAN_POINT('',(-7.315E0,-2.5E0,-3.5E0));
#149=LINE('',#148,#147);
#150=DIRECTION('',(0.E0,0.E0,-1.E0));
#151=VECTOR('',#150,1.5E0);
#152=CARTESIAN_POINT('',(-7.315E0,-1.5E0,-3.5E0));
#153=LINE('',#152,#151);
#154=DIRECTION('',(0.E0,1.E0,0.E0));
#155=VECTOR('',#154,3.726497308104E-1);
#156=CARTESIAN_POINT('',(-7.315E0,-1.5E0,-5.E0));
#157=LINE('',#156,#155);
#158=DIRECTION('',(0.E0,5.E-1,8.660254037844E-1));
#159=VECTOR('',#158,1.154700538379E0);
#160=CARTESIAN_POINT('',(-7.315E0,-1.127350269190E0,-5.E0));
#161=LINE('',#160,#159);
#162=DIRECTION('',(0.E0,1.E0,0.E0));
#163=VECTOR('',#162,1.1E0);
#164=CARTESIAN_POINT('',(-7.315E0,-5.5E-1,-4.E0));
#165=LINE('',#164,#163);
#166=DIRECTION('',(0.E0,5.E-1,-8.660254037844E-1));
#167=VECTOR('',#166,1.154700538379E0);
#168=CARTESIAN_POINT('',(-7.315E0,5.5E-1,-4.E0));
#169=LINE('',#168,#167);
#170=DIRECTION('',(0.E0,1.E0,0.E0));
#171=VECTOR('',#170,3.726497308104E-1);
#172=CARTESIAN_POINT('',(-7.315E0,1.127350269190E0,-5.E0));
#173=LINE('',#172,#171);
#174=DIRECTION('',(0.E0,0.E0,1.E0));
#175=VECTOR('',#174,1.5E0);
#176=CARTESIAN_POINT('',(-7.315E0,1.5E0,-5.E0));
#177=LINE('',#176,#175);
#178=DIRECTION('',(0.E0,1.E0,0.E0));
#179=VECTOR('',#178,1.E0);
#180=CARTESIAN_POINT('',(-7.315E0,1.5E0,-3.5E0));
#181=LINE('',#180,#179);
#182=DIRECTION('',(0.E0,0.E0,1.E0));
#183=VECTOR('',#182,1.6E0);
#184=CARTESIAN_POINT('',(-7.315E0,2.5E0,-3.5E0));
#185=LINE('',#184,#183);
#186=DIRECTION('',(0.E0,-1.E0,0.E0));
#187=VECTOR('',#186,5.E-1);
#188=CARTESIAN_POINT('',(-7.315E0,2.5E0,-1.9E0));
#189=LINE('',#188,#187);
#190=DIRECTION('',(0.E0,-3.944296671351E-2,9.992218234090E-1));
#191=VECTOR('',#190,1.901479686981E0);
#192=CARTESIAN_POINT('',(-7.315E0,2.E0,-1.9E0));
#193=LINE('',#192,#191);
#194=DIRECTION('',(0.E0,-1.E0,0.E0));
#195=VECTOR('',#194,3.85E0);
#196=CARTESIAN_POINT('',(-7.315E0,1.925E0,0.E0));
#197=LINE('',#196,#195);
#198=DIRECTION('',(7.068314935788E-1,2.790124316758E-2,7.068314935788E-1));
#199=VECTOR('',#198,2.829528704039E-1);
#200=CARTESIAN_POINT('',(6.865E0,-1.932894736842E0,-2.E-1));
#201=LINE('',#200,#199);
#202=DIRECTION('',(1.E0,0.E0,0.E0));
#203=VECTOR('',#202,2.5E-1);
#204=CARTESIAN_POINT('',(7.065E0,-1.925E0,0.E0));
#205=LINE('',#204,#203);
#206=DIRECTION('',(1.E0,0.E0,0.E0));
#207=VECTOR('',#206,2.5E-1);
#208=CARTESIAN_POINT('',(-7.315E0,-1.925E0,0.E0));
#209=LINE('',#208,#207);
#210=DIRECTION('',(7.068314935788E-1,-2.790124316758E-2,-7.068314935788E-1));
#211=VECTOR('',#210,2.829528704039E-1);
#212=CARTESIAN_POINT('',(-7.065E0,-1.925E0,0.E0));
#213=LINE('',#212,#211);
#214=DIRECTION('',(-1.E0,0.E0,0.E0));
#215=VECTOR('',#214,1.6E0);
#216=CARTESIAN_POINT('',(-2.375E0,-2.026047134540E0,-2.559860741678E0));
#217=LINE('',#216,#215);
#218=DIRECTION('',(0.E0,-3.944296671351E-2,-9.992218234090E-1));
#219=VECTOR('',#218,1.901479686981E0);
#220=CARTESIAN_POINT('',(-5.345E0,-1.925E0,0.E0));
#221=LINE('',#220,#219);
#222=DIRECTION('',(1.E0,0.E0,0.E0));
#223=VECTOR('',#222,1.069E1);
#224=CARTESIAN_POINT('',(-5.345E0,-1.925E0,0.E0));
#225=LINE('',#224,#223);
#226=DIRECTION('',(0.E0,-3.944296671351E-2,-9.992218234090E-1));
#227=VECTOR('',#226,1.901479686981E0);
#228=CARTESIAN_POINT('',(5.345E0,-1.925E0,0.E0));
#229=LINE('',#228,#227);
#230=DIRECTION('',(-1.E0,0.E0,0.E0));
#231=VECTOR('',#230,1.6E0);
#232=CARTESIAN_POINT('',(5.245E0,-2.026047134540E0,-2.559860741678E0));
#233=LINE('',#232,#231);
#234=DIRECTION('',(-1.E0,0.E0,0.E0));
#235=VECTOR('',#234,1.6E0);
#236=CARTESIAN_POINT('',(2.705E0,-2.026047134540E0,-2.559860741678E0));
#237=LINE('',#236,#235);
#238=DIRECTION('',(-1.E0,0.E0,0.E0));
#239=VECTOR('',#238,1.6E0);
#240=CARTESIAN_POINT('',(1.65E-1,-2.026047134540E0,-2.559860741678E0));
#241=LINE('',#240,#239);
#242=DIRECTION('',(0.E0,0.E0,-1.E0));
#243=VECTOR('',#242,9.582097206668E-1);
#244=CARTESIAN_POINT('',(6.865E0,-5.E-1,-2.E-1));
#245=LINE('',#244,#243);
#246=DIRECTION('',(0.E0,-3.944296671351E-2,-9.992218234090E-1));
#247=VECTOR('',#246,1.701323930456E0);
#248=CARTESIAN_POINT('',(6.865E0,-1.932894736842E0,-2.E-1));
#249=LINE('',#248,#247);
#250=DIRECTION('',(0.E0,1.E0,0.E0));
#251=VECTOR('',#250,1.2E0);
#252=CARTESIAN_POINT('',(6.865E0,-2.5E0,-2.5E0));
#253=LINE('',#252,#251);
#254=DIRECTION('',(0.E0,0.E0,1.E0));
#255=VECTOR('',#254,1.E0);
#256=CARTESIAN_POINT('',(6.865E0,1.3E0,-3.5E0));
#257=LINE('',#256,#255);
#258=DIRECTION('',(0.E0,1.E0,0.E0));
#259=VECTOR('',#258,1.2E0);
#260=CARTESIAN_POINT('',(6.865E0,1.3E0,-2.5E0));
#261=LINE('',#260,#259);
#262=DIRECTION('',(0.E0,-3.944296671351E-2,9.992218234090E-1));
#263=VECTOR('',#262,1.701323930456E0);
#264=CARTESIAN_POINT('',(6.865E0,2.E0,-1.9E0));
#265=LINE('',#264,#263);
#266=DIRECTION('',(0.E0,0.E0,-1.E0));
#267=VECTOR('',#266,9.582097206668E-1);
#268=CARTESIAN_POINT('',(6.865E0,1.E0,-2.E-1));
#269=LINE('',#268,#267);
#270=DIRECTION('',(-8.386705679454E-1,0.E0,5.446390350150E-1));
#271=VECTOR('',#270,5.842580134896E-1);
#272=CARTESIAN_POINT('',(6.865E0,1.E0,-1.158209720667E0));
#273=LINE('',#272,#271);
#274=DIRECTION('',(-8.386705679454E-1,0.E0,5.446390350150E-1));
#275=VECTOR('',#274,5.842580134896E-1);
#276=CARTESIAN_POINT('',(6.865E0,5.E-1,-1.158209720667E0));
#277=LINE('',#276,#275);
#278=DIRECTION('',(0.E0,1.E0,0.E0));
#279=VECTOR('',#278,5.E-1);
#280=CARTESIAN_POINT('',(6.865E0,5.E-1,-1.158209720667E0));
#281=LINE('',#280,#279);
#282=DIRECTION('',(-8.386705679454E-1,0.E0,5.446390350150E-1));
#283=VECTOR('',#282,5.842580134896E-1);
#284=CARTESIAN_POINT('',(6.865E0,-5.E-1,-1.158209720667E0));
#285=LINE('',#284,#283);
#286=DIRECTION('',(-8.386705679454E-1,0.E0,5.446390350150E-1));
#287=VECTOR('',#286,5.842580134896E-1);
#288=CARTESIAN_POINT('',(6.865E0,-1.E0,-1.158209720667E0));
#289=LINE('',#288,#287);
#290=DIRECTION('',(0.E0,1.E0,0.E0));
#291=VECTOR('',#290,5.E-1);
#292=CARTESIAN_POINT('',(6.865E0,-1.E0,-1.158209720667E0));
#293=LINE('',#292,#291);
#294=DIRECTION('',(7.071067811865E-1,0.E0,7.071067811866E-1));
#295=VECTOR('',#294,6.929646455628E-1);
#296=CARTESIAN_POINT('',(6.375E0,1.E0,-6.9E-1));
#297=LINE('',#296,#295);
#298=DIRECTION('',(0.E0,-1.E0,0.E0));
#299=VECTOR('',#298,9.328947368421E-1);
#300=CARTESIAN_POINT('',(6.865E0,1.932894736842E0,-2.E-1));
#301=LINE('',#300,#299);
#302=DIRECTION('',(0.E0,1.E0,0.E0));
#303=VECTOR('',#302,9.328947368421E-1);
#304=CARTESIAN_POINT('',(6.865E0,-1.932894736842E0,-2.E-1));
#305=LINE('',#304,#303);
#306=DIRECTION('',(7.071067811865E-1,0.E0,7.071067811866E-1));
#307=VECTOR('',#306,6.929646455628E-1);
#308=CARTESIAN_POINT('',(6.375E0,-1.E0,-6.9E-1));
#309=LINE('',#308,#307);
#310=DIRECTION('',(0.E0,1.E0,0.E0));
#311=VECTOR('',#310,5.E-1);
#312=CARTESIAN_POINT('',(6.375E0,-1.E0,-6.9E-1));
#313=LINE('',#312,#311);
#314=DIRECTION('',(7.071067811865E-1,0.E0,7.071067811866E-1));
#315=VECTOR('',#314,6.929646455628E-1);
#316=CARTESIAN_POINT('',(6.375E0,-5.E-1,-6.9E-1));
#317=LINE('',#316,#315);
#318=DIRECTION('',(0.E0,1.E0,0.E0));
#319=VECTOR('',#318,1.E0);
#320=CARTESIAN_POINT('',(6.865E0,-5.E-1,-2.E-1));
#321=LINE('',#320,#319);
#322=DIRECTION('',(7.071067811865E-1,0.E0,7.071067811866E-1));
#323=VECTOR('',#322,6.929646455628E-1);
#324=CARTESIAN_POINT('',(6.375E0,5.E-1,-6.9E-1));
#325=LINE('',#324,#323);
#326=DIRECTION('',(0.E0,1.E0,0.E0));
#327=VECTOR('',#326,5.E-1);
#328=CARTESIAN_POINT('',(6.375E0,5.E-1,-6.9E-1));
#329=LINE('',#328,#327);
#330=DIRECTION('',(1.E0,0.E0,0.E0));
#331=VECTOR('',#330,4.5E-1);
#332=CARTESIAN_POINT('',(6.865E0,2.E0,-1.9E0));
#333=LINE('',#332,#331);
#334=DIRECTION('',(7.068314935788E-1,-2.790124316758E-2,7.068314935788E-1));
#335=VECTOR('',#334,2.829528704039E-1);
#336=CARTESIAN_POINT('',(6.865E0,1.932894736842E0,-2.E-1));
#337=LINE('',#336,#335);
#338=DIRECTION('',(7.068314935788E-1,2.790124316758E-2,-7.068314935788E-1));
#339=VECTOR('',#338,2.829528704039E-1);
#340=CARTESIAN_POINT('',(-7.065E0,1.925E0,0.E0));
#341=LINE('',#340,#339);
#342=DIRECTION('',(1.E0,0.E0,0.E0));
#343=VECTOR('',#342,4.5E-1);
#344=CARTESIAN_POINT('',(-7.315E0,2.E0,-1.9E0));
#345=LINE('',#344,#343);
#346=DIRECTION('',(1.E0,0.E0,0.E0));
#347=VECTOR('',#346,1.E-1);
#348=CARTESIAN_POINT('',(-5.345E0,2.E0,-1.9E0));
#349=LINE('',#348,#347);
#350=DIRECTION('',(1.E0,0.E0,0.E0));
#351=VECTOR('',#350,9.4E-1);
#352=CARTESIAN_POINT('',(-3.645E0,2.E0,-1.9E0));
#353=LINE('',#352,#351);
#354=DIRECTION('',(1.E0,0.E0,0.E0));
#355=VECTOR('',#354,9.4E-1);
#356=CARTESIAN_POINT('',(-1.105E0,2.E0,-1.9E0));
#357=LINE('',#356,#355);
#358=DIRECTION('',(1.E0,0.E0,0.E0));
#359=VECTOR('',#358,9.4E-1);
#360=CARTESIAN_POINT('',(1.435E0,2.E0,-1.9E0));
#361=LINE('',#360,#359);
#362=DIRECTION('',(1.E0,0.E0,0.E0));
#363=VECTOR('',#362,1.37E0);
#364=CARTESIAN_POINT('',(3.975E0,2.E0,-1.9E0));
#365=LINE('',#364,#363);
#366=DIRECTION('',(0.E0,-3.944296671351E-2,9.992218234090E-1));
#367=VECTOR('',#366,1.901479686981E0);
#368=CARTESIAN_POINT('',(5.345E0,2.E0,-1.9E0));
#369=LINE('',#368,#367);
#370=DIRECTION('',(0.E0,-3.944296671351E-2,9.992218234090E-1));
#371=VECTOR('',#370,1.901479686981E0);
#372=CARTESIAN_POINT('',(-5.345E0,2.E0,-1.9E0));
#373=LINE('',#372,#371);
#374=DIRECTION('',(0.E0,-1.E0,0.E0));
#375=VECTOR('',#374,5.E-1);
#376=CARTESIAN_POINT('',(-6.865E0,2.5E0,-1.9E0));
#377=LINE('',#376,#375);
#378=DIRECTION('',(1.E0,0.E0,0.E0));
#379=VECTOR('',#378,4.5E-1);
#380=CARTESIAN_POINT('',(-7.315E0,2.5E0,-1.9E0));
#381=LINE('',#380,#379);
#382=DIRECTION('',(0.E0,-1.E0,0.E0));
#383=VECTOR('',#382,5.E-1);
#384=CARTESIAN_POINT('',(6.865E0,2.5E0,-1.9E0));
#385=LINE('',#384,#383);
#386=DIRECTION('',(1.E0,0.E0,0.E0));
#387=VECTOR('',#386,4.5E-1);
#388=CARTESIAN_POINT('',(6.865E0,2.5E0,-1.9E0));
#389=LINE('',#388,#387);
#390=DIRECTION('',(0.E0,-1.E0,0.E0));
#391=VECTOR('',#390,5.E-1);
#392=CARTESIAN_POINT('',(6.865E0,-2.E0,-1.9E0));
#393=LINE('',#392,#391);
#394=DIRECTION('',(1.E0,0.E0,0.E0));
#395=VECTOR('',#394,4.5E-1);
#396=CARTESIAN_POINT('',(6.865E0,-2.E0,-1.9E0));
#397=LINE('',#396,#395);
#398=DIRECTION('',(0.E0,-1.E0,0.E0));
#399=VECTOR('',#398,5.E-1);
#400=CARTESIAN_POINT('',(-6.865E0,-2.E0,-1.9E0));
#401=LINE('',#400,#399);
#402=DIRECTION('',(1.E0,0.E0,0.E0));
#403=VECTOR('',#402,4.5E-1);
#404=CARTESIAN_POINT('',(-7.315E0,-2.E0,-1.9E0));
#405=LINE('',#404,#403);
#406=DIRECTION('',(0.E0,1.E0,0.E0));
#407=VECTOR('',#406,5.E-1);
#408=CARTESIAN_POINT('',(5.245E0,-2.5E0,-1.9E0));
#409=LINE('',#408,#407);
#410=DIRECTION('',(1.E0,0.E0,0.E0));
#411=VECTOR('',#410,1.E-1);
#412=CARTESIAN_POINT('',(5.245E0,-2.E0,-1.9E0));
#413=LINE('',#412,#411);
#414=DIRECTION('',(0.E0,1.E0,0.E0));
#415=VECTOR('',#414,7.E-1);
#416=CARTESIAN_POINT('',(5.345E0,-2.E0,-1.9E0));
#417=LINE('',#416,#415);
#418=DIRECTION('',(-1.E0,0.E0,0.E0));
#419=VECTOR('',#418,7.E-1);
#420=CARTESIAN_POINT('',(6.045E0,-1.3E0,-1.9E0));
#421=LINE('',#420,#419);
#422=DIRECTION('',(0.E0,-1.E0,0.E0));
#423=VECTOR('',#422,1.2E0);
#424=CARTESIAN_POINT('',(6.045E0,-1.3E0,-1.9E0));
#425=LINE('',#424,#423);
#426=DIRECTION('',(0.E0,-1.E0,0.E0));
#427=VECTOR('',#426,5.E-1);
#428=CARTESIAN_POINT('',(3.975E0,2.5E0,-1.9E0));
#429=LINE('',#428,#427);
#430=DIRECTION('',(1.E0,0.E0,0.E0));
#431=VECTOR('',#430,2.07E0);
#432=CARTESIAN_POINT('',(3.975E0,2.5E0,-1.9E0));
#433=LINE('',#432,#431);
#434=DIRECTION('',(0.E0,-1.E0,0.E0));
#435=VECTOR('',#434,1.2E0);
#436=CARTESIAN_POINT('',(6.045E0,2.5E0,-1.9E0));
#437=LINE('',#436,#435);
#438=DIRECTION('',(1.E0,0.E0,0.E0));
#439=VECTOR('',#438,7.E-1);
#440=CARTESIAN_POINT('',(5.345E0,1.3E0,-1.9E0));
#441=LINE('',#440,#439);
#442=DIRECTION('',(0.E0,1.E0,0.E0));
#443=VECTOR('',#442,7.E-1);
#444=CARTESIAN_POINT('',(5.345E0,1.3E0,-1.9E0));
#445=LINE('',#444,#443);
#446=DIRECTION('',(0.E0,1.E0,0.E0));
#447=VECTOR('',#446,5.E-1);
#448=CARTESIAN_POINT('',(2.705E0,-2.5E0,-1.9E0));
#449=LINE('',#448,#447);
#450=DIRECTION('',(1.E0,0.E0,0.E0));
#451=VECTOR('',#450,9.4E-1);
#452=CARTESIAN_POINT('',(2.705E0,-2.E0,-1.9E0));
#453=LINE('',#452,#451);
#454=DIRECTION('',(0.E0,1.E0,0.E0));
#455=VECTOR('',#454,5.E-1);
#456=CARTESIAN_POINT('',(3.645E0,-2.5E0,-1.9E0));
#457=LINE('',#456,#455);
#458=DIRECTION('',(0.E0,-1.E0,0.E0));
#459=VECTOR('',#458,5.E-1);
#460=CARTESIAN_POINT('',(1.435E0,2.5E0,-1.9E0));
#461=LINE('',#460,#459);
#462=DIRECTION('',(1.E0,0.E0,0.E0));
#463=VECTOR('',#462,9.4E-1);
#464=CARTESIAN_POINT('',(1.435E0,2.5E0,-1.9E0));
#465=LINE('',#464,#463);
#466=DIRECTION('',(0.E0,-1.E0,0.E0));
#467=VECTOR('',#466,5.E-1);
#468=CARTESIAN_POINT('',(2.375E0,2.5E0,-1.9E0));
#469=LINE('',#468,#467);
#470=DIRECTION('',(0.E0,1.E0,0.E0));
#471=VECTOR('',#470,5.E-1);
#472=CARTESIAN_POINT('',(1.65E-1,-2.5E0,-1.9E0));
#473=LINE('',#472,#471);
#474=DIRECTION('',(1.E0,0.E0,0.E0));
#475=VECTOR('',#474,9.4E-1);
#476=CARTESIAN_POINT('',(1.65E-1,-2.E0,-1.9E0));
#477=LINE('',#476,#475);
#478=DIRECTION('',(0.E0,1.E0,0.E0));
#479=VECTOR('',#478,5.E-1);
#480=CARTESIAN_POINT('',(1.105E0,-2.5E0,-1.9E0));
#481=LINE('',#480,#479);
#482=DIRECTION('',(0.E0,-1.E0,0.E0));
#483=VECTOR('',#482,5.E-1);
#484=CARTESIAN_POINT('',(-1.105E0,2.5E0,-1.9E0));
#485=LINE('',#484,#483);
#486=DIRECTION('',(1.E0,0.E0,0.E0));
#487=VECTOR('',#486,9.4E-1);
#488=CARTESIAN_POINT('',(-1.105E0,2.5E0,-1.9E0));
#489=LINE('',#488,#487);
#490=DIRECTION('',(0.E0,-1.E0,0.E0));
#491=VECTOR('',#490,5.E-1);
#492=CARTESIAN_POINT('',(-1.65E-1,2.5E0,-1.9E0));
#493=LINE('',#492,#491);
#494=DIRECTION('',(0.E0,1.E0,0.E0));
#495=VECTOR('',#494,5.E-1);
#496=CARTESIAN_POINT('',(-2.375E0,-2.5E0,-1.9E0));
#497=LINE('',#496,#495);
#498=DIRECTION('',(1.E0,0.E0,0.E0));
#499=VECTOR('',#498,9.4E-1);
#500=CARTESIAN_POINT('',(-2.375E0,-2.E0,-1.9E0));
#501=LINE('',#500,#499);
#502=DIRECTION('',(0.E0,1.E0,0.E0));
#503=VECTOR('',#502,5.E-1);
#504=CARTESIAN_POINT('',(-1.435E0,-2.5E0,-1.9E0));
#505=LINE('',#504,#503);
#506=DIRECTION('',(0.E0,-1.E0,0.E0));
#507=VECTOR('',#506,5.E-1);
#508=CARTESIAN_POINT('',(-3.645E0,2.5E0,-1.9E0));
#509=LINE('',#508,#507);
#510=DIRECTION('',(1.E0,0.E0,0.E0));
#511=VECTOR('',#510,9.4E-1);
#512=CARTESIAN_POINT('',(-3.645E0,2.5E0,-1.9E0));
#513=LINE('',#512,#511);
#514=DIRECTION('',(0.E0,-1.E0,0.E0));
#515=VECTOR('',#514,5.E-1);
#516=CARTESIAN_POINT('',(-2.705E0,2.5E0,-1.9E0));
#517=LINE('',#516,#515);
#518=DIRECTION('',(0.E0,-1.E0,0.E0));
#519=VECTOR('',#518,5.E-1);
#520=CARTESIAN_POINT('',(-5.245E0,2.5E0,-1.9E0));
#521=LINE('',#520,#519);
#522=DIRECTION('',(1.E0,0.E0,0.E0));
#523=VECTOR('',#522,1.37E0);
#524=CARTESIAN_POINT('',(-5.345E0,-2.E0,-1.9E0));
#525=LINE('',#524,#523);
#526=DIRECTION('',(0.E0,1.E0,0.E0));
#527=VECTOR('',#526,5.E-1);
#528=CARTESIAN_POINT('',(-3.975E0,-2.5E0,-1.9E0));
#529=LINE('',#528,#527);
#530=DIRECTION('',(0.E0,1.E0,0.E0));
#531=VECTOR('',#530,5.E0);
#532=CARTESIAN_POINT('',(-6.045E0,-2.5E0,-1.9E0));
#533=LINE('',#532,#531);
#534=DIRECTION('',(1.E0,0.E0,0.E0));
#535=VECTOR('',#534,8.E-1);
#536=CARTESIAN_POINT('',(-6.045E0,2.5E0,-1.9E0));
#537=LINE('',#536,#535);
#538=DIRECTION('',(0.E0,1.E0,0.E0));
#539=VECTOR('',#538,5.E-1);
#540=CARTESIAN_POINT('',(-6.865E0,-1.E0,-1.158209720667E0));
#541=LINE('',#540,#539);
#542=DIRECTION('',(0.E0,0.E0,-1.E0));
#543=VECTOR('',#542,9.582097206668E-1);
#544=CARTESIAN_POINT('',(-6.865E0,5.E-1,-2.E-1));
#545=LINE('',#544,#543);
#546=DIRECTION('',(0.E0,1.E0,0.E0));
#547=VECTOR('',#546,5.E-1);
#548=CARTESIAN_POINT('',(-6.865E0,5.E-1,-1.158209720667E0));
#549=LINE('',#548,#547);
#550=DIRECTION('',(0.E0,3.944296671351E-2,-9.992218234090E-1));
#551=VECTOR('',#550,1.701323930456E0);
#552=CARTESIAN_POINT('',(-6.865E0,1.932894736842E0,-2.E-1));
#553=LINE('',#552,#551);
#554=DIRECTION('',(0.E0,1.E0,0.E0));
#555=VECTOR('',#554,2.E-1);
#556=CARTESIAN_POINT('',(-6.865E0,1.3E0,-3.5E0));
#557=LINE('',#556,#555);
#558=DIRECTION('',(0.E0,1.E0,0.E0));
#559=VECTOR('',#558,2.E-1);
#560=CARTESIAN_POINT('',(-6.865E0,-1.5E0,-3.5E0));
#561=LINE('',#560,#559);
#562=DIRECTION('',(0.E0,0.E0,1.E0));
#563=VECTOR('',#562,1.E0);
#564=CARTESIAN_POINT('',(-6.865E0,-1.3E0,-3.5E0));
#565=LINE('',#564,#563);
#566=DIRECTION('',(0.E0,3.944296671351E-2,9.992218234090E-1));
#567=VECTOR('',#566,1.701323930456E0);
#568=CARTESIAN_POINT('',(-6.865E0,-2.E0,-1.9E0));
#569=LINE('',#568,#567);
#570=DIRECTION('',(0.E0,0.E0,-1.E0));
#571=VECTOR('',#570,9.582097206668E-1);
#572=CARTESIAN_POINT('',(-6.865E0,-1.E0,-2.E-1));
#573=LINE('',#572,#571);
#574=DIRECTION('',(-8.386705679454E-1,0.E0,-5.446390350151E-1));
#575=VECTOR('',#574,5.842580134897E-1);
#576=CARTESIAN_POINT('',(-6.375E0,1.E0,-8.4E-1));
#577=LINE('',#576,#575);
#578=DIRECTION('',(-8.386705679454E-1,0.E0,-5.446390350151E-1));
#579=VECTOR('',#578,5.842580134897E-1);
#580=CARTESIAN_POINT('',(-6.375E0,5.E-1,-8.4E-1));
#581=LINE('',#580,#579);
#582=DIRECTION('',(0.E0,1.E0,0.E0));
#583=VECTOR('',#582,5.E-1);
#584=CARTESIAN_POINT('',(-6.375E0,5.E-1,-8.4E-1));
#585=LINE('',#584,#583);
#586=DIRECTION('',(-8.386705679454E-1,0.E0,-5.446390350151E-1));
#587=VECTOR('',#586,5.842580134897E-1);
#588=CARTESIAN_POINT('',(-6.375E0,-5.E-1,-8.4E-1));
#589=LINE('',#588,#587);
#590=DIRECTION('',(-8.386705679454E-1,0.E0,-5.446390350151E-1));
#591=VECTOR('',#590,5.842580134897E-1);
#592=CARTESIAN_POINT('',(-6.375E0,-1.E0,-8.4E-1));
#593=LINE('',#592,#591);
#594=DIRECTION('',(0.E0,1.E0,0.E0));
#595=VECTOR('',#594,5.E-1);
#596=CARTESIAN_POINT('',(-6.375E0,-1.E0,-8.4E-1));
#597=LINE('',#596,#595);
#598=DIRECTION('',(0.E0,0.E0,-1.E0));
#599=VECTOR('',#598,9.582097206668E-1);
#600=CARTESIAN_POINT('',(-6.865E0,1.E0,-2.E-1));
#601=LINE('',#600,#599);
#602=DIRECTION('',(0.E0,-1.E0,0.E0));
#603=VECTOR('',#602,9.328947368421E-1);
#604=CARTESIAN_POINT('',(-6.865E0,1.932894736842E0,-2.E-1));
#605=LINE('',#604,#603);
#606=DIRECTION('',(-7.071067811866E-1,0.E0,7.071067811865E-1));
#607=VECTOR('',#606,6.929646455628E-1);
#608=CARTESIAN_POINT('',(-6.375E0,1.E0,-6.9E-1));
#609=LINE('',#608,#607);
#610=DIRECTION('',(-7.071067811866E-1,0.E0,7.071067811865E-1));
#611=VECTOR('',#610,6.929646455628E-1);
#612=CARTESIAN_POINT('',(-6.375E0,5.E-1,-6.9E-1));
#613=LINE('',#612,#611);
#614=DIRECTION('',(0.E0,-1.E0,0.E0));
#615=VECTOR('',#614,1.E0);
#616=CARTESIAN_POINT('',(-6.865E0,5.E-1,-2.E-1));
#617=LINE('',#616,#615);
#618=DIRECTION('',(-7.071067811866E-1,0.E0,7.071067811865E-1));
#619=VECTOR('',#618,6.929646455628E-1);
#620=CARTESIAN_POINT('',(-6.375E0,-5.E-1,-6.9E-1));
#621=LINE('',#620,#619);
#622=DIRECTION('',(-7.071067811866E-1,0.E0,7.071067811865E-1));
#623=VECTOR('',#622,6.929646455628E-1);
#624=CARTESIAN_POINT('',(-6.375E0,-1.E0,-6.9E-1));
#625=LINE('',#624,#623);
#626=DIRECTION('',(0.E0,1.E0,0.E0));
#627=VECTOR('',#626,9.328947368421E-1);
#628=CARTESIAN_POINT('',(-6.865E0,-1.932894736842E0,-2.E-1));
#629=LINE('',#628,#627);
#630=DIRECTION('',(0.E0,0.E0,-1.E0));
#631=VECTOR('',#630,1.5E-1);
#632=CARTESIAN_POINT('',(-6.375E0,1.E0,-6.9E-1));
#633=LINE('',#632,#631);
#634=DIRECTION('',(0.E0,0.E0,-1.E0));
#635=VECTOR('',#634,1.5E-1);
#636=CARTESIAN_POINT('',(-6.375E0,5.E-1,-6.9E-1));
#637=LINE('',#636,#635);
#638=DIRECTION('',(0.E0,1.E0,0.E0));
#639=VECTOR('',#638,5.E-1);
#640=CARTESIAN_POINT('',(-6.375E0,5.E-1,-6.9E-1));
#641=LINE('',#640,#639);
#642=DIRECTION('',(0.E0,0.E0,-1.E0));
#643=VECTOR('',#642,1.5E-1);
#644=CARTESIAN_POINT('',(-6.375E0,-5.E-1,-6.9E-1));
#645=LINE('',#644,#643);
#646=DIRECTION('',(0.E0,0.E0,-1.E0));
#647=VECTOR('',#646,1.5E-1);
#648=CARTESIAN_POINT('',(-6.375E0,-1.E0,-6.9E-1));
#649=LINE('',#648,#647);
#650=DIRECTION('',(0.E0,1.E0,0.E0));
#651=VECTOR('',#650,5.E-1);
#652=CARTESIAN_POINT('',(-6.375E0,-1.E0,-6.9E-1));
#653=LINE('',#652,#651);
#654=DIRECTION('',(0.E0,0.E0,-1.E0));
#655=VECTOR('',#654,9.582097206668E-1);
#656=CARTESIAN_POINT('',(-6.865E0,-5.E-1,-2.E-1));
#657=LINE('',#656,#655);
#658=DIRECTION('',(0.E0,-1.E0,0.E0));
#659=VECTOR('',#658,3.85E0);
#660=CARTESIAN_POINT('',(5.345E0,1.925E0,0.E0));
#661=LINE('',#660,#659);
#662=DIRECTION('',(0.E0,-1.E0,0.E0));
#663=VECTOR('',#662,3.85E0);
#664=CARTESIAN_POINT('',(-5.345E0,1.925E0,0.E0));
#665=LINE('',#664,#663);
#666=DIRECTION('',(1.E0,0.E0,0.E0));
#667=VECTOR('',#666,1.069E1);
#668=CARTESIAN_POINT('',(-5.345E0,1.925E0,0.E0));
#669=LINE('',#668,#667);
#670=DIRECTION('',(0.E0,-1.E0,0.E0));
#671=VECTOR('',#670,3.85E0);
#672=CARTESIAN_POINT('',(7.065E0,1.925E0,0.E0));
#673=LINE('',#672,#671);
#674=DIRECTION('',(1.E0,0.E0,0.E0));
#675=VECTOR('',#674,2.5E-1);
#676=CARTESIAN_POINT('',(7.065E0,1.925E0,0.E0));
#677=LINE('',#676,#675);
#678=DIRECTION('',(0.E0,-1.E0,0.E0));
#679=VECTOR('',#678,3.85E0);
#680=CARTESIAN_POINT('',(-7.065E0,1.925E0,0.E0));
#681=LINE('',#680,#679);
#682=DIRECTION('',(1.E0,0.E0,0.E0));
#683=VECTOR('',#682,2.5E-1);
#684=CARTESIAN_POINT('',(-7.315E0,1.925E0,0.E0));
#685=LINE('',#684,#683);
#686=DIRECTION('',(0.E0,1.E0,0.E0));
#687=VECTOR('',#686,6.E-1);
#688=CARTESIAN_POINT('',(4.87E0,-1.05E0,0.E0));
#689=LINE('',#688,#687);
#690=DIRECTION('',(-1.E0,0.E0,0.E0));
#691=VECTOR('',#690,2.25E-1);
#692=CARTESIAN_POINT('',(4.87E0,-4.5E-1,0.E0));
#693=LINE('',#692,#691);
#694=DIRECTION('',(0.E0,1.E0,0.E0));
#695=VECTOR('',#694,4.5E-1);
#696=CARTESIAN_POINT('',(4.645E0,-4.5E-1,0.E0));
#697=LINE('',#696,#695);
#698=DIRECTION('',(-1.E0,0.E0,0.E0));
#699=VECTOR('',#698,4.E-1);
#700=CARTESIAN_POINT('',(4.645E0,0.E0,0.E0));
#701=LINE('',#700,#699);
#702=DIRECTION('',(0.E0,-1.E0,0.E0));
#703=VECTOR('',#702,4.5E-1);
#704=CARTESIAN_POINT('',(4.245E0,0.E0,0.E0));
#705=LINE('',#704,#703);
#706=DIRECTION('',(-1.E0,0.E0,0.E0));
#707=VECTOR('',#706,2.25E-1);
#708=CARTESIAN_POINT('',(4.245E0,-4.5E-1,0.E0));
#709=LINE('',#708,#707);
#710=DIRECTION('',(0.E0,-1.E0,0.E0));
#711=VECTOR('',#710,6.E-1);
#712=CARTESIAN_POINT('',(4.02E0,-4.5E-1,0.E0));
#713=LINE('',#712,#711);
#714=DIRECTION('',(1.E0,0.E0,0.E0));
#715=VECTOR('',#714,2.25E-1);
#716=CARTESIAN_POINT('',(4.02E0,-1.05E0,0.E0));
#717=LINE('',#716,#715);
#718=DIRECTION('',(0.E0,-1.E0,0.E0));
#719=VECTOR('',#718,4.5E-1);
#720=CARTESIAN_POINT('',(4.245E0,-1.05E0,0.E0));
#721=LINE('',#720,#719);
#722=DIRECTION('',(1.E0,0.E0,0.E0));
#723=VECTOR('',#722,4.E-1);
#724=CARTESIAN_POINT('',(4.245E0,-1.5E0,0.E0));
#725=LINE('',#724,#723);
#726=DIRECTION('',(0.E0,1.E0,0.E0));
#727=VECTOR('',#726,4.5E-1);
#728=CARTESIAN_POINT('',(4.645E0,-1.5E0,0.E0));
#729=LINE('',#728,#727);
#730=DIRECTION('',(1.E0,0.E0,0.E0));
#731=VECTOR('',#730,2.25E-1);
#732=CARTESIAN_POINT('',(4.645E0,-1.05E0,0.E0));
#733=LINE('',#732,#731);
#734=DIRECTION('',(1.E0,0.E0,0.E0));
#735=VECTOR('',#734,4.E-1);
#736=CARTESIAN_POINT('',(2.975E0,0.E0,0.E0));
#737=LINE('',#736,#735);
#738=DIRECTION('',(0.E0,1.E0,0.E0));
#739=VECTOR('',#738,4.5E-1);
#740=CARTESIAN_POINT('',(3.375E0,0.E0,0.E0));
#741=LINE('',#740,#739);
#742=DIRECTION('',(1.E0,0.E0,0.E0));
#743=VECTOR('',#742,2.25E-1);
#744=CARTESIAN_POINT('',(3.375E0,4.5E-1,0.E0));
#745=LINE('',#744,#743);
#746=DIRECTION('',(0.E0,1.E0,0.E0));
#747=VECTOR('',#746,6.E-1);
#748=CARTESIAN_POINT('',(3.6E0,4.5E-1,0.E0));
#749=LINE('',#748,#747);
#750=DIRECTION('',(-1.E0,0.E0,0.E0));
#751=VECTOR('',#750,2.25E-1);
#752=CARTESIAN_POINT('',(3.6E0,1.05E0,0.E0));
#753=LINE('',#752,#751);
#754=DIRECTION('',(0.E0,1.E0,0.E0));
#755=VECTOR('',#754,4.5E-1);
#756=CARTESIAN_POINT('',(3.375E0,1.05E0,0.E0));
#757=LINE('',#756,#755);
#758=DIRECTION('',(-1.E0,0.E0,0.E0));
#759=VECTOR('',#758,4.E-1);
#760=CARTESIAN_POINT('',(3.375E0,1.5E0,0.E0));
#761=LINE('',#760,#759);
#762=DIRECTION('',(0.E0,-1.E0,0.E0));
#763=VECTOR('',#762,4.5E-1);
#764=CARTESIAN_POINT('',(2.975E0,1.5E0,0.E0));
#765=LINE('',#764,#763);
#766=DIRECTION('',(-1.E0,0.E0,0.E0));
#767=VECTOR('',#766,2.25E-1);
#768=CARTESIAN_POINT('',(2.975E0,1.05E0,0.E0));
#769=LINE('',#768,#767);
#770=DIRECTION('',(0.E0,-1.E0,0.E0));
#771=VECTOR('',#770,6.E-1);
#772=CARTESIAN_POINT('',(2.75E0,1.05E0,0.E0));
#773=LINE('',#772,#771);
#774=DIRECTION('',(1.E0,0.E0,0.E0));
#775=VECTOR('',#774,2.25E-1);
#776=CARTESIAN_POINT('',(2.75E0,4.5E-1,0.E0));
#777=LINE('',#776,#775);
#778=DIRECTION('',(0.E0,-1.E0,0.E0));
#779=VECTOR('',#778,4.5E-1);
#780=CARTESIAN_POINT('',(2.975E0,4.5E-1,0.E0));
#781=LINE('',#780,#779);
#782=DIRECTION('',(0.E0,1.E0,0.E0));
#783=VECTOR('',#782,6.E-1);
#784=CARTESIAN_POINT('',(2.33E0,-1.05E0,0.E0));
#785=LINE('',#784,#783);
#786=DIRECTION('',(-1.E0,0.E0,0.E0));
#787=VECTOR('',#786,2.25E-1);
#788=CARTESIAN_POINT('',(2.33E0,-4.5E-1,0.E0));
#789=LINE('',#788,#787);
#790=DIRECTION('',(0.E0,1.E0,0.E0));
#791=VECTOR('',#790,4.5E-1);
#792=CARTESIAN_POINT('',(2.105E0,-4.5E-1,0.E0));
#793=LINE('',#792,#791);
#794=DIRECTION('',(-1.E0,0.E0,0.E0));
#795=VECTOR('',#794,4.E-1);
#796=CARTESIAN_POINT('',(2.105E0,0.E0,0.E0));
#797=LINE('',#796,#795);
#798=DIRECTION('',(0.E0,-1.E0,0.E0));
#799=VECTOR('',#798,4.5E-1);
#800=CARTESIAN_POINT('',(1.705E0,0.E0,0.E0));
#801=LINE('',#800,#799);
#802=DIRECTION('',(-1.E0,0.E0,0.E0));
#803=VECTOR('',#802,2.25E-1);
#804=CARTESIAN_POINT('',(1.705E0,-4.5E-1,0.E0));
#805=LINE('',#804,#803);
#806=DIRECTION('',(0.E0,-1.E0,0.E0));
#807=VECTOR('',#806,6.E-1);
#808=CARTESIAN_POINT('',(1.48E0,-4.5E-1,0.E0));
#809=LINE('',#808,#807);
#810=DIRECTION('',(1.E0,0.E0,0.E0));
#811=VECTOR('',#810,2.25E-1);
#812=CARTESIAN_POINT('',(1.48E0,-1.05E0,0.E0));
#813=LINE('',#812,#811);
#814=DIRECTION('',(0.E0,-1.E0,0.E0));
#815=VECTOR('',#814,4.5E-1);
#816=CARTESIAN_POINT('',(1.705E0,-1.05E0,0.E0));
#817=LINE('',#816,#815);
#818=DIRECTION('',(1.E0,0.E0,0.E0));
#819=VECTOR('',#818,4.E-1);
#820=CARTESIAN_POINT('',(1.705E0,-1.5E0,0.E0));
#821=LINE('',#820,#819);
#822=DIRECTION('',(0.E0,1.E0,0.E0));
#823=VECTOR('',#822,4.5E-1);
#824=CARTESIAN_POINT('',(2.105E0,-1.5E0,0.E0));
#825=LINE('',#824,#823);
#826=DIRECTION('',(1.E0,0.E0,0.E0));
#827=VECTOR('',#826,2.25E-1);
#828=CARTESIAN_POINT('',(2.105E0,-1.05E0,0.E0));
#829=LINE('',#828,#827);
#830=DIRECTION('',(1.E0,0.E0,0.E0));
#831=VECTOR('',#830,4.E-1);
#832=CARTESIAN_POINT('',(4.35E-1,0.E0,0.E0));
#833=LINE('',#832,#831);
#834=DIRECTION('',(0.E0,1.E0,0.E0));
#835=VECTOR('',#834,4.5E-1);
#836=CARTESIAN_POINT('',(8.35E-1,0.E0,0.E0));
#837=LINE('',#836,#835);
#838=DIRECTION('',(1.E0,0.E0,0.E0));
#839=VECTOR('',#838,2.25E-1);
#840=CARTESIAN_POINT('',(8.35E-1,4.5E-1,0.E0));
#841=LINE('',#840,#839);
#842=DIRECTION('',(0.E0,1.E0,0.E0));
#843=VECTOR('',#842,6.E-1);
#844=CARTESIAN_POINT('',(1.06E0,4.5E-1,0.E0));
#845=LINE('',#844,#843);
#846=DIRECTION('',(-1.E0,0.E0,0.E0));
#847=VECTOR('',#846,2.25E-1);
#848=CARTESIAN_POINT('',(1.06E0,1.05E0,0.E0));
#849=LINE('',#848,#847);
#850=DIRECTION('',(0.E0,1.E0,0.E0));
#851=VECTOR('',#850,4.5E-1);
#852=CARTESIAN_POINT('',(8.35E-1,1.05E0,0.E0));
#853=LINE('',#852,#851);
#854=DIRECTION('',(-1.E0,0.E0,0.E0));
#855=VECTOR('',#854,4.E-1);
#856=CARTESIAN_POINT('',(8.35E-1,1.5E0,0.E0));
#857=LINE('',#856,#855);
#858=DIRECTION('',(0.E0,-1.E0,0.E0));
#859=VECTOR('',#858,4.5E-1);
#860=CARTESIAN_POINT('',(4.35E-1,1.5E0,0.E0));
#861=LINE('',#860,#859);
#862=DIRECTION('',(-1.E0,0.E0,0.E0));
#863=VECTOR('',#862,2.25E-1);
#864=CARTESIAN_POINT('',(4.35E-1,1.05E0,0.E0));
#865=LINE('',#864,#863);
#866=DIRECTION('',(0.E0,-1.E0,0.E0));
#867=VECTOR('',#866,6.E-1);
#868=CARTESIAN_POINT('',(2.1E-1,1.05E0,0.E0));
#869=LINE('',#868,#867);
#870=DIRECTION('',(1.E0,0.E0,0.E0));
#871=VECTOR('',#870,2.25E-1);
#872=CARTESIAN_POINT('',(2.1E-1,4.5E-1,0.E0));
#873=LINE('',#872,#871);
#874=DIRECTION('',(0.E0,-1.E0,0.E0));
#875=VECTOR('',#874,4.5E-1);
#876=CARTESIAN_POINT('',(4.35E-1,4.5E-1,0.E0));
#877=LINE('',#876,#875);
#878=DIRECTION('',(0.E0,1.E0,0.E0));
#879=VECTOR('',#878,6.E-1);
#880=CARTESIAN_POINT('',(-2.1E-1,-1.05E0,0.E0));
#881=LINE('',#880,#879);
#882=DIRECTION('',(-1.E0,0.E0,0.E0));
#883=VECTOR('',#882,2.25E-1);
#884=CARTESIAN_POINT('',(-2.1E-1,-4.5E-1,0.E0));
#885=LINE('',#884,#883);
#886=DIRECTION('',(0.E0,1.E0,0.E0));
#887=VECTOR('',#886,4.5E-1);
#888=CARTESIAN_POINT('',(-4.35E-1,-4.5E-1,0.E0));
#889=LINE('',#888,#887);
#890=DIRECTION('',(-1.E0,0.E0,0.E0));
#891=VECTOR('',#890,4.E-1);
#892=CARTESIAN_POINT('',(-4.35E-1,0.E0,0.E0));
#893=LINE('',#892,#891);
#894=DIRECTION('',(0.E0,-1.E0,0.E0));
#895=VECTOR('',#894,4.5E-1);
#896=CARTESIAN_POINT('',(-8.35E-1,0.E0,0.E0));
#897=LINE('',#896,#895);
#898=DIRECTION('',(-1.E0,0.E0,0.E0));
#899=VECTOR('',#898,2.25E-1);
#900=CARTESIAN_POINT('',(-8.35E-1,-4.5E-1,0.E0));
#901=LINE('',#900,#899);
#902=DIRECTION('',(0.E0,-1.E0,0.E0));
#903=VECTOR('',#902,6.E-1);
#904=CARTESIAN_POINT('',(-1.06E0,-4.5E-1,0.E0));
#905=LINE('',#904,#903);
#906=DIRECTION('',(1.E0,0.E0,0.E0));
#907=VECTOR('',#906,2.25E-1);
#908=CARTESIAN_POINT('',(-1.06E0,-1.05E0,0.E0));
#909=LINE('',#908,#907);
#910=DIRECTION('',(0.E0,-1.E0,0.E0));
#911=VECTOR('',#910,4.5E-1);
#912=CARTESIAN_POINT('',(-8.35E-1,-1.05E0,0.E0));
#913=LINE('',#912,#911);
#914=DIRECTION('',(1.E0,0.E0,0.E0));
#915=VECTOR('',#914,4.E-1);
#916=CARTESIAN_POINT('',(-8.35E-1,-1.5E0,0.E0));
#917=LINE('',#916,#915);
#918=DIRECTION('',(0.E0,1.E0,0.E0));
#919=VECTOR('',#918,4.5E-1);
#920=CARTESIAN_POINT('',(-4.35E-1,-1.5E0,0.E0));
#921=LINE('',#920,#919);
#922=DIRECTION('',(1.E0,0.E0,0.E0));
#923=VECTOR('',#922,2.25E-1);
#924=CARTESIAN_POINT('',(-4.35E-1,-1.05E0,0.E0));
#925=LINE('',#924,#923);
#926=DIRECTION('',(1.E0,0.E0,0.E0));
#927=VECTOR('',#926,4.E-1);
#928=CARTESIAN_POINT('',(-2.105E0,0.E0,0.E0));
#929=LINE('',#928,#927);
#930=DIRECTION('',(0.E0,1.E0,0.E0));
#931=VECTOR('',#930,4.5E-1);
#932=CARTESIAN_POINT('',(-1.705E0,0.E0,0.E0));
#933=LINE('',#932,#931);
#934=DIRECTION('',(1.E0,0.E0,0.E0));
#935=VECTOR('',#934,2.25E-1);
#936=CARTESIAN_POINT('',(-1.705E0,4.5E-1,0.E0));
#937=LINE('',#936,#935);
#938=DIRECTION('',(0.E0,1.E0,0.E0));
#939=VECTOR('',#938,6.E-1);
#940=CARTESIAN_POINT('',(-1.48E0,4.5E-1,0.E0));
#941=LINE('',#940,#939);
#942=DIRECTION('',(-1.E0,0.E0,0.E0));
#943=VECTOR('',#942,2.25E-1);
#944=CARTESIAN_POINT('',(-1.48E0,1.05E0,0.E0));
#945=LINE('',#944,#943);
#946=DIRECTION('',(0.E0,1.E0,0.E0));
#947=VECTOR('',#946,4.5E-1);
#948=CARTESIAN_POINT('',(-1.705E0,1.05E0,0.E0));
#949=LINE('',#948,#947);
#950=DIRECTION('',(-1.E0,0.E0,0.E0));
#951=VECTOR('',#950,4.E-1);
#952=CARTESIAN_POINT('',(-1.705E0,1.5E0,0.E0));
#953=LINE('',#952,#951);
#954=DIRECTION('',(0.E0,-1.E0,0.E0));
#955=VECTOR('',#954,4.5E-1);
#956=CARTESIAN_POINT('',(-2.105E0,1.5E0,0.E0));
#957=LINE('',#956,#955);
#958=DIRECTION('',(-1.E0,0.E0,0.E0));
#959=VECTOR('',#958,2.25E-1);
#960=CARTESIAN_POINT('',(-2.105E0,1.05E0,0.E0));
#961=LINE('',#960,#959);
#962=DIRECTION('',(0.E0,-1.E0,0.E0));
#963=VECTOR('',#962,6.E-1);
#964=CARTESIAN_POINT('',(-2.33E0,1.05E0,0.E0));
#965=LINE('',#964,#963);
#966=DIRECTION('',(1.E0,0.E0,0.E0));
#967=VECTOR('',#966,2.25E-1);
#968=CARTESIAN_POINT('',(-2.33E0,4.5E-1,0.E0));
#969=LINE('',#968,#967);
#970=DIRECTION('',(0.E0,-1.E0,0.E0));
#971=VECTOR('',#970,4.5E-1);
#972=CARTESIAN_POINT('',(-2.105E0,4.5E-1,0.E0));
#973=LINE('',#972,#971);
#974=DIRECTION('',(0.E0,1.E0,0.E0));
#975=VECTOR('',#974,6.E-1);
#976=CARTESIAN_POINT('',(-2.75E0,-1.05E0,0.E0));
#977=LINE('',#976,#975);
#978=DIRECTION('',(-1.E0,0.E0,0.E0));
#979=VECTOR('',#978,2.25E-1);
#980=CARTESIAN_POINT('',(-2.75E0,-4.5E-1,0.E0));
#981=LINE('',#980,#979);
#982=DIRECTION('',(0.E0,1.E0,0.E0));
#983=VECTOR('',#982,4.5E-1);
#984=CARTESIAN_POINT('',(-2.975E0,-4.5E-1,0.E0));
#985=LINE('',#984,#983);
#986=DIRECTION('',(-1.E0,0.E0,0.E0));
#987=VECTOR('',#986,4.E-1);
#988=CARTESIAN_POINT('',(-2.975E0,0.E0,0.E0));
#989=LINE('',#988,#987);
#990=DIRECTION('',(0.E0,-1.E0,0.E0));
#991=VECTOR('',#990,4.5E-1);
#992=CARTESIAN_POINT('',(-3.375E0,0.E0,0.E0));
#993=LINE('',#992,#991);
#994=DIRECTION('',(-1.E0,0.E0,0.E0));
#995=VECTOR('',#994,2.25E-1);
#996=CARTESIAN_POINT('',(-3.375E0,-4.5E-1,0.E0));
#997=LINE('',#996,#995);
#998=DIRECTION('',(0.E0,-1.E0,0.E0));
#999=VECTOR('',#998,6.E-1);
#1000=CARTESIAN_POINT('',(-3.6E0,-4.5E-1,0.E0));
#1001=LINE('',#1000,#999);
#1002=DIRECTION('',(1.E0,0.E0,0.E0));
#1003=VECTOR('',#1002,2.25E-1);
#1004=CARTESIAN_POINT('',(-3.6E0,-1.05E0,0.E0));
#1005=LINE('',#1004,#1003);
#1006=DIRECTION('',(0.E0,-1.E0,0.E0));
#1007=VECTOR('',#1006,4.5E-1);
#1008=CARTESIAN_POINT('',(-3.375E0,-1.05E0,0.E0));
#1009=LINE('',#1008,#1007);
#1010=DIRECTION('',(1.E0,0.E0,0.E0));
#1011=VECTOR('',#1010,4.E-1);
#1012=CARTESIAN_POINT('',(-3.375E0,-1.5E0,0.E0));
#1013=LINE('',#1012,#1011);
#1014=DIRECTION('',(0.E0,1.E0,0.E0));
#1015=VECTOR('',#1014,4.5E-1);
#1016=CARTESIAN_POINT('',(-2.975E0,-1.5E0,0.E0));
#1017=LINE('',#1016,#1015);
#1018=DIRECTION('',(1.E0,0.E0,0.E0));
#1019=VECTOR('',#1018,2.25E-1);
#1020=CARTESIAN_POINT('',(-2.975E0,-1.05E0,0.E0));
#1021=LINE('',#1020,#1019);
#1022=DIRECTION('',(1.E0,0.E0,0.E0));
#1023=VECTOR('',#1022,4.E-1);
#1024=CARTESIAN_POINT('',(-4.645E0,0.E0,0.E0));
#1025=LINE('',#1024,#1023);
#1026=DIRECTION('',(0.E0,1.E0,0.E0));
#1027=VECTOR('',#1026,4.5E-1);
#1028=CARTESIAN_POINT('',(-4.245E0,0.E0,0.E0));
#1029=LINE('',#1028,#1027);
#1030=DIRECTION('',(1.E0,0.E0,0.E0));
#1031=VECTOR('',#1030,2.25E-1);
#1032=CARTESIAN_POINT('',(-4.245E0,4.5E-1,0.E0));
#1033=LINE('',#1032,#1031);
#1034=DIRECTION('',(0.E0,1.E0,0.E0));
#1035=VECTOR('',#1034,6.E-1);
#1036=CARTESIAN_POINT('',(-4.02E0,4.5E-1,0.E0));
#1037=LINE('',#1036,#1035);
#1038=DIRECTION('',(-1.E0,0.E0,0.E0));
#1039=VECTOR('',#1038,2.25E-1);
#1040=CARTESIAN_POINT('',(-4.02E0,1.05E0,0.E0));
#1041=LINE('',#1040,#1039);
#1042=DIRECTION('',(0.E0,1.E0,0.E0));
#1043=VECTOR('',#1042,4.5E-1);
#1044=CARTESIAN_POINT('',(-4.245E0,1.05E0,0.E0));
#1045=LINE('',#1044,#1043);
#1046=DIRECTION('',(-1.E0,0.E0,0.E0));
#1047=VECTOR('',#1046,4.E-1);
#1048=CARTESIAN_POINT('',(-4.245E0,1.5E0,0.E0));
#1049=LINE('',#1048,#1047);
#1050=DIRECTION('',(0.E0,-1.E0,0.E0));
#1051=VECTOR('',#1050,4.5E-1);
#1052=CARTESIAN_POINT('',(-4.645E0,1.5E0,0.E0));
#1053=LINE('',#1052,#1051);
#1054=DIRECTION('',(-1.E0,0.E0,0.E0));
#1055=VECTOR('',#1054,2.25E-1);
#1056=CARTESIAN_POINT('',(-4.645E0,1.05E0,0.E0));
#1057=LINE('',#1056,#1055);
#1058=DIRECTION('',(0.E0,-1.E0,0.E0));
#1059=VECTOR('',#1058,6.E-1);
#1060=CARTESIAN_POINT('',(-4.87E0,1.05E0,0.E0));
#1061=LINE('',#1060,#1059);
#1062=DIRECTION('',(1.E0,0.E0,0.E0));
#1063=VECTOR('',#1062,2.25E-1);
#1064=CARTESIAN_POINT('',(-4.87E0,4.5E-1,0.E0));
#1065=LINE('',#1064,#1063);
#1066=DIRECTION('',(0.E0,-1.E0,0.E0));
#1067=VECTOR('',#1066,4.5E-1);
#1068=CARTESIAN_POINT('',(-4.645E0,4.5E-1,0.E0));
#1069=LINE('',#1068,#1067);
#1070=DIRECTION('',(0.E0,0.E0,1.E0));
#1071=VECTOR('',#1070,1.6E0);
#1072=CARTESIAN_POINT('',(5.345E0,-1.3E0,-3.5E0));
#1073=LINE('',#1072,#1071);
#1074=DIRECTION('',(0.E0,1.E0,0.E0));
#1075=VECTOR('',#1074,2.E-1);
#1076=CARTESIAN_POINT('',(5.345E0,1.3E0,-3.5E0));
#1077=LINE('',#1076,#1075);
#1078=DIRECTION('',(0.E0,1.E0,0.E0));
#1079=VECTOR('',#1078,2.E-1);
#1080=CARTESIAN_POINT('',(5.345E0,-1.5E0,-3.5E0));
#1081=LINE('',#1080,#1079);
#1082=DIRECTION('',(0.E0,0.E0,1.E0));
#1083=VECTOR('',#1082,1.E0);
#1084=CARTESIAN_POINT('',(6.865E0,-1.3E0,-3.5E0));
#1085=LINE('',#1084,#1083);
#1086=DIRECTION('',(0.E0,1.E0,0.E0));
#1087=VECTOR('',#1086,3.561689107960E-1);
#1088=CARTESIAN_POINT('',(-4.57E0,-1.856168910796E0,-3.5E0));
#1089=LINE('',#1088,#1087);
#1090=DIRECTION('',(0.E0,1.E0,0.E0));
#1091=VECTOR('',#1090,2.E-1);
#1092=CARTESIAN_POINT('',(-6.045E0,-1.5E0,-3.5E0));
#1093=LINE('',#1092,#1091);
#1094=DIRECTION('',(-1.E0,0.E0,0.E0));
#1095=VECTOR('',#1094,8.2E-1);
#1096=CARTESIAN_POINT('',(-6.045E0,-1.3E0,-3.5E0));
#1097=LINE('',#1096,#1095);
#1098=DIRECTION('',(1.E0,0.E0,0.E0));
#1099=VECTOR('',#1098,1.463E1);
#1100=CARTESIAN_POINT('',(-7.315E0,-2.5E0,-3.5E0));
#1101=LINE('',#1100,#1099);
#1102=DIRECTION('',(0.E0,1.E0,0.E0));
#1103=VECTOR('',#1102,5.E0);
#1104=CARTESIAN_POINT('',(7.315E0,-2.5E0,-3.5E0));
#1105=LINE('',#1104,#1103);
#1106=DIRECTION('',(1.E0,0.E0,0.E0));
#1107=VECTOR('',#1106,4.5E-1);
#1108=CARTESIAN_POINT('',(-7.315E0,1.5E0,-3.5E0));
#1109=LINE('',#1108,#1107);
#1110=DIRECTION('',(1.E0,0.E0,0.E0));
#1111=VECTOR('',#1110,8.2E-1);
#1112=CARTESIAN_POINT('',(-6.865E0,1.3E0,-3.5E0));
#1113=LINE('',#1112,#1111);
#1114=DIRECTION('',(0.E0,1.E0,0.E0));
#1115=VECTOR('',#1114,2.E-1);
#1116=CARTESIAN_POINT('',(-6.045E0,1.3E0,-3.5E0));
#1117=LINE('',#1116,#1115);
#1118=DIRECTION('',(1.E0,0.E0,0.E0));
#1119=VECTOR('',#1118,1.475E0);
#1120=CARTESIAN_POINT('',(-6.045E0,1.5E0,-3.5E0));
#1121=LINE('',#1120,#1119);
#1122=DIRECTION('',(0.E0,1.E0,0.E0));
#1123=VECTOR('',#1122,5.25E-1);
#1124=CARTESIAN_POINT('',(-4.57E0,1.5E0,-3.5E0));
#1125=LINE('',#1124,#1123);
#1126=DIRECTION('',(1.E0,0.E0,0.E0));
#1127=VECTOR('',#1126,2.5E-1);
#1128=CARTESIAN_POINT('',(-4.57E0,2.025E0,-3.5E0));
#1129=LINE('',#1128,#1127);
#1130=DIRECTION('',(0.E0,1.E0,0.E0));
#1131=VECTOR('',#1130,5.25E-1);
#1132=CARTESIAN_POINT('',(-4.32E0,1.5E0,-3.5E0));
#1133=LINE('',#1132,#1131);
#1134=DIRECTION('',(1.E0,0.E0,0.E0));
#1135=VECTOR('',#1134,1.02E0);
#1136=CARTESIAN_POINT('',(-4.32E0,1.5E0,-3.5E0));
#1137=LINE('',#1136,#1135);
#1138=DIRECTION('',(0.E0,1.E0,0.E0));
#1139=VECTOR('',#1138,3.629168699187E-1);
#1140=CARTESIAN_POINT('',(-3.3E0,1.5E0,-3.5E0));
#1141=LINE('',#1140,#1139);
#1142=DIRECTION('',(1.E0,0.E0,0.E0));
#1143=VECTOR('',#1142,2.5E-1);
#1144=CARTESIAN_POINT('',(-3.3E0,1.862916869919E0,-3.5E0));
#1145=LINE('',#1144,#1143);
#1146=DIRECTION('',(0.E0,1.E0,0.E0));
#1147=VECTOR('',#1146,3.629168699187E-1);
#1148=CARTESIAN_POINT('',(-3.05E0,1.5E0,-3.5E0));
#1149=LINE('',#1148,#1147);
#1150=DIRECTION('',(1.E0,0.E0,0.E0));
#1151=VECTOR('',#1150,1.02E0);
#1152=CARTESIAN_POINT('',(-3.05E0,1.5E0,-3.5E0));
#1153=LINE('',#1152,#1151);
#1154=DIRECTION('',(0.E0,1.E0,0.E0));
#1155=VECTOR('',#1154,5.25E-1);
#1156=CARTESIAN_POINT('',(-2.03E0,1.5E0,-3.5E0));
#1157=LINE('',#1156,#1155);
#1158=DIRECTION('',(1.E0,0.E0,0.E0));
#1159=VECTOR('',#1158,2.5E-1);
#1160=CARTESIAN_POINT('',(-2.03E0,2.025E0,-3.5E0));
#1161=LINE('',#1160,#1159);
#1162=DIRECTION('',(0.E0,1.E0,0.E0));
#1163=VECTOR('',#1162,5.25E-1);
#1164=CARTESIAN_POINT('',(-1.78E0,1.5E0,-3.5E0));
#1165=LINE('',#1164,#1163);
#1166=DIRECTION('',(1.E0,0.E0,0.E0));
#1167=VECTOR('',#1166,1.02E0);
#1168=CARTESIAN_POINT('',(-1.78E0,1.5E0,-3.5E0));
#1169=LINE('',#1168,#1167);
#1170=DIRECTION('',(0.E0,1.E0,0.E0));
#1171=VECTOR('',#1170,3.629168699187E-1);
#1172=CARTESIAN_POINT('',(-7.6E-1,1.5E0,-3.5E0));
#1173=LINE('',#1172,#1171);
#1174=DIRECTION('',(1.E0,0.E0,0.E0));
#1175=VECTOR('',#1174,2.5E-1);
#1176=CARTESIAN_POINT('',(-7.6E-1,1.862916869919E0,-3.5E0));
#1177=LINE('',#1176,#1175);
#1178=DIRECTION('',(0.E0,1.E0,0.E0));
#1179=VECTOR('',#1178,3.629168699187E-1);
#1180=CARTESIAN_POINT('',(-5.1E-1,1.5E0,-3.5E0));
#1181=LINE('',#1180,#1179);
#1182=DIRECTION('',(1.E0,0.E0,0.E0));
#1183=VECTOR('',#1182,1.02E0);
#1184=CARTESIAN_POINT('',(-5.1E-1,1.5E0,-3.5E0));
#1185=LINE('',#1184,#1183);
#1186=DIRECTION('',(0.E0,1.E0,0.E0));
#1187=VECTOR('',#1186,5.25E-1);
#1188=CARTESIAN_POINT('',(5.1E-1,1.5E0,-3.5E0));
#1189=LINE('',#1188,#1187);
#1190=DIRECTION('',(1.E0,0.E0,0.E0));
#1191=VECTOR('',#1190,2.5E-1);
#1192=CARTESIAN_POINT('',(5.1E-1,2.025E0,-3.5E0));
#1193=LINE('',#1192,#1191);
#1194=DIRECTION('',(0.E0,1.E0,0.E0));
#1195=VECTOR('',#1194,5.25E-1);
#1196=CARTESIAN_POINT('',(7.6E-1,1.5E0,-3.5E0));
#1197=LINE('',#1196,#1195);
#1198=DIRECTION('',(1.E0,0.E0,0.E0));
#1199=VECTOR('',#1198,1.02E0);
#1200=CARTESIAN_POINT('',(7.6E-1,1.5E0,-3.5E0));
#1201=LINE('',#1200,#1199);
#1202=DIRECTION('',(0.E0,1.E0,0.E0));
#1203=VECTOR('',#1202,3.629168699187E-1);
#1204=CARTESIAN_POINT('',(1.78E0,1.5E0,-3.5E0));
#1205=LINE('',#1204,#1203);
#1206=DIRECTION('',(1.E0,0.E0,0.E0));
#1207=VECTOR('',#1206,2.5E-1);
#1208=CARTESIAN_POINT('',(1.78E0,1.862916869919E0,-3.5E0));
#1209=LINE('',#1208,#1207);
#1210=DIRECTION('',(0.E0,1.E0,0.E0));
#1211=VECTOR('',#1210,3.629168699187E-1);
#1212=CARTESIAN_POINT('',(2.03E0,1.5E0,-3.5E0));
#1213=LINE('',#1212,#1211);
#1214=DIRECTION('',(1.E0,0.E0,0.E0));
#1215=VECTOR('',#1214,1.02E0);
#1216=CARTESIAN_POINT('',(2.03E0,1.5E0,-3.5E0));
#1217=LINE('',#1216,#1215);
#1218=DIRECTION('',(0.E0,1.E0,0.E0));
#1219=VECTOR('',#1218,5.25E-1);
#1220=CARTESIAN_POINT('',(3.05E0,1.5E0,-3.5E0));
#1221=LINE('',#1220,#1219);
#1222=DIRECTION('',(1.E0,0.E0,0.E0));
#1223=VECTOR('',#1222,2.5E-1);
#1224=CARTESIAN_POINT('',(3.05E0,2.025E0,-3.5E0));
#1225=LINE('',#1224,#1223);
#1226=DIRECTION('',(0.E0,1.E0,0.E0));
#1227=VECTOR('',#1226,5.25E-1);
#1228=CARTESIAN_POINT('',(3.3E0,1.5E0,-3.5E0));
#1229=LINE('',#1228,#1227);
#1230=DIRECTION('',(1.E0,0.E0,0.E0));
#1231=VECTOR('',#1230,1.02E0);
#1232=CARTESIAN_POINT('',(3.3E0,1.5E0,-3.5E0));
#1233=LINE('',#1232,#1231);
#1234=DIRECTION('',(0.E0,1.E0,0.E0));
#1235=VECTOR('',#1234,3.629168699187E-1);
#1236=CARTESIAN_POINT('',(4.32E0,1.5E0,-3.5E0));
#1237=LINE('',#1236,#1235);
#1238=DIRECTION('',(1.E0,0.E0,0.E0));
#1239=VECTOR('',#1238,2.5E-1);
#1240=CARTESIAN_POINT('',(4.32E0,1.862916869919E0,-3.5E0));
#1241=LINE('',#1240,#1239);
#1242=DIRECTION('',(0.E0,1.E0,0.E0));
#1243=VECTOR('',#1242,3.629168699187E-1);
#1244=CARTESIAN_POINT('',(4.57E0,1.5E0,-3.5E0));
#1245=LINE('',#1244,#1243);
#1246=DIRECTION('',(1.E0,0.E0,0.E0));
#1247=VECTOR('',#1246,7.75E-1);
#1248=CARTESIAN_POINT('',(4.57E0,1.5E0,-3.5E0));
#1249=LINE('',#1248,#1247);
#1250=DIRECTION('',(1.E0,0.E0,0.E0));
#1251=VECTOR('',#1250,1.52E0);
#1252=CARTESIAN_POINT('',(5.345E0,1.3E0,-3.5E0));
#1253=LINE('',#1252,#1251);
#1254=DIRECTION('',(0.E0,-1.E0,0.E0));
#1255=VECTOR('',#1254,2.6E0);
#1256=CARTESIAN_POINT('',(6.865E0,1.3E0,-3.5E0));
#1257=LINE('',#1256,#1255);
#1258=DIRECTION('',(-1.E0,0.E0,0.E0));
#1259=VECTOR('',#1258,1.52E0);
#1260=CARTESIAN_POINT('',(6.865E0,-1.3E0,-3.5E0));
#1261=LINE('',#1260,#1259);
#1262=DIRECTION('',(0.E0,1.E0,0.E0));
#1263=VECTOR('',#1262,1.1E-1);
#1264=CARTESIAN_POINT('',(4.57E0,-1.61E0,-3.5E0));
#1265=LINE('',#1264,#1263);
#1266=DIRECTION('',(1.E0,0.E0,0.E0));
#1267=VECTOR('',#1266,2.5E-1);
#1268=CARTESIAN_POINT('',(4.32E0,-1.61E0,-3.5E0));
#1269=LINE('',#1268,#1267);
#1270=DIRECTION('',(0.E0,1.E0,0.E0));
#1271=VECTOR('',#1270,1.1E-1);
#1272=CARTESIAN_POINT('',(4.32E0,-1.61E0,-3.5E0));
#1273=LINE('',#1272,#1271);
#1274=DIRECTION('',(0.E0,1.E0,0.E0));
#1275=VECTOR('',#1274,3.561689107960E-1);
#1276=CARTESIAN_POINT('',(3.3E0,-1.856168910796E0,-3.5E0));
#1277=LINE('',#1276,#1275);
#1278=DIRECTION('',(1.E0,0.E0,0.E0));
#1279=VECTOR('',#1278,2.5E-1);
#1280=CARTESIAN_POINT('',(3.05E0,-1.856168910796E0,-3.5E0));
#1281=LINE('',#1280,#1279);
#1282=DIRECTION('',(0.E0,1.E0,0.E0));
#1283=VECTOR('',#1282,3.561689107960E-1);
#1284=CARTESIAN_POINT('',(3.05E0,-1.856168910796E0,-3.5E0));
#1285=LINE('',#1284,#1283);
#1286=DIRECTION('',(0.E0,1.E0,0.E0));
#1287=VECTOR('',#1286,1.1E-1);
#1288=CARTESIAN_POINT('',(2.03E0,-1.61E0,-3.5E0));
#1289=LINE('',#1288,#1287);
#1290=DIRECTION('',(1.E0,0.E0,0.E0));
#1291=VECTOR('',#1290,2.5E-1);
#1292=CARTESIAN_POINT('',(1.78E0,-1.61E0,-3.5E0));
#1293=LINE('',#1292,#1291);
#1294=DIRECTION('',(0.E0,1.E0,0.E0));
#1295=VECTOR('',#1294,1.1E-1);
#1296=CARTESIAN_POINT('',(1.78E0,-1.61E0,-3.5E0));
#1297=LINE('',#1296,#1295);
#1298=DIRECTION('',(0.E0,1.E0,0.E0));
#1299=VECTOR('',#1298,3.561689107960E-1);
#1300=CARTESIAN_POINT('',(7.6E-1,-1.856168910796E0,-3.5E0));
#1301=LINE('',#1300,#1299);
#1302=DIRECTION('',(1.E0,0.E0,0.E0));
#1303=VECTOR('',#1302,2.5E-1);
#1304=CARTESIAN_POINT('',(5.1E-1,-1.856168910796E0,-3.5E0));
#1305=LINE('',#1304,#1303);
#1306=DIRECTION('',(0.E0,1.E0,0.E0));
#1307=VECTOR('',#1306,3.561689107960E-1);
#1308=CARTESIAN_POINT('',(5.1E-1,-1.856168910796E0,-3.5E0));
#1309=LINE('',#1308,#1307);
#1310=DIRECTION('',(0.E0,1.E0,0.E0));
#1311=VECTOR('',#1310,1.1E-1);
#1312=CARTESIAN_POINT('',(-5.1E-1,-1.61E0,-3.5E0));
#1313=LINE('',#1312,#1311);
#1314=DIRECTION('',(1.E0,0.E0,0.E0));
#1315=VECTOR('',#1314,2.5E-1);
#1316=CARTESIAN_POINT('',(-7.6E-1,-1.61E0,-3.5E0));
#1317=LINE('',#1316,#1315);
#1318=DIRECTION('',(0.E0,1.E0,0.E0));
#1319=VECTOR('',#1318,1.1E-1);
#1320=CARTESIAN_POINT('',(-7.6E-1,-1.61E0,-3.5E0));
#1321=LINE('',#1320,#1319);
#1322=DIRECTION('',(0.E0,1.E0,0.E0));
#1323=VECTOR('',#1322,3.561689107960E-1);
#1324=CARTESIAN_POINT('',(-1.78E0,-1.856168910796E0,-3.5E0));
#1325=LINE('',#1324,#1323);
#1326=DIRECTION('',(1.E0,0.E0,0.E0));
#1327=VECTOR('',#1326,2.5E-1);
#1328=CARTESIAN_POINT('',(-2.03E0,-1.856168910796E0,-3.5E0));
#1329=LINE('',#1328,#1327);
#1330=DIRECTION('',(0.E0,1.E0,0.E0));
#1331=VECTOR('',#1330,3.561689107960E-1);
#1332=CARTESIAN_POINT('',(-2.03E0,-1.856168910796E0,-3.5E0));
#1333=LINE('',#1332,#1331);
#1334=DIRECTION('',(0.E0,1.E0,0.E0));
#1335=VECTOR('',#1334,1.1E-1);
#1336=CARTESIAN_POINT('',(-3.05E0,-1.61E0,-3.5E0));
#1337=LINE('',#1336,#1335);
#1338=DIRECTION('',(1.E0,0.E0,0.E0));
#1339=VECTOR('',#1338,2.5E-1);
#1340=CARTESIAN_POINT('',(-3.3E0,-1.61E0,-3.5E0));
#1341=LINE('',#1340,#1339);
#1342=DIRECTION('',(0.E0,1.E0,0.E0));
#1343=VECTOR('',#1342,1.1E-1);
#1344=CARTESIAN_POINT('',(-3.3E0,-1.61E0,-3.5E0));
#1345=LINE('',#1344,#1343);
#1346=DIRECTION('',(0.E0,1.E0,0.E0));
#1347=VECTOR('',#1346,3.561689107960E-1);
#1348=CARTESIAN_POINT('',(-4.32E0,-1.856168910796E0,-3.5E0));
#1349=LINE('',#1348,#1347);
#1350=DIRECTION('',(1.E0,0.E0,0.E0));
#1351=VECTOR('',#1350,2.5E-1);
#1352=CARTESIAN_POINT('',(-4.57E0,-1.856168910796E0,-3.5E0));
#1353=LINE('',#1352,#1351);
#1354=DIRECTION('',(0.E0,0.E0,1.E0));
#1355=VECTOR('',#1354,5.E-2);
#1356=CARTESIAN_POINT('',(-4.57E0,2.025E0,-3.55E0));
#1357=LINE('',#1356,#1355);
#1358=DIRECTION('',(0.E0,1.E0,0.E0));
#1359=VECTOR('',#1358,8.860389693211E-2);
#1360=CARTESIAN_POINT('',(-4.57E0,1.5E0,-3.8E0));
#1361=LINE('',#1360,#1359);
#1362=CARTESIAN_POINT('',(-4.57E0,1.588603896932E0,-3.35E0));
#1363=DIRECTION('',(1.E0,0.E0,0.E0));
#1364=DIRECTION('',(0.E0,0.E0,-1.E0));
#1365=AXIS2_PLACEMENT_3D('',#1362,#1363,#1364);
#1367=DIRECTION('',(0.E0,7.071067811865E-1,7.071067811865E-1));
#1368=VECTOR('',#1367,1.671572875254E-1);
#1369=CARTESIAN_POINT('',(-4.57E0,1.906801948466E0,-3.668198051534E0));
#1370=LINE('',#1369,#1368);
#1371=CARTESIAN_POINT('',(-4.57E0,-2.285E0,-3.242893218813E0));
#1372=DIRECTION('',(-1.E0,0.E0,0.E0));
#1373=DIRECTION('',(0.E0,8.576621784080E-1,-5.142135623731E-1));
#1374=AXIS2_PLACEMENT_3D('',#1371,#1372,#1373);
#1376=DIRECTION('',(0.E0,-7.071067811865E-1,-7.071067811865E-1));
#1377=VECTOR('',#1376,1.023259018078E0);
#1378=CARTESIAN_POINT('',(-4.57E0,-1.931446609407E0,-3.596446609407E0));
#1379=LINE('',#1378,#1377);
#1380=DIRECTION('',(0.E0,0.E0,-1.E0));
#1381=VECTOR('',#1380,5.3E-1);
#1382=CARTESIAN_POINT('',(-4.57E0,-2.655E0,-4.32E0));
#1383=LINE('',#1382,#1381);
#1384=DIRECTION('',(0.E0,1.E0,0.E0));
#1385=VECTOR('',#1384,6.E-1);
#1386=CARTESIAN_POINT('',(-4.57E0,-2.655E0,-4.85E0));
#1387=LINE('',#1386,#1385);
#1388=DIRECTION('',(0.E0,0.E0,1.E0));
#1389=VECTOR('',#1388,5.E-2);
#1390=CARTESIAN_POINT('',(-4.57E0,-2.055E0,-4.85E0));
#1391=LINE('',#1390,#1389);
#1392=CARTESIAN_POINT('',(-4.57E0,-1.905E0,-4.8E0));
#1393=DIRECTION('',(-1.E0,0.E0,0.E0));
#1394=DIRECTION('',(0.E0,-1.E0,0.E0));
#1395=AXIS2_PLACEMENT_3D('',#1392,#1393,#1394);
#1397=DIRECTION('',(0.E0,2.588190451023E-1,-9.659258262891E-1));
#1398=VECTOR('',#1397,8.038475772928E-2);
#1399=CARTESIAN_POINT('',(-4.57E0,-1.760111126057E0,-4.761177143235E0));
#1400=LINE('',#1399,#1398);
#1401=CARTESIAN_POINT('',(-4.57E0,-1.594417145877E0,-4.8E0));
#1402=DIRECTION('',(1.E0,0.E0,0.E0));
#1403=DIRECTION('',(0.E0,-9.659258262891E-1,-2.588190451025E-1));
#1404=AXIS2_PLACEMENT_3D('',#1401,#1402,#1403);
#1406=DIRECTION('',(0.E0,1.E0,0.E0));
#1407=VECTOR('',#1406,9.441714587699E-2);
#1408=CARTESIAN_POINT('',(-4.57E0,-1.594417145877E0,-4.95E0));
#1409=LINE('',#1408,#1407);
#1410=DIRECTION('',(0.E0,-9.986740376831E-1,5.147976746091E-2));
#1411=VECTOR('',#1410,1.216613183235E0);
#1412=CARTESIAN_POINT('',(-4.57E0,2.715E0,-4.361338911258E0));
#1413=LINE('',#1412,#1411);
#1414=DIRECTION('',(0.E0,7.319381403809E-1,-6.813710873348E-1));
#1415=VECTOR('',#1414,2.789239679652E-1);
#1416=CARTESIAN_POINT('',(-4.57E0,1.127900463883E0,-5.E0));
#1417=LINE('',#1416,#1415);
#1418=DIRECTION('',(0.E0,9.986740376831E-1,-5.147976746091E-2));
#1419=VECTOR('',#1418,1.977845028554E0);
#1420=CARTESIAN_POINT('',(-4.57E0,1.332055554303E0,-5.190050727336E0));
#1421=LINE('',#1420,#1419);
#1422=CARTESIAN_POINT('',(-4.57E0,3.315E0,-5.142068623827E0));
#1423=DIRECTION('',(1.E0,0.E0,0.E0));
#1424=DIRECTION('',(0.E0,-5.147976746091E-2,-9.986740376831E-1));
#1425=AXIS2_PLACEMENT_3D('',#1422,#1423,#1424);
#1427=DIRECTION('',(0.E0,0.E0,1.E0));
#1428=VECTOR('',#1427,4.505974752723E-1);
#1429=CARTESIAN_POINT('',(-4.57E0,3.465E0,-5.142068623827E0));
#1430=LINE('',#1429,#1428);
#1431=CARTESIAN_POINT('',(-4.57E0,3.315E0,-4.691471148555E0));
#1432=DIRECTION('',(1.E0,0.E0,0.E0));
#1433=DIRECTION('',(0.E0,1.E0,0.E0));
#1434=AXIS2_PLACEMENT_3D('',#1431,#1432,#1433);
#1436=DIRECTION('',(0.E0,-9.986740376831E-1,5.147976746091E-2));
#1437=VECTOR('',#1436,4.662043005677E-1);
#1438=CARTESIAN_POINT('',(-4.57E0,3.322721965119E0,-4.541670042903E0));
#1439=LINE('',#1438,#1437);
#1440=CARTESIAN_POINT('',(-4.57E0,2.864857799005E0,-4.367868848268E0));
#1441=DIRECTION('',(-1.E0,0.E0,0.E0));
#1442=DIRECTION('',(0.E0,-5.147976746054E-2,-9.986740376831E-1));
#1443=AXIS2_PLACEMENT_3D('',#1440,#1441,#1442);
#1445=DIRECTION('',(0.E0,-9.986740376831E-1,5.147976746091E-2));
#1446=VECTOR('',#1445,1.313071698185E0);
#1447=CARTESIAN_POINT('',(-4.57E0,6.986086494748E-1,-4.257397731335E0));
#1448=LINE('',#1447,#1446);
#1449=CARTESIAN_POINT('',(-4.57E0,-6.05E-1,-4.04E0));
#1450=DIRECTION('',(-1.E0,0.E0,0.E0));
#1451=DIRECTION('',(0.E0,-5.147976746091E-2,-9.986740376831E-1));
#1452=AXIS2_PLACEMENT_3D('',#1449,#1450,#1451);
#1454=CARTESIAN_POINT('',(-4.57E0,-1.137544378350E0,-4.8E0));
#1455=DIRECTION('',(1.E0,0.E0,0.E0));
#1456=DIRECTION('',(0.E0,2.842215301682E-1,-9.587586358353E-1));
#1457=AXIS2_PLACEMENT_3D('',#1454,#1455,#1456);
#1459=DIRECTION('',(0.E0,2.588190451016E-1,9.659258262893E-1));
#1460=VECTOR('',#1459,4.932647231673E-2);
#1461=CARTESIAN_POINT('',(-4.57E0,-9.926555044066E-1,-4.838822856765E0));
#1462=LINE('',#1461,#1460);
#1463=CARTESIAN_POINT('',(-4.57E0,-8.35E-1,-4.83E0));
#1464=DIRECTION('',(-1.E0,0.E0,0.E0));
#1465=DIRECTION('',(0.E0,-9.659258262893E-1,2.588190451016E-1));
#1466=AXIS2_PLACEMENT_3D('',#1463,#1464,#1465);
#1468=DIRECTION('',(0.E0,2.931914799009E-1,-9.560537412267E-1));
#1469=VECTOR('',#1468,6.072186179735E-2);
#1470=CARTESIAN_POINT('',(-4.57E0,-6.915919388160E-1,-4.786021278015E0));
#1471=LINE('',#1470,#1469);
#1472=CARTESIAN_POINT('',(-4.57E0,-5.303807451093E-1,-4.800095919175E0));
#1473=DIRECTION('',(1.E0,0.E0,0.E0));
#1474=DIRECTION('',(0.E0,-9.560537412266E-1,-2.931914799010E-1));
#1475=AXIS2_PLACEMENT_3D('',#1472,#1473,#1474);
#1477=DIRECTION('',(0.E0,9.993605388313E-1,3.575630611351E-2));
#1478=VECTOR('',#1477,1.541002710587E0);
#1479=CARTESIAN_POINT('',(-4.57E0,-5.250172991923E-1,-4.95E0));
#1480=LINE('',#1479,#1478);
#1481=DIRECTION('',(0.E0,7.319381403809E-1,-6.813710873348E-1));
#1482=VECTOR('',#1481,1.526234832423E-1);
#1483=CARTESIAN_POINT('',(-4.57E0,1.015E0,-4.894899435359E0));
#1484=LINE('',#1483,#1482);
#1485=DIRECTION('',(1.E0,0.E0,0.E0));
#1486=VECTOR('',#1485,2.5E-1);
#1487=CARTESIAN_POINT('',(-4.57E0,2.025E0,-3.55E0));
#1488=LINE('',#1487,#1486);
#1489=DIRECTION('',(1.E0,0.E0,0.E0));
#1490=VECTOR('',#1489,2.5E-1);
#1491=CARTESIAN_POINT('',(-4.57E0,1.906801948466E0,-3.668198051534E0));
#1492=LINE('',#1491,#1490);
#1493=DIRECTION('',(1.E0,0.E0,0.E0));
#1494=VECTOR('',#1493,2.5E-1);
#1495=CARTESIAN_POINT('',(-4.57E0,1.588603896932E0,-3.8E0));
#1496=LINE('',#1495,#1494);
#1497=DIRECTION('',(0.E0,0.E0,1.E0));
#1498=VECTOR('',#1497,1.5E0);
#1499=CARTESIAN_POINT('',(-6.865E0,1.5E0,-5.E0));
#1500=LINE('',#1499,#1498);
#1501=DIRECTION('',(1.E0,0.E0,0.E0));
#1502=VECTOR('',#1501,4.5E-1);
#1503=CARTESIAN_POINT('',(-7.315E0,1.5E0,-5.E0));
#1504=LINE('',#1503,#1502);
#1505=DIRECTION('',(0.E0,0.E0,1.E0));
#1506=VECTOR('',#1505,7.012920525053E-1);
#1507=CARTESIAN_POINT('',(-4.57E0,1.5E0,-5.E0));
#1508=LINE('',#1507,#1506);
#1509=DIRECTION('',(1.E0,0.E0,0.E0));
#1510=VECTOR('',#1509,2.5E-1);
#1511=CARTESIAN_POINT('',(-4.57E0,1.5E0,-4.298707947495E0));
#1512=LINE('',#1511,#1510);
#1513=DIRECTION('',(0.E0,0.E0,1.E0));
#1514=VECTOR('',#1513,7.012920525053E-1);
#1515=CARTESIAN_POINT('',(-4.32E0,1.5E0,-5.E0));
#1516=LINE('',#1515,#1514);
#1517=DIRECTION('',(1.E0,0.E0,0.E0));
#1518=VECTOR('',#1517,2.29E0);
#1519=CARTESIAN_POINT('',(-4.32E0,1.5E0,-5.E0));
#1520=LINE('',#1519,#1518);
#1521=DIRECTION('',(0.E0,0.E0,1.E0));
#1522=VECTOR('',#1521,7.012920525053E-1);
#1523=CARTESIAN_POINT('',(-2.03E0,1.5E0,-5.E0));
#1524=LINE('',#1523,#1522);
#1525=DIRECTION('',(1.E0,0.E0,0.E0));
#1526=VECTOR('',#1525,2.5E-1);
#1527=CARTESIAN_POINT('',(-2.03E0,1.5E0,-4.298707947495E0));
#1528=LINE('',#1527,#1526);
#1529=DIRECTION('',(0.E0,0.E0,1.E0));
#1530=VECTOR('',#1529,7.012920525053E-1);
#1531=CARTESIAN_POINT('',(-1.78E0,1.5E0,-5.E0));
#1532=LINE('',#1531,#1530);
#1533=DIRECTION('',(1.E0,0.E0,0.E0));
#1534=VECTOR('',#1533,2.29E0);
#1535=CARTESIAN_POINT('',(-1.78E0,1.5E0,-5.E0));
#1536=LINE('',#1535,#1534);
#1537=DIRECTION('',(0.E0,0.E0,1.E0));
#1538=VECTOR('',#1537,7.012920525053E-1);
#1539=CARTESIAN_POINT('',(5.1E-1,1.5E0,-5.E0));
#1540=LINE('',#1539,#1538);
#1541=DIRECTION('',(1.E0,0.E0,0.E0));
#1542=VECTOR('',#1541,2.5E-1);
#1543=CARTESIAN_POINT('',(5.1E-1,1.5E0,-4.298707947495E0));
#1544=LINE('',#1543,#1542);
#1545=DIRECTION('',(0.E0,0.E0,1.E0));
#1546=VECTOR('',#1545,7.012920525053E-1);
#1547=CARTESIAN_POINT('',(7.6E-1,1.5E0,-5.E0));
#1548=LINE('',#1547,#1546);
#1549=DIRECTION('',(1.E0,0.E0,0.E0));
#1550=VECTOR('',#1549,2.29E0);
#1551=CARTESIAN_POINT('',(7.6E-1,1.5E0,-5.E0));
#1552=LINE('',#1551,#1550);
#1553=DIRECTION('',(0.E0,0.E0,1.E0));
#1554=VECTOR('',#1553,7.012920525053E-1);
#1555=CARTESIAN_POINT('',(3.05E0,1.5E0,-5.E0));
#1556=LINE('',#1555,#1554);
#1557=DIRECTION('',(1.E0,0.E0,0.E0));
#1558=VECTOR('',#1557,2.5E-1);
#1559=CARTESIAN_POINT('',(3.05E0,1.5E0,-4.298707947495E0));
#1560=LINE('',#1559,#1558);
#1561=DIRECTION('',(0.E0,0.E0,1.E0));
#1562=VECTOR('',#1561,7.012920525053E-1);
#1563=CARTESIAN_POINT('',(3.3E0,1.5E0,-5.E0));
#1564=LINE('',#1563,#1562);
#1565=DIRECTION('',(1.E0,0.E0,0.E0));
#1566=VECTOR('',#1565,2.045E0);
#1567=CARTESIAN_POINT('',(3.3E0,1.5E0,-5.E0));
#1568=LINE('',#1567,#1566);
#1569=DIRECTION('',(0.E0,0.E0,1.E0));
#1570=VECTOR('',#1569,1.5E0);
#1571=CARTESIAN_POINT('',(5.345E0,1.5E0,-5.E0));
#1572=LINE('',#1571,#1570);
#1573=DIRECTION('',(0.E0,0.E0,1.E0));
#1574=VECTOR('',#1573,1.45E0);
#1575=CARTESIAN_POINT('',(4.57E0,1.5E0,-4.95E0));
#1576=LINE('',#1575,#1574);
#1577=DIRECTION('',(1.E0,0.E0,0.E0));
#1578=VECTOR('',#1577,2.5E-1);
#1579=CARTESIAN_POINT('',(4.32E0,1.5E0,-4.95E0));
#1580=LINE('',#1579,#1578);
#1581=DIRECTION('',(0.E0,0.E0,1.E0));
#1582=VECTOR('',#1581,1.45E0);
#1583=CARTESIAN_POINT('',(4.32E0,1.5E0,-4.95E0));
#1584=LINE('',#1583,#1582);
#1585=DIRECTION('',(0.E0,0.E0,1.E0));
#1586=VECTOR('',#1585,3.E-1);
#1587=CARTESIAN_POINT('',(3.3E0,1.5E0,-3.8E0));
#1588=LINE('',#1587,#1586);
#1589=DIRECTION('',(1.E0,0.E0,0.E0));
#1590=VECTOR('',#1589,2.5E-1);
#1591=CARTESIAN_POINT('',(3.05E0,1.5E0,-3.8E0));
#1592=LINE('',#1591,#1590);
#1593=DIRECTION('',(0.E0,0.E0,1.E0));
#1594=VECTOR('',#1593,3.E-1);
#1595=CARTESIAN_POINT('',(3.05E0,1.5E0,-3.8E0));
#1596=LINE('',#1595,#1594);
#1597=DIRECTION('',(0.E0,0.E0,1.E0));
#1598=VECTOR('',#1597,1.45E0);
#1599=CARTESIAN_POINT('',(2.03E0,1.5E0,-4.95E0));
#1600=LINE('',#1599,#1598);
#1601=DIRECTION('',(1.E0,0.E0,0.E0));
#1602=VECTOR('',#1601,2.5E-1);
#1603=CARTESIAN_POINT('',(1.78E0,1.5E0,-4.95E0));
#1604=LINE('',#1603,#1602);
#1605=DIRECTION('',(0.E0,0.E0,1.E0));
#1606=VECTOR('',#1605,1.45E0);
#1607=CARTESIAN_POINT('',(1.78E0,1.5E0,-4.95E0));
#1608=LINE('',#1607,#1606);
#1609=DIRECTION('',(0.E0,0.E0,1.E0));
#1610=VECTOR('',#1609,3.E-1);
#1611=CARTESIAN_POINT('',(7.6E-1,1.5E0,-3.8E0));
#1612=LINE('',#1611,#1610);
#1613=DIRECTION('',(1.E0,0.E0,0.E0));
#1614=VECTOR('',#1613,2.5E-1);
#1615=CARTESIAN_POINT('',(5.1E-1,1.5E0,-3.8E0));
#1616=LINE('',#1615,#1614);
#1617=DIRECTION('',(0.E0,0.E0,1.E0));
#1618=VECTOR('',#1617,3.E-1);
#1619=CARTESIAN_POINT('',(5.1E-1,1.5E0,-3.8E0));
#1620=LINE('',#1619,#1618);
#1621=DIRECTION('',(0.E0,0.E0,1.E0));
#1622=VECTOR('',#1621,1.45E0);
#1623=CARTESIAN_POINT('',(-5.1E-1,1.5E0,-4.95E0));
#1624=LINE('',#1623,#1622);
#1625=DIRECTION('',(1.E0,0.E0,0.E0));
#1626=VECTOR('',#1625,2.5E-1);
#1627=CARTESIAN_POINT('',(-7.6E-1,1.5E0,-4.95E0));
#1628=LINE('',#1627,#1626);
#1629=DIRECTION('',(0.E0,0.E0,1.E0));
#1630=VECTOR('',#1629,1.45E0);
#1631=CARTESIAN_POINT('',(-7.6E-1,1.5E0,-4.95E0));
#1632=LINE('',#1631,#1630);
#1633=DIRECTION('',(0.E0,0.E0,1.E0));
#1634=VECTOR('',#1633,3.E-1);
#1635=CARTESIAN_POINT('',(-1.78E0,1.5E0,-3.8E0));
#1636=LINE('',#1635,#1634);
#1637=DIRECTION('',(1.E0,0.E0,0.E0));
#1638=VECTOR('',#1637,2.5E-1);
#1639=CARTESIAN_POINT('',(-2.03E0,1.5E0,-3.8E0));
#1640=LINE('',#1639,#1638);
#1641=DIRECTION('',(0.E0,0.E0,1.E0));
#1642=VECTOR('',#1641,3.E-1);
#1643=CARTESIAN_POINT('',(-2.03E0,1.5E0,-3.8E0));
#1644=LINE('',#1643,#1642);
#1645=DIRECTION('',(0.E0,0.E0,1.E0));
#1646=VECTOR('',#1645,1.45E0);
#1647=CARTESIAN_POINT('',(-3.05E0,1.5E0,-4.95E0));
#1648=LINE('',#1647,#1646);
#1649=DIRECTION('',(1.E0,0.E0,0.E0));
#1650=VECTOR('',#1649,2.5E-1);
#1651=CARTESIAN_POINT('',(-3.3E0,1.5E0,-4.95E0));
#1652=LINE('',#1651,#1650);
#1653=DIRECTION('',(0.E0,0.E0,1.E0));
#1654=VECTOR('',#1653,1.45E0);
#1655=CARTESIAN_POINT('',(-3.3E0,1.5E0,-4.95E0));
#1656=LINE('',#1655,#1654);
#1657=DIRECTION('',(0.E0,0.E0,1.E0));
#1658=VECTOR('',#1657,3.E-1);
#1659=CARTESIAN_POINT('',(-4.32E0,1.5E0,-3.8E0));
#1660=LINE('',#1659,#1658);
#1661=DIRECTION('',(1.E0,0.E0,0.E0));
#1662=VECTOR('',#1661,2.5E-1);
#1663=CARTESIAN_POINT('',(-4.57E0,1.5E0,-3.8E0));
#1664=LINE('',#1663,#1662);
#1665=DIRECTION('',(0.E0,0.E0,1.E0));
#1666=VECTOR('',#1665,3.E-1);
#1667=CARTESIAN_POINT('',(-4.57E0,1.5E0,-3.8E0));
#1668=LINE('',#1667,#1666);
#1669=DIRECTION('',(0.E0,0.E0,1.E0));
#1670=VECTOR('',#1669,1.5E0);
#1671=CARTESIAN_POINT('',(-6.045E0,1.5E0,-5.E0));
#1672=LINE('',#1671,#1670);
#1673=DIRECTION('',(1.E0,0.E0,0.E0));
#1674=VECTOR('',#1673,1.475E0);
#1675=CARTESIAN_POINT('',(-6.045E0,1.5E0,-5.E0));
#1676=LINE('',#1675,#1674);
#1677=DIRECTION('',(0.E0,1.E0,0.E0));
#1678=VECTOR('',#1677,3.726497308104E-1);
#1679=CARTESIAN_POINT('',(-6.865E0,1.127350269190E0,-5.E0));
#1680=LINE('',#1679,#1678);
#1681=DIRECTION('',(1.E0,0.E0,0.E0));
#1682=VECTOR('',#1681,4.5E-1);
#1683=CARTESIAN_POINT('',(-7.315E0,1.127350269190E0,-5.E0));
#1684=LINE('',#1683,#1682);
#1685=DIRECTION('',(0.E0,1.E0,0.E0));
#1686=VECTOR('',#1685,3.720995361168E-1);
#1687=CARTESIAN_POINT('',(-4.57E0,1.127900463883E0,-5.E0));
#1688=LINE('',#1687,#1686);
#1689=DIRECTION('',(0.E0,1.E0,0.E0));
#1690=VECTOR('',#1689,3.726497308104E-1);
#1691=CARTESIAN_POINT('',(-6.045E0,1.127350269190E0,-5.E0));
#1692=LINE('',#1691,#1690);
#1693=DIRECTION('',(1.E0,0.E0,0.E0));
#1694=VECTOR('',#1693,1.139E1);
#1695=CARTESIAN_POINT('',(-6.045E0,1.127350269190E0,-5.E0));
#1696=LINE('',#1695,#1694);
#1697=DIRECTION('',(0.E0,1.E0,0.E0));
#1698=VECTOR('',#1697,3.726497308104E-1);
#1699=CARTESIAN_POINT('',(5.345E0,1.127350269190E0,-5.E0));
#1700=LINE('',#1699,#1698);
#1701=DIRECTION('',(0.E0,1.E0,0.E0));
#1702=VECTOR('',#1701,3.720995361168E-1);
#1703=CARTESIAN_POINT('',(3.3E0,1.127900463883E0,-5.E0));
#1704=LINE('',#1703,#1702);
#1705=DIRECTION('',(1.E0,0.E0,0.E0));
#1706=VECTOR('',#1705,2.5E-1);
#1707=CARTESIAN_POINT('',(3.05E0,1.127900463883E0,-5.E0));
#1708=LINE('',#1707,#1706);
#1709=DIRECTION('',(0.E0,1.E0,0.E0));
#1710=VECTOR('',#1709,3.720995361168E-1);
#1711=CARTESIAN_POINT('',(3.05E0,1.127900463883E0,-5.E0));
#1712=LINE('',#1711,#1710);
#1713=DIRECTION('',(0.E0,1.E0,0.E0));
#1714=VECTOR('',#1713,3.720995361168E-1);
#1715=CARTESIAN_POINT('',(7.6E-1,1.127900463883E0,-5.E0));
#1716=LINE('',#1715,#1714);
#1717=DIRECTION('',(1.E0,0.E0,0.E0));
#1718=VECTOR('',#1717,2.5E-1);
#1719=CARTESIAN_POINT('',(5.1E-1,1.127900463883E0,-5.E0));
#1720=LINE('',#1719,#1718);
#1721=DIRECTION('',(0.E0,1.E0,0.E0));
#1722=VECTOR('',#1721,3.720995361168E-1);
#1723=CARTESIAN_POINT('',(5.1E-1,1.127900463883E0,-5.E0));
#1724=LINE('',#1723,#1722);
#1725=DIRECTION('',(0.E0,1.E0,0.E0));
#1726=VECTOR('',#1725,3.720995361168E-1);
#1727=CARTESIAN_POINT('',(-1.78E0,1.127900463883E0,-5.E0));
#1728=LINE('',#1727,#1726);
#1729=DIRECTION('',(1.E0,0.E0,0.E0));
#1730=VECTOR('',#1729,2.5E-1);
#1731=CARTESIAN_POINT('',(-2.03E0,1.127900463883E0,-5.E0));
#1732=LINE('',#1731,#1730);
#1733=DIRECTION('',(0.E0,1.E0,0.E0));
#1734=VECTOR('',#1733,3.720995361168E-1);
#1735=CARTESIAN_POINT('',(-2.03E0,1.127900463883E0,-5.E0));
#1736=LINE('',#1735,#1734);
#1737=DIRECTION('',(0.E0,1.E0,0.E0));
#1738=VECTOR('',#1737,3.720995361168E-1);
#1739=CARTESIAN_POINT('',(-4.32E0,1.127900463883E0,-5.E0));
#1740=LINE('',#1739,#1738);
#1741=DIRECTION('',(1.E0,0.E0,0.E0));
#1742=VECTOR('',#1741,2.5E-1);
#1743=CARTESIAN_POINT('',(-4.57E0,1.127900463883E0,-5.E0));
#1744=LINE('',#1743,#1742);
#1745=DIRECTION('',(0.E0,5.E-1,-8.660254037844E-1));
#1746=VECTOR('',#1745,1.154700538379E0);
#1747=CARTESIAN_POINT('',(5.345E0,5.5E-1,-4.E0));
#1748=LINE('',#1747,#1746);
#1749=DIRECTION('',(0.E0,5.E-1,-8.660254037844E-1));
#1750=VECTOR('',#1749,1.154700538379E0);
#1751=CARTESIAN_POINT('',(-6.045E0,5.5E-1,-4.E0));
#1752=LINE('',#1751,#1750);
#1753=DIRECTION('',(1.E0,0.E0,0.E0));
#1754=VECTOR('',#1753,1.139E1);
#1755=CARTESIAN_POINT('',(-6.045E0,5.5E-1,-4.E0));
#1756=LINE('',#1755,#1754);
#1757=DIRECTION('',(0.E0,5.E-1,-8.660254037844E-1));
#1758=VECTOR('',#1757,1.154700538379E0);
#1759=CARTESIAN_POINT('',(-6.865E0,5.5E-1,-4.E0));
#1760=LINE('',#1759,#1758);
#1761=DIRECTION('',(1.E0,0.E0,0.E0));
#1762=VECTOR('',#1761,4.5E-1);
#1763=CARTESIAN_POINT('',(-7.315E0,5.5E-1,-4.E0));
#1764=LINE('',#1763,#1762);
#1765=DIRECTION('',(0.E0,5.E-1,-8.660254037844E-1));
#1766=VECTOR('',#1765,8.763601692307E-1);
#1767=CARTESIAN_POINT('',(4.32E0,6.555981666236E-1,-4.182901389778E0));
#1768=LINE('',#1767,#1766);
#1769=DIRECTION('',(1.E0,0.E0,0.E0));
#1770=VECTOR('',#1769,2.5E-1);
#1771=CARTESIAN_POINT('',(4.32E0,1.093778251239E0,-4.941851559197E0));
#1772=LINE('',#1771,#1770);
#1773=DIRECTION('',(0.E0,5.E-1,-8.660254037844E-1));
#1774=VECTOR('',#1773,8.763601692307E-1);
#1775=CARTESIAN_POINT('',(4.57E0,6.555981666236E-1,-4.182901389778E0));
#1776=LINE('',#1775,#1774);
#1777=DIRECTION('',(1.E0,0.E0,0.E0));
#1778=VECTOR('',#1777,2.5E-1);
#1779=CARTESIAN_POINT('',(4.32E0,6.555981666236E-1,-4.182901389778E0));
#1780=LINE('',#1779,#1778);
#1781=DIRECTION('',(0.E0,5.E-1,-8.660254037844E-1));
#1782=VECTOR('',#1781,8.562045980561E-1);
#1783=CARTESIAN_POINT('',(3.05E0,6.986086494748E-1,-4.257397731335E0));
#1784=LINE('',#1783,#1782);
#1785=DIRECTION('',(1.E0,0.E0,0.E0));
#1786=VECTOR('',#1785,2.5E-1);
#1787=CARTESIAN_POINT('',(3.05E0,1.126710948503E0,-4.998892664088E0));
#1788=LINE('',#1787,#1786);
#1789=DIRECTION('',(0.E0,5.E-1,-8.660254037844E-1));
#1790=VECTOR('',#1789,8.562045980561E-1);
#1791=CARTESIAN_POINT('',(3.3E0,6.986086494748E-1,-4.257397731335E0));
#1792=LINE('',#1791,#1790);
#1793=DIRECTION('',(1.E0,0.E0,0.E0));
#1794=VECTOR('',#1793,2.5E-1);
#1795=CARTESIAN_POINT('',(3.05E0,6.986086494748E-1,-4.257397731335E0));
#1796=LINE('',#1795,#1794);
#1797=DIRECTION('',(0.E0,5.E-1,-8.660254037844E-1));
#1798=VECTOR('',#1797,8.763601692307E-1);
#1799=CARTESIAN_POINT('',(1.78E0,6.555981666236E-1,-4.182901389778E0));
#1800=LINE('',#1799,#1798);
#1801=DIRECTION('',(1.E0,0.E0,0.E0));
#1802=VECTOR('',#1801,2.5E-1);
#1803=CARTESIAN_POINT('',(1.78E0,1.093778251239E0,-4.941851559197E0));
#1804=LINE('',#1803,#1802);
#1805=DIRECTION('',(0.E0,5.E-1,-8.660254037844E-1));
#1806=VECTOR('',#1805,8.763601692307E-1);
#1807=CARTESIAN_POINT('',(2.03E0,6.555981666236E-1,-4.182901389778E0));
#1808=LINE('',#1807,#1806);
#1809=DIRECTION('',(1.E0,0.E0,0.E0));
#1810=VECTOR('',#1809,2.5E-1);
#1811=CARTESIAN_POINT('',(1.78E0,6.555981666236E-1,-4.182901389778E0));
#1812=LINE('',#1811,#1810);
#1813=DIRECTION('',(0.E0,5.E-1,-8.660254037844E-1));
#1814=VECTOR('',#1813,8.562045980561E-1);
#1815=CARTESIAN_POINT('',(5.1E-1,6.986086494748E-1,-4.257397731335E0));
#1816=LINE('',#1815,#1814);
#1817=DIRECTION('',(1.E0,0.E0,0.E0));
#1818=VECTOR('',#1817,2.5E-1);
#1819=CARTESIAN_POINT('',(5.1E-1,1.126710948503E0,-4.998892664088E0));
#1820=LINE('',#1819,#1818);
#1821=DIRECTION('',(0.E0,5.E-1,-8.660254037844E-1));
#1822=VECTOR('',#1821,8.562045980561E-1);
#1823=CARTESIAN_POINT('',(7.6E-1,6.986086494748E-1,-4.257397731335E0));
#1824=LINE('',#1823,#1822);
#1825=DIRECTION('',(1.E0,0.E0,0.E0));
#1826=VECTOR('',#1825,2.5E-1);
#1827=CARTESIAN_POINT('',(5.1E-1,6.986086494748E-1,-4.257397731335E0));
#1828=LINE('',#1827,#1826);
#1829=DIRECTION('',(0.E0,5.E-1,-8.660254037844E-1));
#1830=VECTOR('',#1829,8.763601692307E-1);
#1831=CARTESIAN_POINT('',(-7.6E-1,6.555981666236E-1,-4.182901389778E0));
#1832=LINE('',#1831,#1830);
#1833=DIRECTION('',(1.E0,0.E0,0.E0));
#1834=VECTOR('',#1833,2.5E-1);
#1835=CARTESIAN_POINT('',(-7.6E-1,1.093778251239E0,-4.941851559197E0));
#1836=LINE('',#1835,#1834);
#1837=DIRECTION('',(0.E0,5.E-1,-8.660254037844E-1));
#1838=VECTOR('',#1837,8.763601692307E-1);
#1839=CARTESIAN_POINT('',(-5.1E-1,6.555981666236E-1,-4.182901389778E0));
#1840=LINE('',#1839,#1838);
#1841=DIRECTION('',(1.E0,0.E0,0.E0));
#1842=VECTOR('',#1841,2.5E-1);
#1843=CARTESIAN_POINT('',(-7.6E-1,6.555981666236E-1,-4.182901389778E0));
#1844=LINE('',#1843,#1842);
#1845=DIRECTION('',(0.E0,5.E-1,-8.660254037844E-1));
#1846=VECTOR('',#1845,8.562045980561E-1);
#1847=CARTESIAN_POINT('',(-2.03E0,6.986086494748E-1,-4.257397731335E0));
#1848=LINE('',#1847,#1846);
#1849=DIRECTION('',(1.E0,0.E0,0.E0));
#1850=VECTOR('',#1849,2.5E-1);
#1851=CARTESIAN_POINT('',(-2.03E0,1.126710948503E0,-4.998892664088E0));
#1852=LINE('',#1851,#1850);
#1853=DIRECTION('',(0.E0,5.E-1,-8.660254037844E-1));
#1854=VECTOR('',#1853,8.562045980561E-1);
#1855=CARTESIAN_POINT('',(-1.78E0,6.986086494748E-1,-4.257397731335E0));
#1856=LINE('',#1855,#1854);
#1857=DIRECTION('',(1.E0,0.E0,0.E0));
#1858=VECTOR('',#1857,2.5E-1);
#1859=CARTESIAN_POINT('',(-2.03E0,6.986086494748E-1,-4.257397731335E0));
#1860=LINE('',#1859,#1858);
#1861=DIRECTION('',(0.E0,5.E-1,-8.660254037844E-1));
#1862=VECTOR('',#1861,8.763601692307E-1);
#1863=CARTESIAN_POINT('',(-3.3E0,6.555981666236E-1,-4.182901389778E0));
#1864=LINE('',#1863,#1862);
#1865=DIRECTION('',(1.E0,0.E0,0.E0));
#1866=VECTOR('',#1865,2.5E-1);
#1867=CARTESIAN_POINT('',(-3.3E0,1.093778251239E0,-4.941851559197E0));
#1868=LINE('',#1867,#1866);
#1869=DIRECTION('',(0.E0,5.E-1,-8.660254037844E-1));
#1870=VECTOR('',#1869,8.763601692307E-1);
#1871=CARTESIAN_POINT('',(-3.05E0,6.555981666236E-1,-4.182901389778E0));
#1872=LINE('',#1871,#1870);
#1873=DIRECTION('',(1.E0,0.E0,0.E0));
#1874=VECTOR('',#1873,2.5E-1);
#1875=CARTESIAN_POINT('',(-3.3E0,6.555981666236E-1,-4.182901389778E0));
#1876=LINE('',#1875,#1874);
#1877=DIRECTION('',(0.E0,5.E-1,-8.660254037844E-1));
#1878=VECTOR('',#1877,8.562045980561E-1);
#1879=CARTESIAN_POINT('',(-4.57E0,6.986086494748E-1,-4.257397731335E0));
#1880=LINE('',#1879,#1878);
#1881=DIRECTION('',(1.E0,0.E0,0.E0));
#1882=VECTOR('',#1881,2.5E-1);
#1883=CARTESIAN_POINT('',(-4.57E0,1.126710948503E0,-4.998892664088E0));
#1884=LINE('',#1883,#1882);
#1885=DIRECTION('',(0.E0,5.E-1,-8.660254037844E-1));
#1886=VECTOR('',#1885,8.562045980561E-1);
#1887=CARTESIAN_POINT('',(-4.32E0,6.986086494748E-1,-4.257397731335E0));
#1888=LINE('',#1887,#1886);
#1889=DIRECTION('',(1.E0,0.E0,0.E0));
#1890=VECTOR('',#1889,2.5E-1);
#1891=CARTESIAN_POINT('',(-4.57E0,6.986086494748E-1,-4.257397731335E0));
#1892=LINE('',#1891,#1890);
#1893=DIRECTION('',(0.E0,0.E0,1.E0));
#1894=VECTOR('',#1893,1.E0);
#1895=CARTESIAN_POINT('',(-6.045E0,1.3E0,-3.5E0));
#1896=LINE('',#1895,#1894);
#1897=DIRECTION('',(0.E0,1.E0,0.E0));
#1898=VECTOR('',#1897,1.2E0);
#1899=CARTESIAN_POINT('',(-6.045E0,1.3E0,-2.5E0));
#1900=LINE('',#1899,#1898);
#1901=DIRECTION('',(0.E0,1.E0,0.E0));
#1902=VECTOR('',#1901,1.2E0);
#1903=CARTESIAN_POINT('',(-6.045E0,-2.5E0,-2.5E0));
#1904=LINE('',#1903,#1902);
#1905=DIRECTION('',(0.E0,0.E0,1.E0));
#1906=VECTOR('',#1905,1.E0);
#1907=CARTESIAN_POINT('',(-6.865E0,1.3E0,-3.5E0));
#1908=LINE('',#1907,#1906);
#1909=CARTESIAN_POINT('',(-6.565E0,-1.3E0,-2.5E0));
#1910=DIRECTION('',(0.E0,-1.E0,0.E0));
#1911=DIRECTION('',(-1.E0,0.E0,-2.812564995717E-14));
#1912=AXIS2_PLACEMENT_3D('',#1909,#1910,#1911);
#1914=DIRECTION('',(0.E0,1.E0,0.E0));
#1915=VECTOR('',#1914,1.2E0);
#1916=CARTESIAN_POINT('',(-6.865E0,-2.5E0,-2.5E0));
#1917=LINE('',#1916,#1915);
#1918=CARTESIAN_POINT('',(-6.565E0,1.3E0,-2.5E0));
#1919=DIRECTION('',(0.E0,-1.E0,0.E0));
#1920=DIRECTION('',(-1.E0,0.E0,0.E0));
#1921=AXIS2_PLACEMENT_3D('',#1918,#1919,#1920);
#1923=DIRECTION('',(0.E0,1.E0,0.E0));
#1924=VECTOR('',#1923,1.2E0);
#1925=CARTESIAN_POINT('',(-6.865E0,1.3E0,-2.5E0));
#1926=LINE('',#1925,#1924);
#1927=DIRECTION('',(0.E0,0.E0,1.E0));
#1928=VECTOR('',#1927,1.E0);
#1929=CARTESIAN_POINT('',(-6.045E0,-1.3E0,-3.5E0));
#1930=LINE('',#1929,#1928);
#1931=CARTESIAN_POINT('',(-6.345E0,-1.3E0,-2.5E0));
#1932=DIRECTION('',(0.E0,-1.E0,0.E0));
#1933=DIRECTION('',(2.960594732334E-14,0.E0,-1.E0));
#1934=AXIS2_PLACEMENT_3D('',#1931,#1932,#1933);
#1936=DIRECTION('',(0.E0,1.E0,0.E0));
#1937=VECTOR('',#1936,1.2E0);
#1938=CARTESIAN_POINT('',(-6.345E0,-2.5E0,-2.8E0));
#1939=LINE('',#1938,#1937);
#1940=CARTESIAN_POINT('',(-6.345E0,1.3E0,-2.5E0));
#1941=DIRECTION('',(0.E0,-1.E0,0.E0));
#1942=DIRECTION('',(2.960594732334E-14,0.E0,-1.E0));
#1943=AXIS2_PLACEMENT_3D('',#1940,#1941,#1942);
#1945=DIRECTION('',(0.E0,1.E0,0.E0));
#1946=VECTOR('',#1945,1.2E0);
#1947=CARTESIAN_POINT('',(-6.345E0,1.3E0,-2.8E0));
#1948=LINE('',#1947,#1946);
#1949=DIRECTION('',(0.E0,0.E0,-1.E0));
#1950=VECTOR('',#1949,9.E-1);
#1951=CARTESIAN_POINT('',(-2.375E0,-2.5E0,-1.9E0));
#1952=LINE('',#1951,#1950);
#1953=DIRECTION('',(1.E0,0.E0,0.E0));
#1954=VECTOR('',#1953,9.4E-1);
#1955=CARTESIAN_POINT('',(-2.375E0,-2.5E0,-1.9E0));
#1956=LINE('',#1955,#1954);
#1957=DIRECTION('',(0.E0,0.E0,-1.E0));
#1958=VECTOR('',#1957,9.E-1);
#1959=CARTESIAN_POINT('',(-1.435E0,-2.5E0,-1.9E0));
#1960=LINE('',#1959,#1958);
#1961=DIRECTION('',(1.E0,0.E0,0.E0));
#1962=VECTOR('',#1961,1.6E0);
#1963=CARTESIAN_POINT('',(-1.435E0,-2.5E0,-2.8E0));
#1964=LINE('',#1963,#1962);
#1965=DIRECTION('',(0.E0,0.E0,-1.E0));
#1966=VECTOR('',#1965,9.E-1);
#1967=CARTESIAN_POINT('',(1.65E-1,-2.5E0,-1.9E0));
#1968=LINE('',#1967,#1966);
#1969=DIRECTION('',(1.E0,0.E0,0.E0));
#1970=VECTOR('',#1969,9.4E-1);
#1971=CARTESIAN_POINT('',(1.65E-1,-2.5E0,-1.9E0));
#1972=LINE('',#1971,#1970);
#1973=DIRECTION('',(0.E0,0.E0,-1.E0));
#1974=VECTOR('',#1973,9.E-1);
#1975=CARTESIAN_POINT('',(1.105E0,-2.5E0,-1.9E0));
#1976=LINE('',#1975,#1974);
#1977=DIRECTION('',(1.E0,0.E0,0.E0));
#1978=VECTOR('',#1977,1.6E0);
#1979=CARTESIAN_POINT('',(1.105E0,-2.5E0,-2.8E0));
#1980=LINE('',#1979,#1978);
#1981=DIRECTION('',(0.E0,0.E0,-1.E0));
#1982=VECTOR('',#1981,9.E-1);
#1983=CARTESIAN_POINT('',(2.705E0,-2.5E0,-1.9E0));
#1984=LINE('',#1983,#1982);
#1985=DIRECTION('',(1.E0,0.E0,0.E0));
#1986=VECTOR('',#1985,9.4E-1);
#1987=CARTESIAN_POINT('',(2.705E0,-2.5E0,-1.9E0));
#1988=LINE('',#1987,#1986);
#1989=DIRECTION('',(0.E0,0.E0,-1.E0));
#1990=VECTOR('',#1989,9.E-1);
#1991=CARTESIAN_POINT('',(3.645E0,-2.5E0,-1.9E0));
#1992=LINE('',#1991,#1990);
#1993=DIRECTION('',(1.E0,0.E0,0.E0));
#1994=VECTOR('',#1993,1.6E0);
#1995=CARTESIAN_POINT('',(3.645E0,-2.5E0,-2.8E0));
#1996=LINE('',#1995,#1994);
#1997=DIRECTION('',(0.E0,0.E0,-1.E0));
#1998=VECTOR('',#1997,9.E-1);
#1999=CARTESIAN_POINT('',(5.245E0,-2.5E0,-1.9E0));
#2000=LINE('',#1999,#1998);
#2001=DIRECTION('',(1.E0,0.E0,0.E0));
#2002=VECTOR('',#2001,8.E-1);
#2003=CARTESIAN_POINT('',(5.245E0,-2.5E0,-1.9E0));
#2004=LINE('',#2003,#2002);
#2005=DIRECTION('',(0.E0,0.E0,-1.E0));
#2006=VECTOR('',#2005,6.E-1);
#2007=CARTESIAN_POINT('',(6.045E0,-2.5E0,-1.9E0));
#2008=LINE('',#2007,#2006);
#2009=CARTESIAN_POINT('',(6.345E0,-2.5E0,-2.5E0));
#2010=DIRECTION('',(0.E0,-1.E0,0.E0));
#2011=DIRECTION('',(-1.E0,0.E0,0.E0));
#2012=AXIS2_PLACEMENT_3D('',#2009,#2010,#2011);
#2014=DIRECTION('',(1.E0,0.E0,0.E0));
#2015=VECTOR('',#2014,2.2E-1);
#2016=CARTESIAN_POINT('',(6.345E0,-2.5E0,-2.8E0));
#2017=LINE('',#2016,#2015);
#2018=CARTESIAN_POINT('',(6.565E0,-2.5E0,-2.5E0));
#2019=DIRECTION('',(0.E0,-1.E0,0.E0));
#2020=DIRECTION('',(0.E0,0.E0,-1.E0));
#2021=AXIS2_PLACEMENT_3D('',#2018,#2019,#2020);
#2023=DIRECTION('',(0.E0,0.E0,-1.E0));
#2024=VECTOR('',#2023,6.E-1);
#2025=CARTESIAN_POINT('',(6.865E0,-2.5E0,-1.9E0));
#2026=LINE('',#2025,#2024);
#2027=DIRECTION('',(1.E0,0.E0,0.E0));
#2028=VECTOR('',#2027,4.5E-1);
#2029=CARTESIAN_POINT('',(6.865E0,-2.5E0,-1.9E0));
#2030=LINE('',#2029,#2028);
#2031=DIRECTION('',(1.E0,0.E0,0.E0));
#2032=VECTOR('',#2031,4.5E-1);
#2033=CARTESIAN_POINT('',(-7.315E0,-2.5E0,-1.9E0));
#2034=LINE('',#2033,#2032);
#2035=DIRECTION('',(0.E0,0.E0,-1.E0));
#2036=VECTOR('',#2035,6.E-1);
#2037=CARTESIAN_POINT('',(-6.865E0,-2.5E0,-1.9E0));
#2038=LINE('',#2037,#2036);
#2039=CARTESIAN_POINT('',(-6.565E0,-2.5E0,-2.5E0));
#2040=DIRECTION('',(0.E0,-1.E0,0.E0));
#2041=DIRECTION('',(-1.E0,0.E0,0.E0));
#2042=AXIS2_PLACEMENT_3D('',#2039,#2040,#2041);
#2044=DIRECTION('',(1.E0,0.E0,0.E0));
#2045=VECTOR('',#2044,2.2E-1);
#2046=CARTESIAN_POINT('',(-6.565E0,-2.5E0,-2.8E0));
#2047=LINE('',#2046,#2045);
#2048=CARTESIAN_POINT('',(-6.345E0,-2.5E0,-2.5E0));
#2049=DIRECTION('',(0.E0,-1.E0,0.E0));
#2050=DIRECTION('',(0.E0,0.E0,-1.E0));
#2051=AXIS2_PLACEMENT_3D('',#2048,#2049,#2050);
#2053=DIRECTION('',(0.E0,0.E0,-1.E0));
#2054=VECTOR('',#2053,6.E-1);
#2055=CARTESIAN_POINT('',(-6.045E0,-2.5E0,-1.9E0));
#2056=LINE('',#2055,#2054);
#2057=DIRECTION('',(1.E0,0.E0,0.E0));
#2058=VECTOR('',#2057,2.07E0);
#2059=CARTESIAN_POINT('',(-6.045E0,-2.5E0,-1.9E0));
#2060=LINE('',#2059,#2058);
#2061=DIRECTION('',(0.E0,0.E0,-1.E0));
#2062=VECTOR('',#2061,9.E-1);
#2063=CARTESIAN_POINT('',(-3.975E0,-2.5E0,-1.9E0));
#2064=LINE('',#2063,#2062);
#2065=DIRECTION('',(1.E0,0.E0,0.E0));
#2066=VECTOR('',#2065,1.6E0);
#2067=CARTESIAN_POINT('',(-3.975E0,-2.5E0,-2.8E0));
#2068=LINE('',#2067,#2066);
#2069=DIRECTION('',(0.E0,1.E0,0.E0));
#2070=VECTOR('',#2069,2.241474096078E-1);
#2071=CARTESIAN_POINT('',(-2.375E0,-2.5E0,-2.8E0));
#2072=LINE('',#2071,#2070);
#2073=CARTESIAN_POINT('',(-2.375E0,-2.275852590392E0,-2.55E0));
#2074=DIRECTION('',(1.E0,0.E0,0.E0));
#2075=DIRECTION('',(0.E0,0.E0,-1.E0));
#2076=AXIS2_PLACEMENT_3D('',#2073,#2074,#2075);
#2078=DIRECTION('',(0.E0,3.944296671351E-2,9.992218234090E-1));
#2079=VECTOR('',#2078,6.603746297565E-1);
#2080=CARTESIAN_POINT('',(-2.375E0,-2.026047134540E0,-2.559860741678E0));
#2081=LINE('',#2080,#2079);
#2082=DIRECTION('',(0.E0,1.E0,0.E0));
#2083=VECTOR('',#2082,2.241474096078E-1);
#2084=CARTESIAN_POINT('',(-3.975E0,-2.5E0,-2.8E0));
#2085=LINE('',#2084,#2083);
#2086=DIRECTION('',(0.E0,3.944296671351E-2,9.992218234090E-1));
#2087=VECTOR('',#2086,6.603746297565E-1);
#2088=CARTESIAN_POINT('',(-3.975E0,-2.026047134540E0,-2.559860741678E0));
#2089=LINE('',#2088,#2087);
#2090=CARTESIAN_POINT('',(-3.975E0,-2.275852590392E0,-2.55E0));
#2091=DIRECTION('',(1.E0,0.E0,0.E0));
#2092=DIRECTION('',(0.E0,0.E0,-1.E0));
#2093=AXIS2_PLACEMENT_3D('',#2090,#2091,#2092);
#2095=DIRECTION('',(-1.E0,0.E0,0.E0));
#2096=VECTOR('',#2095,1.6E0);
#2097=CARTESIAN_POINT('',(-2.375E0,-2.275852590392E0,-2.8E0));
#2098=LINE('',#2097,#2096);
#2099=DIRECTION('',(0.E0,1.E0,0.E0));
#2100=VECTOR('',#2099,2.241474096078E-1);
#2101=CARTESIAN_POINT('',(-1.435E0,-2.5E0,-2.8E0));
#2102=LINE('',#2101,#2100);
#2103=DIRECTION('',(0.E0,3.944296671351E-2,9.992218234090E-1));
#2104=VECTOR('',#2103,6.603746297565E-1);
#2105=CARTESIAN_POINT('',(-1.435E0,-2.026047134540E0,-2.559860741678E0));
#2106=LINE('',#2105,#2104);
#2107=CARTESIAN_POINT('',(-1.435E0,-2.275852590392E0,-2.55E0));
#2108=DIRECTION('',(1.E0,0.E0,0.E0));
#2109=DIRECTION('',(0.E0,0.E0,-1.E0));
#2110=AXIS2_PLACEMENT_3D('',#2107,#2108,#2109);
#2112=DIRECTION('',(0.E0,1.E0,0.E0));
#2113=VECTOR('',#2112,2.241474096078E-1);
#2114=CARTESIAN_POINT('',(1.65E-1,-2.5E0,-2.8E0));
#2115=LINE('',#2114,#2113);
#2116=CARTESIAN_POINT('',(1.65E-1,-2.275852590392E0,-2.55E0));
#2117=DIRECTION('',(1.E0,0.E0,0.E0));
#2118=DIRECTION('',(0.E0,0.E0,-1.E0));
#2119=AXIS2_PLACEMENT_3D('',#2116,#2117,#2118);
#2121=DIRECTION('',(0.E0,3.944296671351E-2,9.992218234090E-1));
#2122=VECTOR('',#2121,6.603746297565E-1);
#2123=CARTESIAN_POINT('',(1.65E-1,-2.026047134540E0,-2.559860741678E0));
#2124=LINE('',#2123,#2122);
#2125=DIRECTION('',(-1.E0,0.E0,0.E0));
#2126=VECTOR('',#2125,1.6E0);
#2127=CARTESIAN_POINT('',(1.65E-1,-2.275852590392E0,-2.8E0));
#2128=LINE('',#2127,#2126);
#2129=DIRECTION('',(0.E0,1.E0,0.E0));
#2130=VECTOR('',#2129,2.241474096078E-1);
#2131=CARTESIAN_POINT('',(1.105E0,-2.5E0,-2.8E0));
#2132=LINE('',#2131,#2130);
#2133=DIRECTION('',(0.E0,3.944296671351E-2,9.992218234090E-1));
#2134=VECTOR('',#2133,6.603746297565E-1);
#2135=CARTESIAN_POINT('',(1.105E0,-2.026047134540E0,-2.559860741678E0));
#2136=LINE('',#2135,#2134);
#2137=CARTESIAN_POINT('',(1.105E0,-2.275852590392E0,-2.55E0));
#2138=DIRECTION('',(1.E0,0.E0,0.E0));
#2139=DIRECTION('',(0.E0,0.E0,-1.E0));
#2140=AXIS2_PLACEMENT_3D('',#2137,#2138,#2139);
#2142=DIRECTION('',(0.E0,1.E0,0.E0));
#2143=VECTOR('',#2142,2.241474096078E-1);
#2144=CARTESIAN_POINT('',(2.705E0,-2.5E0,-2.8E0));
#2145=LINE('',#2144,#2143);
#2146=CARTESIAN_POINT('',(2.705E0,-2.275852590392E0,-2.55E0));
#2147=DIRECTION('',(1.E0,0.E0,0.E0));
#2148=DIRECTION('',(0.E0,0.E0,-1.E0));
#2149=AXIS2_PLACEMENT_3D('',#2146,#2147,#2148);
#2151=DIRECTION('',(0.E0,3.944296671351E-2,9.992218234090E-1));
#2152=VECTOR('',#2151,6.603746297565E-1);
#2153=CARTESIAN_POINT('',(2.705E0,-2.026047134540E0,-2.559860741678E0));
#2154=LINE('',#2153,#2152);
#2155=DIRECTION('',(-1.E0,0.E0,0.E0));
#2156=VECTOR('',#2155,1.6E0);
#2157=CARTESIAN_POINT('',(2.705E0,-2.275852590392E0,-2.8E0));
#2158=LINE('',#2157,#2156);
#2159=DIRECTION('',(0.E0,3.944296671351E-2,9.992218234090E-1));
#2160=VECTOR('',#2159,6.603746297565E-1);
#2161=CARTESIAN_POINT('',(3.645E0,-2.026047134540E0,-2.559860741678E0));
#2162=LINE('',#2161,#2160);
#2163=CARTESIAN_POINT('',(3.645E0,-2.275852590392E0,-2.55E0));
#2164=DIRECTION('',(1.E0,0.E0,0.E0));
#2165=DIRECTION('',(0.E0,0.E0,-1.E0));
#2166=AXIS2_PLACEMENT_3D('',#2163,#2164,#2165);
#2168=DIRECTION('',(0.E0,1.E0,0.E0));
#2169=VECTOR('',#2168,2.241474096078E-1);
#2170=CARTESIAN_POINT('',(3.645E0,-2.5E0,-2.8E0));
#2171=LINE('',#2170,#2169);
#2172=DIRECTION('',(-1.E0,0.E0,0.E0));
#2173=VECTOR('',#2172,1.6E0);
#2174=CARTESIAN_POINT('',(5.245E0,-2.275852590392E0,-2.8E0));
#2175=LINE('',#2174,#2173);
#2176=DIRECTION('',(0.E0,1.E0,0.E0));
#2177=VECTOR('',#2176,2.241474096078E-1);
#2178=CARTESIAN_POINT('',(5.245E0,-2.5E0,-2.8E0));
#2179=LINE('',#2178,#2177);
#2180=CARTESIAN_POINT('',(5.245E0,-2.275852590392E0,-2.55E0));
#2181=DIRECTION('',(1.E0,0.E0,0.E0));
#2182=DIRECTION('',(0.E0,0.E0,-1.E0));
#2183=AXIS2_PLACEMENT_3D('',#2180,#2181,#2182);
#2185=DIRECTION('',(0.E0,3.944296671351E-2,9.992218234090E-1));
#2186=VECTOR('',#2185,6.603746297565E-1);
#2187=CARTESIAN_POINT('',(5.245E0,-2.026047134540E0,-2.559860741678E0));
#2188=LINE('',#2187,#2186);
#2189=DIRECTION('',(0.E0,0.E0,-1.E0));
#2190=VECTOR('',#2189,6.E-1);
#2191=CARTESIAN_POINT('',(6.045E0,-1.3E0,-1.9E0));
#2192=LINE('',#2191,#2190);
#2193=DIRECTION('',(0.E0,0.E0,-1.E0));
#2194=VECTOR('',#2193,6.E-1);
#2195=CARTESIAN_POINT('',(6.045E0,1.3E0,-1.9E0));
#2196=LINE('',#2195,#2194);
#2197=CARTESIAN_POINT('',(6.345E0,-1.3E0,-2.5E0));
#2198=DIRECTION('',(0.E0,-1.E0,0.E0));
#2199=DIRECTION('',(-1.E0,0.E0,0.E0));
#2200=AXIS2_PLACEMENT_3D('',#2197,#2198,#2199);
#2202=DIRECTION('',(0.E0,1.E0,0.E0));
#2203=VECTOR('',#2202,1.2E0);
#2204=CARTESIAN_POINT('',(6.045E0,-2.5E0,-2.5E0));
#2205=LINE('',#2204,#2203);
#2206=CARTESIAN_POINT('',(6.345E0,1.3E0,-2.5E0));
#2207=DIRECTION('',(0.E0,-1.E0,0.E0));
#2208=DIRECTION('',(-1.E0,0.E0,0.E0));
#2209=AXIS2_PLACEMENT_3D('',#2206,#2207,#2208);
#2211=DIRECTION('',(0.E0,1.E0,0.E0));
#2212=VECTOR('',#2211,1.2E0);
#2213=CARTESIAN_POINT('',(6.045E0,1.3E0,-2.5E0));
#2214=LINE('',#2213,#2212);
#2215=DIRECTION('',(1.E0,0.E0,0.E0));
#2216=VECTOR('',#2215,2.2E-1);
#2217=CARTESIAN_POINT('',(6.345E0,-1.3E0,-2.8E0));
#2218=LINE('',#2217,#2216);
#2219=DIRECTION('',(0.E0,1.E0,0.E0));
#2220=VECTOR('',#2219,1.2E0);
#2221=CARTESIAN_POINT('',(6.345E0,-2.5E0,-2.8E0));
#2222=LINE('',#2221,#2220);
#2223=DIRECTION('',(1.E0,0.E0,0.E0));
#2224=VECTOR('',#2223,2.2E-1);
#2225=CARTESIAN_POINT('',(6.345E0,1.3E0,-2.8E0));
#2226=LINE('',#2225,#2224);
#2227=DIRECTION('',(0.E0,1.E0,0.E0));
#2228=VECTOR('',#2227,1.2E0);
#2229=CARTESIAN_POINT('',(6.345E0,1.3E0,-2.8E0));
#2230=LINE('',#2229,#2228);
#2231=CARTESIAN_POINT('',(6.565E0,-1.3E0,-2.5E0));
#2232=DIRECTION('',(0.E0,-1.E0,0.E0));
#2233=DIRECTION('',(2.960594732334E-14,0.E0,-1.E0));
#2234=AXIS2_PLACEMENT_3D('',#2231,#2232,#2233);
#2236=DIRECTION('',(0.E0,1.E0,0.E0));
#2237=VECTOR('',#2236,1.2E0);
#2238=CARTESIAN_POINT('',(6.565E0,-2.5E0,-2.8E0));
#2239=LINE('',#2238,#2237);
#2240=CARTESIAN_POINT('',(6.565E0,1.3E0,-2.5E0));
#2241=DIRECTION('',(0.E0,-1.E0,0.E0));
#2242=DIRECTION('',(2.664535259100E-14,0.E0,-1.E0));
#2243=AXIS2_PLACEMENT_3D('',#2240,#2241,#2242);
#2245=DIRECTION('',(0.E0,1.E0,0.E0));
#2246=VECTOR('',#2245,1.2E0);
#2247=CARTESIAN_POINT('',(6.565E0,1.3E0,-2.8E0));
#2248=LINE('',#2247,#2246);
#2249=DIRECTION('',(0.E0,0.E0,1.E0));
#2250=VECTOR('',#2249,1.6E0);
#2251=CARTESIAN_POINT('',(5.345E0,1.3E0,-3.5E0));
#2252=LINE('',#2251,#2250);
#2253=DIRECTION('',(0.E0,0.E0,-1.E0));
#2254=VECTOR('',#2253,9.E-1);
#2255=CARTESIAN_POINT('',(-3.645E0,2.5E0,-1.9E0));
#2256=LINE('',#2255,#2254);
#2257=DIRECTION('',(1.E0,0.E0,0.E0));
#2258=VECTOR('',#2257,1.6E0);
#2259=CARTESIAN_POINT('',(-5.245E0,2.5E0,-2.8E0));
#2260=LINE('',#2259,#2258);
#2261=DIRECTION('',(0.E0,0.E0,-1.E0));
#2262=VECTOR('',#2261,9.E-1);
#2263=CARTESIAN_POINT('',(-5.245E0,2.5E0,-1.9E0));
#2264=LINE('',#2263,#2262);
#2265=DIRECTION('',(0.E0,0.E0,-1.E0));
#2266=VECTOR('',#2265,6.E-1);
#2267=CARTESIAN_POINT('',(-6.045E0,2.5E0,-1.9E0));
#2268=LINE('',#2267,#2266);
#2269=CARTESIAN_POINT('',(-6.345E0,2.5E0,-2.5E0));
#2270=DIRECTION('',(0.E0,-1.E0,0.E0));
#2271=DIRECTION('',(2.960594732334E-14,0.E0,-1.E0));
#2272=AXIS2_PLACEMENT_3D('',#2269,#2270,#2271);
#2274=DIRECTION('',(1.E0,0.E0,0.E0));
#2275=VECTOR('',#2274,2.2E-1);
#2276=CARTESIAN_POINT('',(-6.565E0,2.5E0,-2.8E0));
#2277=LINE('',#2276,#2275);
#2278=CARTESIAN_POINT('',(-6.565E0,2.5E0,-2.5E0));
#2279=DIRECTION('',(0.E0,-1.E0,0.E0));
#2280=DIRECTION('',(-1.E0,0.E0,0.E0));
#2281=AXIS2_PLACEMENT_3D('',#2278,#2279,#2280);
#2283=DIRECTION('',(0.E0,0.E0,-1.E0));
#2284=VECTOR('',#2283,6.E-1);
#2285=CARTESIAN_POINT('',(-6.865E0,2.5E0,-1.9E0));
#2286=LINE('',#2285,#2284);
#2287=DIRECTION('',(1.E0,0.E0,0.E0));
#2288=VECTOR('',#2287,1.463E1);
#2289=CARTESIAN_POINT('',(-7.315E0,2.5E0,-3.5E0));
#2290=LINE('',#2289,#2288);
#2291=DIRECTION('',(0.E0,0.E0,-1.E0));
#2292=VECTOR('',#2291,6.E-1);
#2293=CARTESIAN_POINT('',(6.865E0,2.5E0,-1.9E0));
#2294=LINE('',#2293,#2292);
#2295=CARTESIAN_POINT('',(6.565E0,2.5E0,-2.5E0));
#2296=DIRECTION('',(0.E0,-1.E0,0.E0));
#2297=DIRECTION('',(2.960594732334E-14,0.E0,-1.E0));
#2298=AXIS2_PLACEMENT_3D('',#2295,#2296,#2297);
#2300=DIRECTION('',(1.E0,0.E0,0.E0));
#2301=VECTOR('',#2300,2.2E-1);
#2302=CARTESIAN_POINT('',(6.345E0,2.5E0,-2.8E0));
#2303=LINE('',#2302,#2301);
#2304=CARTESIAN_POINT('',(6.345E0,2.5E0,-2.5E0));
#2305=DIRECTION('',(0.E0,-1.E0,0.E0));
#2306=DIRECTION('',(-1.E0,0.E0,0.E0));
#2307=AXIS2_PLACEMENT_3D('',#2304,#2305,#2306);
#2309=DIRECTION('',(0.E0,0.E0,-1.E0));
#2310=VECTOR('',#2309,6.E-1);
#2311=CARTESIAN_POINT('',(6.045E0,2.5E0,-1.9E0));
#2312=LINE('',#2311,#2310);
#2313=DIRECTION('',(0.E0,0.E0,-1.E0));
#2314=VECTOR('',#2313,9.E-1);
#2315=CARTESIAN_POINT('',(3.975E0,2.5E0,-1.9E0));
#2316=LINE('',#2315,#2314);
#2317=DIRECTION('',(1.E0,0.E0,0.E0));
#2318=VECTOR('',#2317,1.6E0);
#2319=CARTESIAN_POINT('',(2.375E0,2.5E0,-2.8E0));
#2320=LINE('',#2319,#2318);
#2321=DIRECTION('',(0.E0,0.E0,-1.E0));
#2322=VECTOR('',#2321,9.E-1);
#2323=CARTESIAN_POINT('',(2.375E0,2.5E0,-1.9E0));
#2324=LINE('',#2323,#2322);
#2325=DIRECTION('',(0.E0,0.E0,-1.E0));
#2326=VECTOR('',#2325,9.E-1);
#2327=CARTESIAN_POINT('',(1.435E0,2.5E0,-1.9E0));
#2328=LINE('',#2327,#2326);
#2329=DIRECTION('',(1.E0,0.E0,0.E0));
#2330=VECTOR('',#2329,1.6E0);
#2331=CARTESIAN_POINT('',(-1.65E-1,2.5E0,-2.8E0));
#2332=LINE('',#2331,#2330);
#2333=DIRECTION('',(0.E0,0.E0,-1.E0));
#2334=VECTOR('',#2333,9.E-1);
#2335=CARTESIAN_POINT('',(-1.65E-1,2.5E0,-1.9E0));
#2336=LINE('',#2335,#2334);
#2337=DIRECTION('',(0.E0,0.E0,-1.E0));
#2338=VECTOR('',#2337,9.E-1);
#2339=CARTESIAN_POINT('',(-1.105E0,2.5E0,-1.9E0));
#2340=LINE('',#2339,#2338);
#2341=DIRECTION('',(1.E0,0.E0,0.E0));
#2342=VECTOR('',#2341,1.6E0);
#2343=CARTESIAN_POINT('',(-2.705E0,2.5E0,-2.8E0));
#2344=LINE('',#2343,#2342);
#2345=DIRECTION('',(0.E0,0.E0,-1.E0));
#2346=VECTOR('',#2345,9.E-1);
#2347=CARTESIAN_POINT('',(-2.705E0,2.5E0,-1.9E0));
#2348=LINE('',#2347,#2346);
#2349=DIRECTION('',(0.E0,3.944296671351E-2,-9.992218234090E-1));
#2350=VECTOR('',#2349,6.603746297565E-1);
#2351=CARTESIAN_POINT('',(-3.645E0,2.E0,-1.9E0));
#2352=LINE('',#2351,#2350);
#2353=CARTESIAN_POINT('',(-3.645E0,2.275852590392E0,-2.55E0));
#2354=DIRECTION('',(1.E0,0.E0,0.E0));
#2355=DIRECTION('',(0.E0,-9.992218234090E-1,-3.944296671351E-2));
#2356=AXIS2_PLACEMENT_3D('',#2353,#2354,#2355);
#2358=DIRECTION('',(0.E0,1.E0,0.E0));
#2359=VECTOR('',#2358,2.241474096078E-1);
#2360=CARTESIAN_POINT('',(-3.645E0,2.275852590392E0,-2.8E0));
#2361=LINE('',#2360,#2359);
#2362=DIRECTION('',(-1.E0,0.E0,0.E0));
#2363=VECTOR('',#2362,1.6E0);
#2364=CARTESIAN_POINT('',(-3.645E0,2.026047134540E0,-2.559860741678E0));
#2365=LINE('',#2364,#2363);
#2366=DIRECTION('',(0.E0,3.944296671351E-2,-9.992218234090E-1));
#2367=VECTOR('',#2366,6.603746297565E-1);
#2368=CARTESIAN_POINT('',(-5.245E0,2.E0,-1.9E0));
#2369=LINE('',#2368,#2367);
#2370=DIRECTION('',(0.E0,1.E0,0.E0));
#2371=VECTOR('',#2370,2.241474096078E-1);
#2372=CARTESIAN_POINT('',(-5.245E0,2.275852590392E0,-2.8E0));
#2373=LINE('',#2372,#2371);
#2374=CARTESIAN_POINT('',(-5.245E0,2.275852590392E0,-2.55E0));
#2375=DIRECTION('',(1.E0,0.E0,0.E0));
#2376=DIRECTION('',(0.E0,-9.992218234090E-1,-3.944296671351E-2));
#2377=AXIS2_PLACEMENT_3D('',#2374,#2375,#2376);
#2379=DIRECTION('',(-1.E0,0.E0,0.E0));
#2380=VECTOR('',#2379,1.6E0);
#2381=CARTESIAN_POINT('',(-3.645E0,2.275852590392E0,-2.8E0));
#2382=LINE('',#2381,#2380);
#2383=DIRECTION('',(1.E0,0.E0,0.E0));
#2384=VECTOR('',#2383,2.2E-1);
#2385=CARTESIAN_POINT('',(-6.565E0,-1.3E0,-2.8E0));
#2386=LINE('',#2385,#2384);
#2387=DIRECTION('',(0.E0,1.E0,0.E0));
#2388=VECTOR('',#2387,1.2E0);
#2389=CARTESIAN_POINT('',(-6.565E0,-2.5E0,-2.8E0));
#2390=LINE('',#2389,#2388);
#2391=DIRECTION('',(1.E0,0.E0,0.E0));
#2392=VECTOR('',#2391,2.2E-1);
#2393=CARTESIAN_POINT('',(-6.565E0,1.3E0,-2.8E0));
#2394=LINE('',#2393,#2392);
#2395=DIRECTION('',(0.E0,1.E0,0.E0));
#2396=VECTOR('',#2395,1.2E0);
#2397=CARTESIAN_POINT('',(-6.565E0,1.3E0,-2.8E0));
#2398=LINE('',#2397,#2396);
#2399=DIRECTION('',(0.E0,0.E0,-1.E0));
#2400=VECTOR('',#2399,1.6E0);
#2401=CARTESIAN_POINT('',(7.315E0,-2.5E0,-1.9E0));
#2402=LINE('',#2401,#2400);
#2403=DIRECTION('',(0.E0,-1.E0,0.E0));
#2404=VECTOR('',#2403,5.E-1);
#2405=CARTESIAN_POINT('',(7.315E0,-2.E0,-1.9E0));
#2406=LINE('',#2405,#2404);
#2407=DIRECTION('',(0.E0,-3.944296671351E-2,-9.992218234090E-1));
#2408=VECTOR('',#2407,1.901479686981E0);
#2409=CARTESIAN_POINT('',(7.315E0,-1.925E0,0.E0));
#2410=LINE('',#2409,#2408);
#2411=DIRECTION('',(0.E0,-1.E0,0.E0));
#2412=VECTOR('',#2411,3.85E0);
#2413=CARTESIAN_POINT('',(7.315E0,1.925E0,0.E0));
#2414=LINE('',#2413,#2412);
#2415=DIRECTION('',(0.E0,-3.944296671351E-2,9.992218234090E-1));
#2416=VECTOR('',#2415,1.901479686981E0);
#2417=CARTESIAN_POINT('',(7.315E0,2.E0,-1.9E0));
#2418=LINE('',#2417,#2416);
#2419=DIRECTION('',(0.E0,-1.E0,0.E0));
#2420=VECTOR('',#2419,5.E-1);
#2421=CARTESIAN_POINT('',(7.315E0,2.5E0,-1.9E0));
#2422=LINE('',#2421,#2420);
#2423=DIRECTION('',(0.E0,0.E0,1.E0));
#2424=VECTOR('',#2423,1.6E0);
#2425=CARTESIAN_POINT('',(7.315E0,2.5E0,-3.5E0));
#2426=LINE('',#2425,#2424);
#2427=DIRECTION('',(0.E0,3.944296671351E-2,-9.992218234090E-1));
#2428=VECTOR('',#2427,6.603746297565E-1);
#2429=CARTESIAN_POINT('',(3.975E0,2.E0,-1.9E0));
#2430=LINE('',#2429,#2428);
#2431=CARTESIAN_POINT('',(3.975E0,2.275852590392E0,-2.55E0));
#2432=DIRECTION('',(1.E0,0.E0,0.E0));
#2433=DIRECTION('',(0.E0,-9.992218234090E-1,-3.944296671351E-2));
#2434=AXIS2_PLACEMENT_3D('',#2431,#2432,#2433);
#2436=DIRECTION('',(0.E0,1.E0,0.E0));
#2437=VECTOR('',#2436,2.241474096078E-1);
#2438=CARTESIAN_POINT('',(3.975E0,2.275852590392E0,-2.8E0));
#2439=LINE('',#2438,#2437);
#2440=DIRECTION('',(-1.E0,0.E0,0.E0));
#2441=VECTOR('',#2440,1.6E0);
#2442=CARTESIAN_POINT('',(3.975E0,2.026047134540E0,-2.559860741678E0));
#2443=LINE('',#2442,#2441);
#2444=DIRECTION('',(0.E0,1.E0,0.E0));
#2445=VECTOR('',#2444,2.241474096078E-1);
#2446=CARTESIAN_POINT('',(2.375E0,2.275852590392E0,-2.8E0));
#2447=LINE('',#2446,#2445);
#2448=CARTESIAN_POINT('',(2.375E0,2.275852590392E0,-2.55E0));
#2449=DIRECTION('',(1.E0,0.E0,0.E0));
#2450=DIRECTION('',(0.E0,-9.992218234090E-1,-3.944296671351E-2));
#2451=AXIS2_PLACEMENT_3D('',#2448,#2449,#2450);
#2453=DIRECTION('',(0.E0,3.944296671351E-2,-9.992218234090E-1));
#2454=VECTOR('',#2453,6.603746297565E-1);
#2455=CARTESIAN_POINT('',(2.375E0,2.E0,-1.9E0));
#2456=LINE('',#2455,#2454);
#2457=DIRECTION('',(-1.E0,0.E0,0.E0));
#2458=VECTOR('',#2457,1.6E0);
#2459=CARTESIAN_POINT('',(3.975E0,2.275852590392E0,-2.8E0));
#2460=LINE('',#2459,#2458);
#2461=DIRECTION('',(0.E0,3.944296671351E-2,-9.992218234090E-1));
#2462=VECTOR('',#2461,6.603746297565E-1);
#2463=CARTESIAN_POINT('',(1.435E0,2.E0,-1.9E0));
#2464=LINE('',#2463,#2462);
#2465=CARTESIAN_POINT('',(1.435E0,2.275852590392E0,-2.55E0));
#2466=DIRECTION('',(1.E0,0.E0,0.E0));
#2467=DIRECTION('',(0.E0,-9.992218234090E-1,-3.944296671351E-2));
#2468=AXIS2_PLACEMENT_3D('',#2465,#2466,#2467);
#2470=DIRECTION('',(0.E0,1.E0,0.E0));
#2471=VECTOR('',#2470,2.241474096078E-1);
#2472=CARTESIAN_POINT('',(1.435E0,2.275852590392E0,-2.8E0));
#2473=LINE('',#2472,#2471);
#2474=DIRECTION('',(-1.E0,0.E0,0.E0));
#2475=VECTOR('',#2474,1.6E0);
#2476=CARTESIAN_POINT('',(1.435E0,2.026047134540E0,-2.559860741678E0));
#2477=LINE('',#2476,#2475);
#2478=DIRECTION('',(0.E0,3.944296671351E-2,-9.992218234090E-1));
#2479=VECTOR('',#2478,6.603746297565E-1);
#2480=CARTESIAN_POINT('',(-1.65E-1,2.E0,-1.9E0));
#2481=LINE('',#2480,#2479);
#2482=DIRECTION('',(0.E0,1.E0,0.E0));
#2483=VECTOR('',#2482,2.241474096078E-1);
#2484=CARTESIAN_POINT('',(-1.65E-1,2.275852590392E0,-2.8E0));
#2485=LINE('',#2484,#2483);
#2486=CARTESIAN_POINT('',(-1.65E-1,2.275852590392E0,-2.55E0));
#2487=DIRECTION('',(1.E0,0.E0,0.E0));
#2488=DIRECTION('',(0.E0,-9.992218234090E-1,-3.944296671351E-2));
#2489=AXIS2_PLACEMENT_3D('',#2486,#2487,#2488);
#2491=DIRECTION('',(-1.E0,0.E0,0.E0));
#2492=VECTOR('',#2491,1.6E0);
#2493=CARTESIAN_POINT('',(1.435E0,2.275852590392E0,-2.8E0));
#2494=LINE('',#2493,#2492);
#2495=DIRECTION('',(0.E0,3.944296671351E-2,-9.992218234090E-1));
#2496=VECTOR('',#2495,6.603746297565E-1);
#2497=CARTESIAN_POINT('',(-1.105E0,2.E0,-1.9E0));
#2498=LINE('',#2497,#2496);
#2499=CARTESIAN_POINT('',(-1.105E0,2.275852590392E0,-2.55E0));
#2500=DIRECTION('',(1.E0,0.E0,0.E0));
#2501=DIRECTION('',(0.E0,-9.992218234090E-1,-3.944296671351E-2));
#2502=AXIS2_PLACEMENT_3D('',#2499,#2500,#2501);
#2504=DIRECTION('',(0.E0,1.E0,0.E0));
#2505=VECTOR('',#2504,2.241474096078E-1);
#2506=CARTESIAN_POINT('',(-1.105E0,2.275852590392E0,-2.8E0));
#2507=LINE('',#2506,#2505);
#2508=DIRECTION('',(-1.E0,0.E0,0.E0));
#2509=VECTOR('',#2508,1.6E0);
#2510=CARTESIAN_POINT('',(-1.105E0,2.026047134540E0,-2.559860741678E0));
#2511=LINE('',#2510,#2509);
#2512=DIRECTION('',(0.E0,3.944296671351E-2,-9.992218234090E-1));
#2513=VECTOR('',#2512,6.603746297565E-1);
#2514=CARTESIAN_POINT('',(-2.705E0,2.E0,-1.9E0));
#2515=LINE('',#2514,#2513);
#2516=DIRECTION('',(0.E0,1.E0,0.E0));
#2517=VECTOR('',#2516,2.241474096078E-1);
#2518=CARTESIAN_POINT('',(-2.705E0,2.275852590392E0,-2.8E0));
#2519=LINE('',#2518,#2517);
#2520=CARTESIAN_POINT('',(-2.705E0,2.275852590392E0,-2.55E0));
#2521=DIRECTION('',(1.E0,0.E0,0.E0));
#2522=DIRECTION('',(0.E0,-9.992218234090E-1,-3.944296671351E-2));
#2523=AXIS2_PLACEMENT_3D('',#2520,#2521,#2522);
#2525=DIRECTION('',(-1.E0,0.E0,0.E0));
#2526=VECTOR('',#2525,1.6E0);
#2527=CARTESIAN_POINT('',(-1.105E0,2.275852590392E0,-2.8E0));
#2528=LINE('',#2527,#2526);
#2529=DIRECTION('',(0.E0,0.E0,-1.E0));
#2530=VECTOR('',#2529,1.5E0);
#2531=CARTESIAN_POINT('',(-6.865E0,-1.5E0,-3.5E0));
#2532=LINE('',#2531,#2530);
#2533=DIRECTION('',(1.E0,0.E0,0.E0));
#2534=VECTOR('',#2533,4.5E-1);
#2535=CARTESIAN_POINT('',(-7.315E0,-1.5E0,-3.5E0));
#2536=LINE('',#2535,#2534);
#2537=DIRECTION('',(0.E0,0.E0,-1.E0));
#2538=VECTOR('',#2537,1.45E0);
#2539=CARTESIAN_POINT('',(-4.57E0,-1.5E0,-3.5E0));
#2540=LINE('',#2539,#2538);
#2541=DIRECTION('',(1.E0,0.E0,0.E0));
#2542=VECTOR('',#2541,2.5E-1);
#2543=CARTESIAN_POINT('',(-4.57E0,-1.5E0,-4.95E0));
#2544=LINE('',#2543,#2542);
#2545=DIRECTION('',(0.E0,0.E0,-1.E0));
#2546=VECTOR('',#2545,1.45E0);
#2547=CARTESIAN_POINT('',(-4.32E0,-1.5E0,-3.5E0));
#2548=LINE('',#2547,#2546);
#2549=DIRECTION('',(1.E0,0.E0,0.E0));
#2550=VECTOR('',#2549,1.02E0);
#2551=CARTESIAN_POINT('',(-4.32E0,-1.5E0,-3.5E0));
#2552=LINE('',#2551,#2550);
#2553=DIRECTION('',(0.E0,0.E0,-1.E0));
#2554=VECTOR('',#2553,1.6E-1);
#2555=CARTESIAN_POINT('',(-3.3E0,-1.5E0,-3.5E0));
#2556=LINE('',#2555,#2554);
#2557=DIRECTION('',(1.E0,0.E0,0.E0));
#2558=VECTOR('',#2557,2.5E-1);
#2559=CARTESIAN_POINT('',(-3.3E0,-1.5E0,-3.66E0));
#2560=LINE('',#2559,#2558);
#2561=DIRECTION('',(0.E0,0.E0,-1.E0));
#2562=VECTOR('',#2561,1.6E-1);
#2563=CARTESIAN_POINT('',(-3.05E0,-1.5E0,-3.5E0));
#2564=LINE('',#2563,#2562);
#2565=DIRECTION('',(1.E0,0.E0,0.E0));
#2566=VECTOR('',#2565,1.02E0);
#2567=CARTESIAN_POINT('',(-3.05E0,-1.5E0,-3.5E0));
#2568=LINE('',#2567,#2566);
#2569=DIRECTION('',(0.E0,0.E0,-1.E0));
#2570=VECTOR('',#2569,1.45E0);
#2571=CARTESIAN_POINT('',(-2.03E0,-1.5E0,-3.5E0));
#2572=LINE('',#2571,#2570);
#2573=DIRECTION('',(1.E0,0.E0,0.E0));
#2574=VECTOR('',#2573,2.5E-1);
#2575=CARTESIAN_POINT('',(-2.03E0,-1.5E0,-4.95E0));
#2576=LINE('',#2575,#2574);
#2577=DIRECTION('',(0.E0,0.E0,-1.E0));
#2578=VECTOR('',#2577,1.45E0);
#2579=CARTESIAN_POINT('',(-1.78E0,-1.5E0,-3.5E0));
#2580=LINE('',#2579,#2578);
#2581=DIRECTION('',(1.E0,0.E0,0.E0));
#2582=VECTOR('',#2581,1.02E0);
#2583=CARTESIAN_POINT('',(-1.78E0,-1.5E0,-3.5E0));
#2584=LINE('',#2583,#2582);
#2585=DIRECTION('',(0.E0,0.E0,-1.E0));
#2586=VECTOR('',#2585,1.6E-1);
#2587=CARTESIAN_POINT('',(-7.6E-1,-1.5E0,-3.5E0));
#2588=LINE('',#2587,#2586);
#2589=DIRECTION('',(1.E0,0.E0,0.E0));
#2590=VECTOR('',#2589,2.5E-1);
#2591=CARTESIAN_POINT('',(-7.6E-1,-1.5E0,-3.66E0));
#2592=LINE('',#2591,#2590);
#2593=DIRECTION('',(0.E0,0.E0,-1.E0));
#2594=VECTOR('',#2593,1.6E-1);
#2595=CARTESIAN_POINT('',(-5.1E-1,-1.5E0,-3.5E0));
#2596=LINE('',#2595,#2594);
#2597=DIRECTION('',(1.E0,0.E0,0.E0));
#2598=VECTOR('',#2597,1.02E0);
#2599=CARTESIAN_POINT('',(-5.1E-1,-1.5E0,-3.5E0));
#2600=LINE('',#2599,#2598);
#2601=DIRECTION('',(0.E0,0.E0,-1.E0));
#2602=VECTOR('',#2601,1.45E0);
#2603=CARTESIAN_POINT('',(5.1E-1,-1.5E0,-3.5E0));
#2604=LINE('',#2603,#2602);
#2605=DIRECTION('',(1.E0,0.E0,0.E0));
#2606=VECTOR('',#2605,2.5E-1);
#2607=CARTESIAN_POINT('',(5.1E-1,-1.5E0,-4.95E0));
#2608=LINE('',#2607,#2606);
#2609=DIRECTION('',(0.E0,0.E0,-1.E0));
#2610=VECTOR('',#2609,1.45E0);
#2611=CARTESIAN_POINT('',(7.6E-1,-1.5E0,-3.5E0));
#2612=LINE('',#2611,#2610);
#2613=DIRECTION('',(1.E0,0.E0,0.E0));
#2614=VECTOR('',#2613,1.02E0);
#2615=CARTESIAN_POINT('',(7.6E-1,-1.5E0,-3.5E0));
#2616=LINE('',#2615,#2614);
#2617=DIRECTION('',(0.E0,0.E0,-1.E0));
#2618=VECTOR('',#2617,1.6E-1);
#2619=CARTESIAN_POINT('',(1.78E0,-1.5E0,-3.5E0));
#2620=LINE('',#2619,#2618);
#2621=DIRECTION('',(1.E0,0.E0,0.E0));
#2622=VECTOR('',#2621,2.5E-1);
#2623=CARTESIAN_POINT('',(1.78E0,-1.5E0,-3.66E0));
#2624=LINE('',#2623,#2622);
#2625=DIRECTION('',(0.E0,0.E0,-1.E0));
#2626=VECTOR('',#2625,1.6E-1);
#2627=CARTESIAN_POINT('',(2.03E0,-1.5E0,-3.5E0));
#2628=LINE('',#2627,#2626);
#2629=DIRECTION('',(1.E0,0.E0,0.E0));
#2630=VECTOR('',#2629,1.02E0);
#2631=CARTESIAN_POINT('',(2.03E0,-1.5E0,-3.5E0));
#2632=LINE('',#2631,#2630);
#2633=DIRECTION('',(0.E0,0.E0,-1.E0));
#2634=VECTOR('',#2633,1.45E0);
#2635=CARTESIAN_POINT('',(3.05E0,-1.5E0,-3.5E0));
#2636=LINE('',#2635,#2634);
#2637=DIRECTION('',(1.E0,0.E0,0.E0));
#2638=VECTOR('',#2637,2.5E-1);
#2639=CARTESIAN_POINT('',(3.05E0,-1.5E0,-4.95E0));
#2640=LINE('',#2639,#2638);
#2641=DIRECTION('',(0.E0,0.E0,-1.E0));
#2642=VECTOR('',#2641,1.45E0);
#2643=CARTESIAN_POINT('',(3.3E0,-1.5E0,-3.5E0));
#2644=LINE('',#2643,#2642);
#2645=DIRECTION('',(1.E0,0.E0,0.E0));
#2646=VECTOR('',#2645,1.02E0);
#2647=CARTESIAN_POINT('',(3.3E0,-1.5E0,-3.5E0));
#2648=LINE('',#2647,#2646);
#2649=DIRECTION('',(0.E0,0.E0,-1.E0));
#2650=VECTOR('',#2649,1.6E-1);
#2651=CARTESIAN_POINT('',(4.32E0,-1.5E0,-3.5E0));
#2652=LINE('',#2651,#2650);
#2653=DIRECTION('',(1.E0,0.E0,0.E0));
#2654=VECTOR('',#2653,2.5E-1);
#2655=CARTESIAN_POINT('',(4.32E0,-1.5E0,-3.66E0));
#2656=LINE('',#2655,#2654);
#2657=DIRECTION('',(0.E0,0.E0,-1.E0));
#2658=VECTOR('',#2657,1.6E-1);
#2659=CARTESIAN_POINT('',(4.57E0,-1.5E0,-3.5E0));
#2660=LINE('',#2659,#2658);
#2661=DIRECTION('',(1.E0,0.E0,0.E0));
#2662=VECTOR('',#2661,7.75E-1);
#2663=CARTESIAN_POINT('',(4.57E0,-1.5E0,-3.5E0));
#2664=LINE('',#2663,#2662);
#2665=DIRECTION('',(0.E0,0.E0,-1.E0));
#2666=VECTOR('',#2665,1.5E0);
#2667=CARTESIAN_POINT('',(5.345E0,-1.5E0,-3.5E0));
#2668=LINE('',#2667,#2666);
#2669=DIRECTION('',(0.E0,0.E0,-1.E0));
#2670=VECTOR('',#2669,7.001752994531E-1);
#2671=CARTESIAN_POINT('',(4.57E0,-1.5E0,-4.299824700547E0));
#2672=LINE('',#2671,#2670);
#2673=DIRECTION('',(1.E0,0.E0,0.E0));
#2674=VECTOR('',#2673,2.5E-1);
#2675=CARTESIAN_POINT('',(4.32E0,-1.5E0,-4.299824700547E0));
#2676=LINE('',#2675,#2674);
#2677=DIRECTION('',(0.E0,0.E0,-1.E0));
#2678=VECTOR('',#2677,7.001752994531E-1);
#2679=CARTESIAN_POINT('',(4.32E0,-1.5E0,-4.299824700547E0));
#2680=LINE('',#2679,#2678);
#2681=DIRECTION('',(0.E0,0.E0,-1.E0));
#2682=VECTOR('',#2681,7.001752994531E-1);
#2683=CARTESIAN_POINT('',(2.03E0,-1.5E0,-4.299824700547E0));
#2684=LINE('',#2683,#2682);
#2685=DIRECTION('',(1.E0,0.E0,0.E0));
#2686=VECTOR('',#2685,2.5E-1);
#2687=CARTESIAN_POINT('',(1.78E0,-1.5E0,-4.299824700547E0));
#2688=LINE('',#2687,#2686);
#2689=DIRECTION('',(0.E0,0.E0,-1.E0));
#2690=VECTOR('',#2689,7.001752994531E-1);
#2691=CARTESIAN_POINT('',(1.78E0,-1.5E0,-4.299824700547E0));
#2692=LINE('',#2691,#2690);
#2693=DIRECTION('',(0.E0,0.E0,-1.E0));
#2694=VECTOR('',#2693,7.001752994531E-1);
#2695=CARTESIAN_POINT('',(-5.1E-1,-1.5E0,-4.299824700547E0));
#2696=LINE('',#2695,#2694);
#2697=DIRECTION('',(1.E0,0.E0,0.E0));
#2698=VECTOR('',#2697,2.5E-1);
#2699=CARTESIAN_POINT('',(-7.6E-1,-1.5E0,-4.299824700547E0));
#2700=LINE('',#2699,#2698);
#2701=DIRECTION('',(0.E0,0.E0,-1.E0));
#2702=VECTOR('',#2701,7.001752994531E-1);
#2703=CARTESIAN_POINT('',(-7.6E-1,-1.5E0,-4.299824700547E0));
#2704=LINE('',#2703,#2702);
#2705=DIRECTION('',(0.E0,0.E0,-1.E0));
#2706=VECTOR('',#2705,7.001752994531E-1);
#2707=CARTESIAN_POINT('',(-3.05E0,-1.5E0,-4.299824700547E0));
#2708=LINE('',#2707,#2706);
#2709=DIRECTION('',(1.E0,0.E0,0.E0));
#2710=VECTOR('',#2709,2.5E-1);
#2711=CARTESIAN_POINT('',(-3.3E0,-1.5E0,-4.299824700547E0));
#2712=LINE('',#2711,#2710);
#2713=DIRECTION('',(0.E0,0.E0,-1.E0));
#2714=VECTOR('',#2713,7.001752994531E-1);
#2715=CARTESIAN_POINT('',(-3.3E0,-1.5E0,-4.299824700547E0));
#2716=LINE('',#2715,#2714);
#2717=DIRECTION('',(0.E0,0.E0,-1.E0));
#2718=VECTOR('',#2717,1.5E0);
#2719=CARTESIAN_POINT('',(-6.045E0,-1.5E0,-3.5E0));
#2720=LINE('',#2719,#2718);
#2721=DIRECTION('',(1.E0,0.E0,0.E0));
#2722=VECTOR('',#2721,1.475E0);
#2723=CARTESIAN_POINT('',(-6.045E0,-1.5E0,-3.5E0));
#2724=LINE('',#2723,#2722);
#2725=DIRECTION('',(0.E0,1.E0,0.E0));
#2726=VECTOR('',#2725,3.726497308104E-1);
#2727=CARTESIAN_POINT('',(-6.865E0,-1.5E0,-5.E0));
#2728=LINE('',#2727,#2726);
#2729=DIRECTION('',(1.E0,0.E0,0.E0));
#2730=VECTOR('',#2729,4.5E-1);
#2731=CARTESIAN_POINT('',(-7.315E0,-1.5E0,-5.E0));
#2732=LINE('',#2731,#2730);
#2733=DIRECTION('',(0.E0,1.E0,0.E0));
#2734=VECTOR('',#2733,3.726497308104E-1);
#2735=CARTESIAN_POINT('',(4.57E0,-1.5E0,-5.E0));
#2736=LINE('',#2735,#2734);
#2737=DIRECTION('',(1.E0,0.E0,0.E0));
#2738=VECTOR('',#2737,7.75E-1);
#2739=CARTESIAN_POINT('',(4.57E0,-1.5E0,-5.E0));
#2740=LINE('',#2739,#2738);
#2741=DIRECTION('',(0.E0,1.E0,0.E0));
#2742=VECTOR('',#2741,3.726497308104E-1);
#2743=CARTESIAN_POINT('',(5.345E0,-1.5E0,-5.E0));
#2744=LINE('',#2743,#2742);
#2745=DIRECTION('',(0.E0,1.E0,0.E0));
#2746=VECTOR('',#2745,3.726497308104E-1);
#2747=CARTESIAN_POINT('',(2.03E0,-1.5E0,-5.E0));
#2748=LINE('',#2747,#2746);
#2749=DIRECTION('',(1.E0,0.E0,0.E0));
#2750=VECTOR('',#2749,2.29E0);
#2751=CARTESIAN_POINT('',(2.03E0,-1.5E0,-5.E0));
#2752=LINE('',#2751,#2750);
#2753=DIRECTION('',(0.E0,1.E0,0.E0));
#2754=VECTOR('',#2753,3.726497308104E-1);
#2755=CARTESIAN_POINT('',(4.32E0,-1.5E0,-5.E0));
#2756=LINE('',#2755,#2754);
#2757=DIRECTION('',(0.E0,1.E0,0.E0));
#2758=VECTOR('',#2757,3.726497308104E-1);
#2759=CARTESIAN_POINT('',(-5.1E-1,-1.5E0,-5.E0));
#2760=LINE('',#2759,#2758);
#2761=DIRECTION('',(1.E0,0.E0,0.E0));
#2762=VECTOR('',#2761,2.29E0);
#2763=CARTESIAN_POINT('',(-5.1E-1,-1.5E0,-5.E0));
#2764=LINE('',#2763,#2762);
#2765=DIRECTION('',(0.E0,1.E0,0.E0));
#2766=VECTOR('',#2765,3.726497308104E-1);
#2767=CARTESIAN_POINT('',(1.78E0,-1.5E0,-5.E0));
#2768=LINE('',#2767,#2766);
#2769=DIRECTION('',(0.E0,1.E0,0.E0));
#2770=VECTOR('',#2769,3.726497308104E-1);
#2771=CARTESIAN_POINT('',(-3.3E0,-1.5E0,-5.E0));
#2772=LINE('',#2771,#2770);
#2773=DIRECTION('',(0.E0,1.E0,0.E0));
#2774=VECTOR('',#2773,3.726497308104E-1);
#2775=CARTESIAN_POINT('',(-6.045E0,-1.5E0,-5.E0));
#2776=LINE('',#2775,#2774);
#2777=DIRECTION('',(1.E0,0.E0,0.E0));
#2778=VECTOR('',#2777,2.745E0);
#2779=CARTESIAN_POINT('',(-6.045E0,-1.5E0,-5.E0));
#2780=LINE('',#2779,#2778);
#2781=DIRECTION('',(0.E0,1.E0,0.E0));
#2782=VECTOR('',#2781,3.726497308104E-1);
#2783=CARTESIAN_POINT('',(-3.05E0,-1.5E0,-5.E0));
#2784=LINE('',#2783,#2782);
#2785=DIRECTION('',(1.E0,0.E0,0.E0));
#2786=VECTOR('',#2785,2.29E0);
#2787=CARTESIAN_POINT('',(-3.05E0,-1.5E0,-5.E0));
#2788=LINE('',#2787,#2786);
#2789=DIRECTION('',(0.E0,1.E0,0.E0));
#2790=VECTOR('',#2789,3.726497308104E-1);
#2791=CARTESIAN_POINT('',(-7.6E-1,-1.5E0,-5.E0));
#2792=LINE('',#2791,#2790);
#2793=DIRECTION('',(0.E0,5.E-1,8.660254037844E-1));
#2794=VECTOR('',#2793,1.154700538379E0);
#2795=CARTESIAN_POINT('',(-6.865E0,-1.127350269190E0,-5.E0));
#2796=LINE('',#2795,#2794);
#2797=DIRECTION('',(1.E0,0.E0,0.E0));
#2798=VECTOR('',#2797,4.5E-1);
#2799=CARTESIAN_POINT('',(-7.315E0,-1.127350269190E0,-5.E0));
#2800=LINE('',#2799,#2798);
#2801=DIRECTION('',(0.E0,5.E-1,8.660254037844E-1));
#2802=VECTOR('',#2801,8.802482258821E-1);
#2803=CARTESIAN_POINT('',(3.05E0,-1.094911148825E0,-4.943813795375E0));
#2804=LINE('',#2803,#2802);
#2805=DIRECTION('',(1.E0,0.E0,0.E0));
#2806=VECTOR('',#2805,2.5E-1);
#2807=CARTESIAN_POINT('',(3.05E0,-6.547870358838E-1,-4.181496470125E0));
#2808=LINE('',#2807,#2806);
#2809=DIRECTION('',(0.E0,5.E-1,8.660254037844E-1));
#2810=VECTOR('',#2809,8.802482258821E-1);
#2811=CARTESIAN_POINT('',(3.3E0,-1.094911148825E0,-4.943813795375E0));
#2812=LINE('',#2811,#2810);
#2813=DIRECTION('',(1.E0,0.E0,0.E0));
#2814=VECTOR('',#2813,2.5E-1);
#2815=CARTESIAN_POINT('',(3.05E0,-1.094911148825E0,-4.943813795375E0));
#2816=LINE('',#2815,#2814);
#2817=DIRECTION('',(0.E0,5.E-1,8.660254037844E-1));
#2818=VECTOR('',#2817,8.802482258821E-1);
#2819=CARTESIAN_POINT('',(5.1E-1,-1.094911148825E0,-4.943813795375E0));
#2820=LINE('',#2819,#2818);
#2821=DIRECTION('',(1.E0,0.E0,0.E0));
#2822=VECTOR('',#2821,2.5E-1);
#2823=CARTESIAN_POINT('',(5.1E-1,-6.547870358838E-1,-4.181496470125E0));
#2824=LINE('',#2823,#2822);
#2825=DIRECTION('',(0.E0,5.E-1,8.660254037844E-1));
#2826=VECTOR('',#2825,8.802482258821E-1);
#2827=CARTESIAN_POINT('',(7.6E-1,-1.094911148825E0,-4.943813795375E0));
#2828=LINE('',#2827,#2826);
#2829=DIRECTION('',(1.E0,0.E0,0.E0));
#2830=VECTOR('',#2829,2.5E-1);
#2831=CARTESIAN_POINT('',(5.1E-1,-1.094911148825E0,-4.943813795375E0));
#2832=LINE('',#2831,#2830);
#2833=DIRECTION('',(0.E0,5.E-1,8.660254037844E-1));
#2834=VECTOR('',#2833,8.802482258821E-1);
#2835=CARTESIAN_POINT('',(-2.03E0,-1.094911148825E0,-4.943813795375E0));
#2836=LINE('',#2835,#2834);
#2837=DIRECTION('',(1.E0,0.E0,0.E0));
#2838=VECTOR('',#2837,2.5E-1);
#2839=CARTESIAN_POINT('',(-2.03E0,-6.547870358838E-1,-4.181496470125E0));
#2840=LINE('',#2839,#2838);
#2841=DIRECTION('',(0.E0,5.E-1,8.660254037844E-1));
#2842=VECTOR('',#2841,8.802482258821E-1);
#2843=CARTESIAN_POINT('',(-1.78E0,-1.094911148825E0,-4.943813795375E0));
#2844=LINE('',#2843,#2842);
#2845=DIRECTION('',(1.E0,0.E0,0.E0));
#2846=VECTOR('',#2845,2.5E-1);
#2847=CARTESIAN_POINT('',(-2.03E0,-1.094911148825E0,-4.943813795375E0));
#2848=LINE('',#2847,#2846);
#2849=DIRECTION('',(0.E0,5.E-1,8.660254037844E-1));
#2850=VECTOR('',#2849,8.565408069883E-1);
#2851=CARTESIAN_POINT('',(-3.3E0,-1.127350269190E0,-5.E0));
#2852=LINE('',#2851,#2850);
#2853=DIRECTION('',(1.E0,0.E0,0.E0));
#2854=VECTOR('',#2853,2.5E-1);
#2855=CARTESIAN_POINT('',(-3.3E0,-6.990798656955E-1,-4.258213901770E0));
#2856=LINE('',#2855,#2854);
#2857=DIRECTION('',(0.E0,5.E-1,8.660254037844E-1));
#2858=VECTOR('',#2857,8.565408069883E-1);
#2859=CARTESIAN_POINT('',(-3.05E0,-1.127350269190E0,-5.E0));
#2860=LINE('',#2859,#2858);
#2861=DIRECTION('',(1.E0,0.E0,0.E0));
#2862=VECTOR('',#2861,2.29E0);
#2863=CARTESIAN_POINT('',(-3.05E0,-1.127350269190E0,-5.E0));
#2864=LINE('',#2863,#2862);
#2865=DIRECTION('',(0.E0,5.E-1,8.660254037844E-1));
#2866=VECTOR('',#2865,8.565408069883E-1);
#2867=CARTESIAN_POINT('',(-7.6E-1,-1.127350269190E0,-5.E0));
#2868=LINE('',#2867,#2866);
#2869=DIRECTION('',(1.E0,0.E0,0.E0));
#2870=VECTOR('',#2869,2.5E-1);
#2871=CARTESIAN_POINT('',(-7.6E-1,-6.990798656955E-1,-4.258213901770E0));
#2872=LINE('',#2871,#2870);
#2873=DIRECTION('',(0.E0,5.E-1,8.660254037844E-1));
#2874=VECTOR('',#2873,8.565408069883E-1);
#2875=CARTESIAN_POINT('',(-5.1E-1,-1.127350269190E0,-5.E0));
#2876=LINE('',#2875,#2874);
#2877=DIRECTION('',(1.E0,0.E0,0.E0));
#2878=VECTOR('',#2877,2.29E0);
#2879=CARTESIAN_POINT('',(-5.1E-1,-1.127350269190E0,-5.E0));
#2880=LINE('',#2879,#2878);
#2881=DIRECTION('',(0.E0,5.E-1,8.660254037844E-1));
#2882=VECTOR('',#2881,8.565408069883E-1);
#2883=CARTESIAN_POINT('',(1.78E0,-1.127350269190E0,-5.E0));
#2884=LINE('',#2883,#2882);
#2885=DIRECTION('',(1.E0,0.E0,0.E0));
#2886=VECTOR('',#2885,2.5E-1);
#2887=CARTESIAN_POINT('',(1.78E0,-6.990798656955E-1,-4.258213901770E0));
#2888=LINE('',#2887,#2886);
#2889=DIRECTION('',(0.E0,5.E-1,8.660254037844E-1));
#2890=VECTOR('',#2889,8.565408069883E-1);
#2891=CARTESIAN_POINT('',(2.03E0,-1.127350269190E0,-5.E0));
#2892=LINE('',#2891,#2890);
#2893=DIRECTION('',(1.E0,0.E0,0.E0));
#2894=VECTOR('',#2893,2.29E0);
#2895=CARTESIAN_POINT('',(2.03E0,-1.127350269190E0,-5.E0));
#2896=LINE('',#2895,#2894);
#2897=DIRECTION('',(0.E0,5.E-1,8.660254037844E-1));
#2898=VECTOR('',#2897,8.565408069883E-1);
#2899=CARTESIAN_POINT('',(4.32E0,-1.127350269190E0,-5.E0));
#2900=LINE('',#2899,#2898);
#2901=DIRECTION('',(1.E0,0.E0,0.E0));
#2902=VECTOR('',#2901,2.5E-1);
#2903=CARTESIAN_POINT('',(4.32E0,-6.990798656955E-1,-4.258213901770E0));
#2904=LINE('',#2903,#2902);
#2905=DIRECTION('',(0.E0,5.E-1,8.660254037844E-1));
#2906=VECTOR('',#2905,8.565408069883E-1);
#2907=CARTESIAN_POINT('',(4.57E0,-1.127350269190E0,-5.E0));
#2908=LINE('',#2907,#2906);
#2909=DIRECTION('',(1.E0,0.E0,0.E0));
#2910=VECTOR('',#2909,7.75E-1);
#2911=CARTESIAN_POINT('',(4.57E0,-1.127350269190E0,-5.E0));
#2912=LINE('',#2911,#2910);
#2913=DIRECTION('',(0.E0,5.E-1,8.660254037844E-1));
#2914=VECTOR('',#2913,1.154700538379E0);
#2915=CARTESIAN_POINT('',(5.345E0,-1.127350269190E0,-5.E0));
#2916=LINE('',#2915,#2914);
#2917=DIRECTION('',(0.E0,5.E-1,8.660254037844E-1));
#2918=VECTOR('',#2917,1.154700538379E0);
#2919=CARTESIAN_POINT('',(-6.045E0,-1.127350269190E0,-5.E0));
#2920=LINE('',#2919,#2918);
#2921=DIRECTION('',(1.E0,0.E0,0.E0));
#2922=VECTOR('',#2921,2.745E0);
#2923=CARTESIAN_POINT('',(-6.045E0,-1.127350269190E0,-5.E0));
#2924=LINE('',#2923,#2922);
#2925=DIRECTION('',(0.E0,5.E-1,8.660254037844E-1));
#2926=VECTOR('',#2925,8.802482258821E-1);
#2927=CARTESIAN_POINT('',(-4.57E0,-1.094911148825E0,-4.943813795375E0));
#2928=LINE('',#2927,#2926);
#2929=DIRECTION('',(1.E0,0.E0,0.E0));
#2930=VECTOR('',#2929,2.5E-1);
#2931=CARTESIAN_POINT('',(-4.57E0,-6.547870358838E-1,-4.181496470125E0));
#2932=LINE('',#2931,#2930);
#2933=DIRECTION('',(0.E0,5.E-1,8.660254037844E-1));
#2934=VECTOR('',#2933,8.802482258821E-1);
#2935=CARTESIAN_POINT('',(-4.32E0,-1.094911148825E0,-4.943813795375E0));
#2936=LINE('',#2935,#2934);
#2937=DIRECTION('',(1.E0,0.E0,0.E0));
#2938=VECTOR('',#2937,2.5E-1);
#2939=CARTESIAN_POINT('',(-4.57E0,-1.094911148825E0,-4.943813795375E0));
#2940=LINE('',#2939,#2938);
#2941=DIRECTION('',(0.E0,1.E0,0.E0));
#2942=VECTOR('',#2941,1.1E0);
#2943=CARTESIAN_POINT('',(5.345E0,-5.5E-1,-4.E0));
#2944=LINE('',#2943,#2942);
#2945=DIRECTION('',(0.E0,1.E0,0.E0));
#2946=VECTOR('',#2945,1.1E0);
#2947=CARTESIAN_POINT('',(-6.045E0,-5.5E-1,-4.E0));
#2948=LINE('',#2947,#2946);
#2949=DIRECTION('',(1.E0,0.E0,0.E0));
#2950=VECTOR('',#2949,1.139E1);
#2951=CARTESIAN_POINT('',(-6.045E0,-5.5E-1,-4.E0));
#2952=LINE('',#2951,#2950);
#2953=DIRECTION('',(0.E0,1.E0,0.E0));
#2954=VECTOR('',#2953,1.1E0);
#2955=CARTESIAN_POINT('',(-6.865E0,-5.5E-1,-4.E0));
#2956=LINE('',#2955,#2954);
#2957=DIRECTION('',(1.E0,0.E0,0.E0));
#2958=VECTOR('',#2957,4.5E-1);
#2959=CARTESIAN_POINT('',(-7.315E0,-5.5E-1,-4.E0));
#2960=LINE('',#2959,#2958);
#2961=CARTESIAN_POINT('',(3.05E0,-2.285E0,-3.242893218813E0));
#2962=DIRECTION('',(-1.E0,0.E0,0.E0));
#2963=DIRECTION('',(0.E0,8.576621784080E-1,-5.142135623731E-1));
#2964=AXIS2_PLACEMENT_3D('',#2961,#2962,#2963);
#2966=DIRECTION('',(0.E0,-7.071067811865E-1,-7.071067811865E-1));
#2967=VECTOR('',#2966,1.023259018078E0);
#2968=CARTESIAN_POINT('',(3.05E0,-1.931446609407E0,-3.596446609407E0));
#2969=LINE('',#2968,#2967);
#2970=DIRECTION('',(0.E0,0.E0,-1.E0));
#2971=VECTOR('',#2970,5.3E-1);
#2972=CARTESIAN_POINT('',(3.05E0,-2.655E0,-4.32E0));
#2973=LINE('',#2972,#2971);
#2974=DIRECTION('',(0.E0,1.E0,0.E0));
#2975=VECTOR('',#2974,6.E-1);
#2976=CARTESIAN_POINT('',(3.05E0,-2.655E0,-4.85E0));
#2977=LINE('',#2976,#2975);
#2978=DIRECTION('',(0.E0,0.E0,1.E0));
#2979=VECTOR('',#2978,5.E-2);
#2980=CARTESIAN_POINT('',(3.05E0,-2.055E0,-4.85E0));
#2981=LINE('',#2980,#2979);
#2982=CARTESIAN_POINT('',(3.05E0,-1.905E0,-4.8E0));
#2983=DIRECTION('',(-1.E0,0.E0,0.E0));
#2984=DIRECTION('',(0.E0,-1.E0,0.E0));
#2985=AXIS2_PLACEMENT_3D('',#2982,#2983,#2984);
#2987=DIRECTION('',(0.E0,2.588190451023E-1,-9.659258262891E-1));
#2988=VECTOR('',#2987,8.038475772928E-2);
#2989=CARTESIAN_POINT('',(3.05E0,-1.760111126057E0,-4.761177143235E0));
#2990=LINE('',#2989,#2988);
#2991=CARTESIAN_POINT('',(3.05E0,-1.594417145877E0,-4.8E0));
#2992=DIRECTION('',(1.E0,0.E0,0.E0));
#2993=DIRECTION('',(0.E0,-9.659258262891E-1,-2.588190451025E-1));
#2994=AXIS2_PLACEMENT_3D('',#2991,#2992,#2993);
#2996=DIRECTION('',(0.E0,1.E0,0.E0));
#2997=VECTOR('',#2996,9.441714587699E-2);
#2998=CARTESIAN_POINT('',(3.05E0,-1.594417145877E0,-4.95E0));
#2999=LINE('',#2998,#2997);
#3000=DIRECTION('',(0.E0,0.E0,1.E0));
#3001=VECTOR('',#3000,5.E-2);
#3002=CARTESIAN_POINT('',(3.05E0,2.025E0,-3.55E0));
#3003=LINE('',#3002,#3001);
#3004=DIRECTION('',(0.E0,1.E0,0.E0));
#3005=VECTOR('',#3004,8.860389693211E-2);
#3006=CARTESIAN_POINT('',(3.05E0,1.5E0,-3.8E0));
#3007=LINE('',#3006,#3005);
#3008=CARTESIAN_POINT('',(3.05E0,1.588603896932E0,-3.35E0));
#3009=DIRECTION('',(1.E0,0.E0,0.E0));
#3010=DIRECTION('',(0.E0,0.E0,-1.E0));
#3011=AXIS2_PLACEMENT_3D('',#3008,#3009,#3010);
#3013=DIRECTION('',(0.E0,7.071067811865E-1,7.071067811865E-1));
#3014=VECTOR('',#3013,1.671572875254E-1);
#3015=CARTESIAN_POINT('',(3.05E0,1.906801948466E0,-3.668198051534E0));
#3016=LINE('',#3015,#3014);
#3017=CARTESIAN_POINT('',(3.05E0,-1.137544378350E0,-4.8E0));
#3018=DIRECTION('',(1.E0,0.E0,0.E0));
#3019=DIRECTION('',(0.E0,2.842215301682E-1,-9.587586358353E-1));
#3020=AXIS2_PLACEMENT_3D('',#3017,#3018,#3019);
#3022=DIRECTION('',(0.E0,2.588190451016E-1,9.659258262893E-1));
#3023=VECTOR('',#3022,4.932647231673E-2);
#3024=CARTESIAN_POINT('',(3.05E0,-9.926555044066E-1,-4.838822856765E0));
#3025=LINE('',#3024,#3023);
#3026=CARTESIAN_POINT('',(3.05E0,-8.35E-1,-4.83E0));
#3027=DIRECTION('',(-1.E0,0.E0,0.E0));
#3028=DIRECTION('',(0.E0,-9.659258262893E-1,2.588190451016E-1));
#3029=AXIS2_PLACEMENT_3D('',#3026,#3027,#3028);
#3031=DIRECTION('',(0.E0,2.931914799009E-1,-9.560537412267E-1));
#3032=VECTOR('',#3031,6.072186179735E-2);
#3033=CARTESIAN_POINT('',(3.05E0,-6.915919388160E-1,-4.786021278015E0));
#3034=LINE('',#3033,#3032);
#3035=CARTESIAN_POINT('',(3.05E0,-5.303807451093E-1,-4.800095919175E0));
#3036=DIRECTION('',(1.E0,0.E0,0.E0));
#3037=DIRECTION('',(0.E0,-9.560537412266E-1,-2.931914799010E-1));
#3038=AXIS2_PLACEMENT_3D('',#3035,#3036,#3037);
#3040=DIRECTION('',(0.E0,9.993605388313E-1,3.575630611351E-2));
#3041=VECTOR('',#3040,1.541002710587E0);
#3042=CARTESIAN_POINT('',(3.05E0,-5.250172991923E-1,-4.95E0));
#3043=LINE('',#3042,#3041);
#3044=DIRECTION('',(0.E0,7.319381403809E-1,-6.813710873348E-1));
#3045=VECTOR('',#3044,1.526234832423E-1);
#3046=CARTESIAN_POINT('',(3.05E0,1.015E0,-4.894899435359E0));
#3047=LINE('',#3046,#3045);
#3048=DIRECTION('',(0.E0,-9.986740376831E-1,5.147976746091E-2));
#3049=VECTOR('',#3048,1.313071698185E0);
#3050=CARTESIAN_POINT('',(3.05E0,6.986086494748E-1,-4.257397731335E0));
#3051=LINE('',#3050,#3049);
#3052=CARTESIAN_POINT('',(3.05E0,-6.05E-1,-4.04E0));
#3053=DIRECTION('',(-1.E0,0.E0,0.E0));
#3054=DIRECTION('',(0.E0,-5.147976746091E-2,-9.986740376831E-1));
#3055=AXIS2_PLACEMENT_3D('',#3052,#3053,#3054);
#3057=DIRECTION('',(0.E0,7.319381403809E-1,-6.813710873348E-1));
#3058=VECTOR('',#3057,2.789239679652E-1);
#3059=CARTESIAN_POINT('',(3.05E0,1.127900463883E0,-5.E0));
#3060=LINE('',#3059,#3058);
#3061=DIRECTION('',(0.E0,9.986740376831E-1,-5.147976746091E-2));
#3062=VECTOR('',#3061,1.977845028554E0);
#3063=CARTESIAN_POINT('',(3.05E0,1.332055554303E0,-5.190050727336E0));
#3064=LINE('',#3063,#3062);
#3065=CARTESIAN_POINT('',(3.05E0,3.315E0,-5.142068623827E0));
#3066=DIRECTION('',(1.E0,0.E0,0.E0));
#3067=DIRECTION('',(0.E0,-5.147976746091E-2,-9.986740376831E-1));
#3068=AXIS2_PLACEMENT_3D('',#3065,#3066,#3067);
#3070=DIRECTION('',(0.E0,0.E0,1.E0));
#3071=VECTOR('',#3070,4.505974752723E-1);
#3072=CARTESIAN_POINT('',(3.05E0,3.465E0,-5.142068623827E0));
#3073=LINE('',#3072,#3071);
#3074=CARTESIAN_POINT('',(3.05E0,3.315E0,-4.691471148555E0));
#3075=DIRECTION('',(1.E0,0.E0,0.E0));
#3076=DIRECTION('',(0.E0,1.E0,0.E0));
#3077=AXIS2_PLACEMENT_3D('',#3074,#3075,#3076);
#3079=DIRECTION('',(0.E0,-9.986740376831E-1,5.147976746091E-2));
#3080=VECTOR('',#3079,4.662043005677E-1);
#3081=CARTESIAN_POINT('',(3.05E0,3.322721965119E0,-4.541670042903E0));
#3082=LINE('',#3081,#3080);
#3083=CARTESIAN_POINT('',(3.05E0,2.864857799005E0,-4.367868848268E0));
#3084=DIRECTION('',(-1.E0,0.E0,0.E0));
#3085=DIRECTION('',(0.E0,-5.147976746054E-2,-9.986740376831E-1));
#3086=AXIS2_PLACEMENT_3D('',#3083,#3084,#3085);
#3088=DIRECTION('',(0.E0,-9.986740376831E-1,5.147976746091E-2));
#3089=VECTOR('',#3088,1.216613183235E0);
#3090=CARTESIAN_POINT('',(3.05E0,2.715E0,-4.361338911258E0));
#3091=LINE('',#3090,#3089);
#3092=DIRECTION('',(0.E0,1.E0,0.E0));
#3093=VECTOR('',#3092,9.441714587699E-2);
#3094=CARTESIAN_POINT('',(3.3E0,-1.594417145877E0,-4.95E0));
#3095=LINE('',#3094,#3093);
#3096=CARTESIAN_POINT('',(3.3E0,-1.594417145877E0,-4.8E0));
#3097=DIRECTION('',(1.E0,0.E0,0.E0));
#3098=DIRECTION('',(0.E0,-9.659258262891E-1,-2.588190451025E-1));
#3099=AXIS2_PLACEMENT_3D('',#3096,#3097,#3098);
#3101=DIRECTION('',(0.E0,2.588190451023E-1,-9.659258262891E-1));
#3102=VECTOR('',#3101,8.038475772928E-2);
#3103=CARTESIAN_POINT('',(3.3E0,-1.760111126057E0,-4.761177143235E0));
#3104=LINE('',#3103,#3102);
#3105=CARTESIAN_POINT('',(3.3E0,-1.905E0,-4.8E0));
#3106=DIRECTION('',(-1.E0,0.E0,0.E0));
#3107=DIRECTION('',(0.E0,-1.E0,0.E0));
#3108=AXIS2_PLACEMENT_3D('',#3105,#3106,#3107);
#3110=DIRECTION('',(0.E0,0.E0,1.E0));
#3111=VECTOR('',#3110,5.E-2);
#3112=CARTESIAN_POINT('',(3.3E0,-2.055E0,-4.85E0));
#3113=LINE('',#3112,#3111);
#3114=DIRECTION('',(0.E0,1.E0,0.E0));
#3115=VECTOR('',#3114,6.E-1);
#3116=CARTESIAN_POINT('',(3.3E0,-2.655E0,-4.85E0));
#3117=LINE('',#3116,#3115);
#3118=DIRECTION('',(0.E0,0.E0,-1.E0));
#3119=VECTOR('',#3118,5.3E-1);
#3120=CARTESIAN_POINT('',(3.3E0,-2.655E0,-4.32E0));
#3121=LINE('',#3120,#3119);
#3122=DIRECTION('',(0.E0,-7.071067811865E-1,-7.071067811865E-1));
#3123=VECTOR('',#3122,1.023259018078E0);
#3124=CARTESIAN_POINT('',(3.3E0,-1.931446609407E0,-3.596446609407E0));
#3125=LINE('',#3124,#3123);
#3126=CARTESIAN_POINT('',(3.3E0,-2.285E0,-3.242893218813E0));
#3127=DIRECTION('',(-1.E0,0.E0,0.E0));
#3128=DIRECTION('',(0.E0,8.576621784080E-1,-5.142135623731E-1));
#3129=AXIS2_PLACEMENT_3D('',#3126,#3127,#3128);
#3131=DIRECTION('',(0.E0,0.E0,1.E0));
#3132=VECTOR('',#3131,5.E-2);
#3133=CARTESIAN_POINT('',(3.3E0,2.025E0,-3.55E0));
#3134=LINE('',#3133,#3132);
#3135=DIRECTION('',(0.E0,7.071067811865E-1,7.071067811865E-1));
#3136=VECTOR('',#3135,1.671572875254E-1);
#3137=CARTESIAN_POINT('',(3.3E0,1.906801948466E0,-3.668198051534E0));
#3138=LINE('',#3137,#3136);
#3139=CARTESIAN_POINT('',(3.3E0,1.588603896932E0,-3.35E0));
#3140=DIRECTION('',(1.E0,0.E0,0.E0));
#3141=DIRECTION('',(0.E0,0.E0,-1.E0));
#3142=AXIS2_PLACEMENT_3D('',#3139,#3140,#3141);
#3144=DIRECTION('',(0.E0,1.E0,0.E0));
#3145=VECTOR('',#3144,8.860389693211E-2);
#3146=CARTESIAN_POINT('',(3.3E0,1.5E0,-3.8E0));
#3147=LINE('',#3146,#3145);
#3148=CARTESIAN_POINT('',(3.3E0,-6.05E-1,-4.04E0));
#3149=DIRECTION('',(-1.E0,0.E0,0.E0));
#3150=DIRECTION('',(0.E0,-5.147976746091E-2,-9.986740376831E-1));
#3151=AXIS2_PLACEMENT_3D('',#3148,#3149,#3150);
#3153=DIRECTION('',(0.E0,-9.986740376831E-1,5.147976746091E-2));
#3154=VECTOR('',#3153,1.313071698185E0);
#3155=CARTESIAN_POINT('',(3.3E0,6.986086494748E-1,-4.257397731335E0));
#3156=LINE('',#3155,#3154);
#3157=DIRECTION('',(0.E0,7.319381403809E-1,-6.813710873348E-1));
#3158=VECTOR('',#3157,1.526234832423E-1);
#3159=CARTESIAN_POINT('',(3.3E0,1.015E0,-4.894899435359E0));
#3160=LINE('',#3159,#3158);
#3161=DIRECTION('',(0.E0,9.993605388313E-1,3.575630611351E-2));
#3162=VECTOR('',#3161,1.541002710587E0);
#3163=CARTESIAN_POINT('',(3.3E0,-5.250172991923E-1,-4.95E0));
#3164=LINE('',#3163,#3162);
#3165=CARTESIAN_POINT('',(3.3E0,-5.303807451093E-1,-4.800095919175E0));
#3166=DIRECTION('',(1.E0,0.E0,0.E0));
#3167=DIRECTION('',(0.E0,-9.560537412266E-1,-2.931914799010E-1));
#3168=AXIS2_PLACEMENT_3D('',#3165,#3166,#3167);
#3170=DIRECTION('',(0.E0,2.931914799009E-1,-9.560537412267E-1));
#3171=VECTOR('',#3170,6.072186179735E-2);
#3172=CARTESIAN_POINT('',(3.3E0,-6.915919388160E-1,-4.786021278015E0));
#3173=LINE('',#3172,#3171);
#3174=CARTESIAN_POINT('',(3.3E0,-8.35E-1,-4.83E0));
#3175=DIRECTION('',(-1.E0,0.E0,0.E0));
#3176=DIRECTION('',(0.E0,-9.659258262893E-1,2.588190451016E-1));
#3177=AXIS2_PLACEMENT_3D('',#3174,#3175,#3176);
#3179=DIRECTION('',(0.E0,2.588190451016E-1,9.659258262893E-1));
#3180=VECTOR('',#3179,4.932647231673E-2);
#3181=CARTESIAN_POINT('',(3.3E0,-9.926555044066E-1,-4.838822856765E0));
#3182=LINE('',#3181,#3180);
#3183=CARTESIAN_POINT('',(3.3E0,-1.137544378350E0,-4.8E0));
#3184=DIRECTION('',(1.E0,0.E0,0.E0));
#3185=DIRECTION('',(0.E0,2.842215301682E-1,-9.587586358353E-1));
#3186=AXIS2_PLACEMENT_3D('',#3183,#3184,#3185);
#3188=DIRECTION('',(0.E0,-9.986740376831E-1,5.147976746091E-2));
#3189=VECTOR('',#3188,1.216613183235E0);
#3190=CARTESIAN_POINT('',(3.3E0,2.715E0,-4.361338911258E0));
#3191=LINE('',#3190,#3189);
#3192=CARTESIAN_POINT('',(3.3E0,2.864857799005E0,-4.367868848268E0));
#3193=DIRECTION('',(-1.E0,0.E0,0.E0));
#3194=DIRECTION('',(0.E0,-5.147976746054E-2,-9.986740376831E-1));
#3195=AXIS2_PLACEMENT_3D('',#3192,#3193,#3194);
#3197=DIRECTION('',(0.E0,-9.986740376831E-1,5.147976746091E-2));
#3198=VECTOR('',#3197,4.662043005677E-1);
#3199=CARTESIAN_POINT('',(3.3E0,3.322721965119E0,-4.541670042903E0));
#3200=LINE('',#3199,#3198);
#3201=CARTESIAN_POINT('',(3.3E0,3.315E0,-4.691471148555E0));
#3202=DIRECTION('',(1.E0,0.E0,0.E0));
#3203=DIRECTION('',(0.E0,1.E0,0.E0));
#3204=AXIS2_PLACEMENT_3D('',#3201,#3202,#3203);
#3206=DIRECTION('',(0.E0,0.E0,1.E0));
#3207=VECTOR('',#3206,4.505974752723E-1);
#3208=CARTESIAN_POINT('',(3.3E0,3.465E0,-5.142068623827E0));
#3209=LINE('',#3208,#3207);
#3210=CARTESIAN_POINT('',(3.3E0,3.315E0,-5.142068623827E0));
#3211=DIRECTION('',(1.E0,0.E0,0.E0));
#3212=DIRECTION('',(0.E0,-5.147976746091E-2,-9.986740376831E-1));
#3213=AXIS2_PLACEMENT_3D('',#3210,#3211,#3212);
#3215=DIRECTION('',(0.E0,9.986740376831E-1,-5.147976746091E-2));
#3216=VECTOR('',#3215,1.977845028554E0);
#3217=CARTESIAN_POINT('',(3.3E0,1.332055554303E0,-5.190050727336E0));
#3218=LINE('',#3217,#3216);
#3219=DIRECTION('',(0.E0,7.319381403809E-1,-6.813710873348E-1));
#3220=VECTOR('',#3219,2.789239679652E-1);
#3221=CARTESIAN_POINT('',(3.3E0,1.127900463883E0,-5.E0));
#3222=LINE('',#3221,#3220);
#3223=DIRECTION('',(1.E0,0.E0,0.E0));
#3224=VECTOR('',#3223,2.5E-1);
#3225=CARTESIAN_POINT('',(3.05E0,-1.594417145877E0,-4.95E0));
#3226=LINE('',#3225,#3224);
#3227=DIRECTION('',(1.E0,0.E0,0.E0));
#3228=VECTOR('',#3227,2.5E-1);
#3229=CARTESIAN_POINT('',(3.05E0,-1.739306019820E0,-4.838822856765E0));
#3230=LINE('',#3229,#3228);
#3231=DIRECTION('',(1.E0,0.E0,0.E0));
#3232=VECTOR('',#3231,2.5E-1);
#3233=CARTESIAN_POINT('',(3.05E0,-1.760111126057E0,-4.761177143235E0));
#3234=LINE('',#3233,#3232);
#3235=DIRECTION('',(1.E0,0.E0,0.E0));
#3236=VECTOR('',#3235,2.5E-1);
#3237=CARTESIAN_POINT('',(3.05E0,-2.055E0,-4.8E0));
#3238=LINE('',#3237,#3236);
#3239=DIRECTION('',(1.E0,0.E0,0.E0));
#3240=VECTOR('',#3239,2.5E-1);
#3241=CARTESIAN_POINT('',(3.05E0,-2.055E0,-4.85E0));
#3242=LINE('',#3241,#3240);
#3243=DIRECTION('',(1.E0,0.E0,0.E0));
#3244=VECTOR('',#3243,2.5E-1);
#3245=CARTESIAN_POINT('',(3.05E0,-2.655E0,-4.85E0));
#3246=LINE('',#3245,#3244);
#3247=DIRECTION('',(1.E0,0.E0,0.E0));
#3248=VECTOR('',#3247,2.5E-1);
#3249=CARTESIAN_POINT('',(3.05E0,-2.655E0,-4.32E0));
#3250=LINE('',#3249,#3248);
#3251=DIRECTION('',(1.E0,0.E0,0.E0));
#3252=VECTOR('',#3251,2.5E-1);
#3253=CARTESIAN_POINT('',(3.05E0,-1.931446609407E0,-3.596446609407E0));
#3254=LINE('',#3253,#3252);
#3255=DIRECTION('',(1.E0,0.E0,0.E0));
#3256=VECTOR('',#3255,2.5E-1);
#3257=CARTESIAN_POINT('',(3.05E0,2.025E0,-3.55E0));
#3258=LINE('',#3257,#3256);
#3259=DIRECTION('',(1.E0,0.E0,0.E0));
#3260=VECTOR('',#3259,2.5E-1);
#3261=CARTESIAN_POINT('',(3.05E0,1.906801948466E0,-3.668198051534E0));
#3262=LINE('',#3261,#3260);
#3263=DIRECTION('',(1.E0,0.E0,0.E0));
#3264=VECTOR('',#3263,2.5E-1);
#3265=CARTESIAN_POINT('',(3.05E0,1.588603896932E0,-3.8E0));
#3266=LINE('',#3265,#3264);
#3267=DIRECTION('',(1.E0,0.E0,0.E0));
#3268=VECTOR('',#3267,2.5E-1);
#3269=CARTESIAN_POINT('',(3.05E0,-6.127219651191E-1,-4.189801105652E0));
#3270=LINE('',#3269,#3268);
#3271=DIRECTION('',(1.E0,0.E0,0.E0));
#3272=VECTOR('',#3271,2.5E-1);
#3273=CARTESIAN_POINT('',(3.05E0,2.715E0,-4.361338911258E0));
#3274=LINE('',#3273,#3272);
#3275=DIRECTION('',(1.E0,0.E0,0.E0));
#3276=VECTOR('',#3275,2.5E-1);
#3277=CARTESIAN_POINT('',(3.05E0,2.857135833886E0,-4.517669953920E0));
#3278=LINE('',#3277,#3276);
#3279=DIRECTION('',(1.E0,0.E0,0.E0));
#3280=VECTOR('',#3279,2.5E-1);
#3281=CARTESIAN_POINT('',(3.05E0,3.322721965119E0,-4.541670042903E0));
#3282=LINE('',#3281,#3280);
#3283=DIRECTION('',(1.E0,0.E0,0.E0));
#3284=VECTOR('',#3283,2.5E-1);
#3285=CARTESIAN_POINT('',(3.05E0,3.465E0,-4.691471148555E0));
#3286=LINE('',#3285,#3284);
#3287=DIRECTION('',(1.E0,0.E0,0.E0));
#3288=VECTOR('',#3287,2.5E-1);
#3289=CARTESIAN_POINT('',(3.05E0,3.465E0,-5.142068623827E0));
#3290=LINE('',#3289,#3288);
#3291=DIRECTION('',(1.E0,0.E0,0.E0));
#3292=VECTOR('',#3291,2.5E-1);
#3293=CARTESIAN_POINT('',(3.05E0,3.307278034881E0,-5.291869729480E0));
#3294=LINE('',#3293,#3292);
#3295=DIRECTION('',(1.E0,0.E0,0.E0));
#3296=VECTOR('',#3295,2.5E-1);
#3297=CARTESIAN_POINT('',(3.05E0,1.332055554303E0,-5.190050727336E0));
#3298=LINE('',#3297,#3296);
#3299=DIRECTION('',(1.E0,0.E0,0.E0));
#3300=VECTOR('',#3299,2.5E-1);
#3301=CARTESIAN_POINT('',(3.05E0,1.015E0,-4.894899435359E0));
#3302=LINE('',#3301,#3300);
#3303=DIRECTION('',(1.E0,0.E0,0.E0));
#3304=VECTOR('',#3303,2.5E-1);
#3305=CARTESIAN_POINT('',(3.05E0,-5.250172991923E-1,-4.95E0));
#3306=LINE('',#3305,#3304);
#3307=DIRECTION('',(1.E0,0.E0,0.E0));
#3308=VECTOR('',#3307,2.5E-1);
#3309=CARTESIAN_POINT('',(3.05E0,-6.737888062933E-1,-4.844074641160E0));
#3310=LINE('',#3309,#3308);
#3311=DIRECTION('',(1.E0,0.E0,0.E0));
#3312=VECTOR('',#3311,2.5E-1);
#3313=CARTESIAN_POINT('',(3.05E0,-6.915919388160E-1,-4.786021278015E0));
#3314=LINE('',#3313,#3312);
#3315=DIRECTION('',(1.E0,0.E0,0.E0));
#3316=VECTOR('',#3315,2.5E-1);
#3317=CARTESIAN_POINT('',(3.05E0,-9.798888739434E-1,-4.791177143235E0));
#3318=LINE('',#3317,#3316);
#3319=DIRECTION('',(1.E0,0.E0,0.E0));
#3320=VECTOR('',#3319,2.5E-1);
#3321=CARTESIAN_POINT('',(3.05E0,-9.926555044066E-1,-4.838822856765E0));
#3322=LINE('',#3321,#3320);
#3323=DIRECTION('',(0.E0,0.E0,1.E0));
#3324=VECTOR('',#3323,5.E-2);
#3325=CARTESIAN_POINT('',(5.1E-1,2.025E0,-3.55E0));
#3326=LINE('',#3325,#3324);
#3327=DIRECTION('',(0.E0,1.E0,0.E0));
#3328=VECTOR('',#3327,8.860389693211E-2);
#3329=CARTESIAN_POINT('',(5.1E-1,1.5E0,-3.8E0));
#3330=LINE('',#3329,#3328);
#3331=CARTESIAN_POINT('',(5.1E-1,1.588603896932E0,-3.35E0));
#3332=DIRECTION('',(1.E0,0.E0,0.E0));
#3333=DIRECTION('',(0.E0,0.E0,-1.E0));
#3334=AXIS2_PLACEMENT_3D('',#3331,#3332,#3333);
#3336=DIRECTION('',(0.E0,7.071067811865E-1,7.071067811865E-1));
#3337=VECTOR('',#3336,1.671572875254E-1);
#3338=CARTESIAN_POINT('',(5.1E-1,1.906801948466E0,-3.668198051534E0));
#3339=LINE('',#3338,#3337);
#3340=CARTESIAN_POINT('',(5.1E-1,-2.285E0,-3.242893218813E0));
#3341=DIRECTION('',(-1.E0,0.E0,0.E0));
#3342=DIRECTION('',(0.E0,8.576621784080E-1,-5.142135623731E-1));
#3343=AXIS2_PLACEMENT_3D('',#3340,#3341,#3342);
#3345=DIRECTION('',(0.E0,-7.071067811865E-1,-7.071067811865E-1));
#3346=VECTOR('',#3345,1.023259018078E0);
#3347=CARTESIAN_POINT('',(5.1E-1,-1.931446609407E0,-3.596446609407E0));
#3348=LINE('',#3347,#3346);
#3349=DIRECTION('',(0.E0,0.E0,-1.E0));
#3350=VECTOR('',#3349,5.3E-1);
#3351=CARTESIAN_POINT('',(5.1E-1,-2.655E0,-4.32E0));
#3352=LINE('',#3351,#3350);
#3353=DIRECTION('',(0.E0,1.E0,0.E0));
#3354=VECTOR('',#3353,6.E-1);
#3355=CARTESIAN_POINT('',(5.1E-1,-2.655E0,-4.85E0));
#3356=LINE('',#3355,#3354);
#3357=DIRECTION('',(0.E0,0.E0,1.E0));
#3358=VECTOR('',#3357,5.E-2);
#3359=CARTESIAN_POINT('',(5.1E-1,-2.055E0,-4.85E0));
#3360=LINE('',#3359,#3358);
#3361=CARTESIAN_POINT('',(5.1E-1,-1.905E0,-4.8E0));
#3362=DIRECTION('',(-1.E0,0.E0,0.E0));
#3363=DIRECTION('',(0.E0,-1.E0,0.E0));
#3364=AXIS2_PLACEMENT_3D('',#3361,#3362,#3363);
#3366=DIRECTION('',(0.E0,2.588190451023E-1,-9.659258262891E-1));
#3367=VECTOR('',#3366,8.038475772928E-2);
#3368=CARTESIAN_POINT('',(5.1E-1,-1.760111126057E0,-4.761177143235E0));
#3369=LINE('',#3368,#3367);
#3370=CARTESIAN_POINT('',(5.1E-1,-1.594417145877E0,-4.8E0));
#3371=DIRECTION('',(1.E0,0.E0,0.E0));
#3372=DIRECTION('',(0.E0,-9.659258262891E-1,-2.588190451025E-1));
#3373=AXIS2_PLACEMENT_3D('',#3370,#3371,#3372);
#3375=DIRECTION('',(0.E0,1.E0,0.E0));
#3376=VECTOR('',#3375,9.441714587699E-2);
#3377=CARTESIAN_POINT('',(5.1E-1,-1.594417145877E0,-4.95E0));
#3378=LINE('',#3377,#3376);
#3379=DIRECTION('',(0.E0,-9.986740376831E-1,5.147976746091E-2));
#3380=VECTOR('',#3379,1.216613183235E0);
#3381=CARTESIAN_POINT('',(5.1E-1,2.715E0,-4.361338911258E0));
#3382=LINE('',#3381,#3380);
#3383=DIRECTION('',(0.E0,7.319381403809E-1,-6.813710873348E-1));
#3384=VECTOR('',#3383,2.789239679652E-1);
#3385=CARTESIAN_POINT('',(5.1E-1,1.127900463883E0,-5.E0));
#3386=LINE('',#3385,#3384);
#3387=DIRECTION('',(0.E0,9.986740376831E-1,-5.147976746091E-2));
#3388=VECTOR('',#3387,1.977845028554E0);
#3389=CARTESIAN_POINT('',(5.1E-1,1.332055554303E0,-5.190050727336E0));
#3390=LINE('',#3389,#3388);
#3391=CARTESIAN_POINT('',(5.1E-1,3.315E0,-5.142068623827E0));
#3392=DIRECTION('',(1.E0,0.E0,0.E0));
#3393=DIRECTION('',(0.E0,-5.147976746091E-2,-9.986740376831E-1));
#3394=AXIS2_PLACEMENT_3D('',#3391,#3392,#3393);
#3396=DIRECTION('',(0.E0,0.E0,1.E0));
#3397=VECTOR('',#3396,4.505974752723E-1);
#3398=CARTESIAN_POINT('',(5.1E-1,3.465E0,-5.142068623827E0));
#3399=LINE('',#3398,#3397);
#3400=CARTESIAN_POINT('',(5.1E-1,3.315E0,-4.691471148555E0));
#3401=DIRECTION('',(1.E0,0.E0,0.E0));
#3402=DIRECTION('',(0.E0,1.E0,0.E0));
#3403=AXIS2_PLACEMENT_3D('',#3400,#3401,#3402);
#3405=DIRECTION('',(0.E0,-9.986740376831E-1,5.147976746091E-2));
#3406=VECTOR('',#3405,4.662043005677E-1);
#3407=CARTESIAN_POINT('',(5.1E-1,3.322721965119E0,-4.541670042903E0));
#3408=LINE('',#3407,#3406);
#3409=CARTESIAN_POINT('',(5.1E-1,2.864857799005E0,-4.367868848268E0));
#3410=DIRECTION('',(-1.E0,0.E0,0.E0));
#3411=DIRECTION('',(0.E0,-5.147976746054E-2,-9.986740376831E-1));
#3412=AXIS2_PLACEMENT_3D('',#3409,#3410,#3411);
#3414=DIRECTION('',(0.E0,-9.986740376831E-1,5.147976746091E-2));
#3415=VECTOR('',#3414,1.313071698185E0);
#3416=CARTESIAN_POINT('',(5.1E-1,6.986086494748E-1,-4.257397731335E0));
#3417=LINE('',#3416,#3415);
#3418=CARTESIAN_POINT('',(5.1E-1,-6.05E-1,-4.04E0));
#3419=DIRECTION('',(-1.E0,0.E0,0.E0));
#3420=DIRECTION('',(0.E0,-5.147976746091E-2,-9.986740376831E-1));
#3421=AXIS2_PLACEMENT_3D('',#3418,#3419,#3420);
#3423=CARTESIAN_POINT('',(5.1E-1,-1.137544378350E0,-4.8E0));
#3424=DIRECTION('',(1.E0,0.E0,0.E0));
#3425=DIRECTION('',(0.E0,2.842215301682E-1,-9.587586358353E-1));
#3426=AXIS2_PLACEMENT_3D('',#3423,#3424,#3425);
#3428=DIRECTION('',(0.E0,2.588190451016E-1,9.659258262893E-1));
#3429=VECTOR('',#3428,4.932647231673E-2);
#3430=CARTESIAN_POINT('',(5.1E-1,-9.926555044066E-1,-4.838822856765E0));
#3431=LINE('',#3430,#3429);
#3432=CARTESIAN_POINT('',(5.1E-1,-8.35E-1,-4.83E0));
#3433=DIRECTION('',(-1.E0,0.E0,0.E0));
#3434=DIRECTION('',(0.E0,-9.659258262893E-1,2.588190451016E-1));
#3435=AXIS2_PLACEMENT_3D('',#3432,#3433,#3434);
#3437=DIRECTION('',(0.E0,2.931914799009E-1,-9.560537412267E-1));
#3438=VECTOR('',#3437,6.072186179735E-2);
#3439=CARTESIAN_POINT('',(5.1E-1,-6.915919388160E-1,-4.786021278015E0));
#3440=LINE('',#3439,#3438);
#3441=CARTESIAN_POINT('',(5.1E-1,-5.303807451093E-1,-4.800095919175E0));
#3442=DIRECTION('',(1.E0,0.E0,0.E0));
#3443=DIRECTION('',(0.E0,-9.560537412266E-1,-2.931914799010E-1));
#3444=AXIS2_PLACEMENT_3D('',#3441,#3442,#3443);
#3446=DIRECTION('',(0.E0,9.993605388313E-1,3.575630611351E-2));
#3447=VECTOR('',#3446,1.541002710587E0);
#3448=CARTESIAN_POINT('',(5.1E-1,-5.250172991923E-1,-4.95E0));
#3449=LINE('',#3448,#3447);
#3450=DIRECTION('',(0.E0,7.319381403809E-1,-6.813710873348E-1));
#3451=VECTOR('',#3450,1.526234832423E-1);
#3452=CARTESIAN_POINT('',(5.1E-1,1.015E0,-4.894899435359E0));
#3453=LINE('',#3452,#3451);
#3454=DIRECTION('',(1.E0,0.E0,0.E0));
#3455=VECTOR('',#3454,2.5E-1);
#3456=CARTESIAN_POINT('',(5.1E-1,2.025E0,-3.55E0));
#3457=LINE('',#3456,#3455);
#3458=DIRECTION('',(1.E0,0.E0,0.E0));
#3459=VECTOR('',#3458,2.5E-1);
#3460=CARTESIAN_POINT('',(5.1E-1,1.906801948466E0,-3.668198051534E0));
#3461=LINE('',#3460,#3459);
#3462=DIRECTION('',(1.E0,0.E0,0.E0));
#3463=VECTOR('',#3462,2.5E-1);
#3464=CARTESIAN_POINT('',(5.1E-1,1.588603896932E0,-3.8E0));
#3465=LINE('',#3464,#3463);
#3466=DIRECTION('',(0.E0,0.E0,1.E0));
#3467=VECTOR('',#3466,5.E-2);
#3468=CARTESIAN_POINT('',(7.6E-1,2.025E0,-3.55E0));
#3469=LINE('',#3468,#3467);
#3470=DIRECTION('',(0.E0,7.071067811865E-1,7.071067811865E-1));
#3471=VECTOR('',#3470,1.671572875254E-1);
#3472=CARTESIAN_POINT('',(7.6E-1,1.906801948466E0,-3.668198051534E0));
#3473=LINE('',#3472,#3471);
#3474=CARTESIAN_POINT('',(7.6E-1,1.588603896932E0,-3.35E0));
#3475=DIRECTION('',(1.E0,0.E0,0.E0));
#3476=DIRECTION('',(0.E0,0.E0,-1.E0));
#3477=AXIS2_PLACEMENT_3D('',#3474,#3475,#3476);
#3479=DIRECTION('',(0.E0,1.E0,0.E0));
#3480=VECTOR('',#3479,8.860389693211E-2);
#3481=CARTESIAN_POINT('',(7.6E-1,1.5E0,-3.8E0));
#3482=LINE('',#3481,#3480);
#3483=CARTESIAN_POINT('',(7.6E-1,-2.285E0,-3.242893218813E0));
#3484=DIRECTION('',(-1.E0,0.E0,0.E0));
#3485=DIRECTION('',(0.E0,8.576621784080E-1,-5.142135623731E-1));
#3486=AXIS2_PLACEMENT_3D('',#3483,#3484,#3485);
#3488=DIRECTION('',(0.E0,1.E0,0.E0));
#3489=VECTOR('',#3488,9.441714587699E-2);
#3490=CARTESIAN_POINT('',(7.6E-1,-1.594417145877E0,-4.95E0));
#3491=LINE('',#3490,#3489);
#3492=CARTESIAN_POINT('',(7.6E-1,-1.594417145877E0,-4.8E0));
#3493=DIRECTION('',(1.E0,0.E0,0.E0));
#3494=DIRECTION('',(0.E0,-9.659258262891E-1,-2.588190451025E-1));
#3495=AXIS2_PLACEMENT_3D('',#3492,#3493,#3494);
#3497=DIRECTION('',(0.E0,2.588190451023E-1,-9.659258262891E-1));
#3498=VECTOR('',#3497,8.038475772928E-2);
#3499=CARTESIAN_POINT('',(7.6E-1,-1.760111126057E0,-4.761177143235E0));
#3500=LINE('',#3499,#3498);
#3501=CARTESIAN_POINT('',(7.6E-1,-1.905E0,-4.8E0));
#3502=DIRECTION('',(-1.E0,0.E0,0.E0));
#3503=DIRECTION('',(0.E0,-1.E0,0.E0));
#3504=AXIS2_PLACEMENT_3D('',#3501,#3502,#3503);
#3506=DIRECTION('',(0.E0,0.E0,1.E0));
#3507=VECTOR('',#3506,5.E-2);
#3508=CARTESIAN_POINT('',(7.6E-1,-2.055E0,-4.85E0));
#3509=LINE('',#3508,#3507);
#3510=DIRECTION('',(0.E0,1.E0,0.E0));
#3511=VECTOR('',#3510,6.E-1);
#3512=CARTESIAN_POINT('',(7.6E-1,-2.655E0,-4.85E0));
#3513=LINE('',#3512,#3511);
#3514=DIRECTION('',(0.E0,0.E0,-1.E0));
#3515=VECTOR('',#3514,5.3E-1);
#3516=CARTESIAN_POINT('',(7.6E-1,-2.655E0,-4.32E0));
#3517=LINE('',#3516,#3515);
#3518=DIRECTION('',(0.E0,-7.071067811865E-1,-7.071067811865E-1));
#3519=VECTOR('',#3518,1.023259018078E0);
#3520=CARTESIAN_POINT('',(7.6E-1,-1.931446609407E0,-3.596446609407E0));
#3521=LINE('',#3520,#3519);
#3522=DIRECTION('',(0.E0,-9.986740376831E-1,5.147976746091E-2));
#3523=VECTOR('',#3522,1.216613183235E0);
#3524=CARTESIAN_POINT('',(7.6E-1,2.715E0,-4.361338911258E0));
#3525=LINE('',#3524,#3523);
#3526=CARTESIAN_POINT('',(7.6E-1,2.864857799005E0,-4.367868848268E0));
#3527=DIRECTION('',(-1.E0,0.E0,0.E0));
#3528=DIRECTION('',(0.E0,-5.147976746054E-2,-9.986740376831E-1));
#3529=AXIS2_PLACEMENT_3D('',#3526,#3527,#3528);
#3531=DIRECTION('',(0.E0,-9.986740376831E-1,5.147976746091E-2));
#3532=VECTOR('',#3531,4.662043005677E-1);
#3533=CARTESIAN_POINT('',(7.6E-1,3.322721965119E0,-4.541670042903E0));
#3534=LINE('',#3533,#3532);
#3535=CARTESIAN_POINT('',(7.6E-1,3.315E0,-4.691471148555E0));
#3536=DIRECTION('',(1.E0,0.E0,0.E0));
#3537=DIRECTION('',(0.E0,1.E0,0.E0));
#3538=AXIS2_PLACEMENT_3D('',#3535,#3536,#3537);
#3540=DIRECTION('',(0.E0,0.E0,1.E0));
#3541=VECTOR('',#3540,4.505974752723E-1);
#3542=CARTESIAN_POINT('',(7.6E-1,3.465E0,-5.142068623827E0));
#3543=LINE('',#3542,#3541);
#3544=CARTESIAN_POINT('',(7.6E-1,3.315E0,-5.142068623827E0));
#3545=DIRECTION('',(1.E0,0.E0,0.E0));
#3546=DIRECTION('',(0.E0,-5.147976746091E-2,-9.986740376831E-1));
#3547=AXIS2_PLACEMENT_3D('',#3544,#3545,#3546);
#3549=DIRECTION('',(0.E0,9.986740376831E-1,-5.147976746091E-2));
#3550=VECTOR('',#3549,1.977845028554E0);
#3551=CARTESIAN_POINT('',(7.6E-1,1.332055554303E0,-5.190050727336E0));
#3552=LINE('',#3551,#3550);
#3553=DIRECTION('',(0.E0,7.319381403809E-1,-6.813710873348E-1));
#3554=VECTOR('',#3553,2.789239679652E-1);
#3555=CARTESIAN_POINT('',(7.6E-1,1.127900463883E0,-5.E0));
#3556=LINE('',#3555,#3554);
#3557=DIRECTION('',(0.E0,-9.986740376831E-1,5.147976746091E-2));
#3558=VECTOR('',#3557,1.313071698185E0);
#3559=CARTESIAN_POINT('',(7.6E-1,6.986086494748E-1,-4.257397731335E0));
#3560=LINE('',#3559,#3558);
#3561=DIRECTION('',(0.E0,7.319381403809E-1,-6.813710873348E-1));
#3562=VECTOR('',#3561,1.526234832423E-1);
#3563=CARTESIAN_POINT('',(7.6E-1,1.015E0,-4.894899435359E0));
#3564=LINE('',#3563,#3562);
#3565=DIRECTION('',(0.E0,9.993605388313E-1,3.575630611351E-2));
#3566=VECTOR('',#3565,1.541002710587E0);
#3567=CARTESIAN_POINT('',(7.6E-1,-5.250172991923E-1,-4.95E0));
#3568=LINE('',#3567,#3566);
#3569=CARTESIAN_POINT('',(7.6E-1,-5.303807451093E-1,-4.800095919175E0));
#3570=DIRECTION('',(1.E0,0.E0,0.E0));
#3571=DIRECTION('',(0.E0,-9.560537412266E-1,-2.931914799010E-1));
#3572=AXIS2_PLACEMENT_3D('',#3569,#3570,#3571);
#3574=DIRECTION('',(0.E0,2.931914799009E-1,-9.560537412267E-1));
#3575=VECTOR('',#3574,6.072186179735E-2);
#3576=CARTESIAN_POINT('',(7.6E-1,-6.915919388160E-1,-4.786021278015E0));
#3577=LINE('',#3576,#3575);
#3578=CARTESIAN_POINT('',(7.6E-1,-8.35E-1,-4.83E0));
#3579=DIRECTION('',(-1.E0,0.E0,0.E0));
#3580=DIRECTION('',(0.E0,-9.659258262893E-1,2.588190451016E-1));
#3581=AXIS2_PLACEMENT_3D('',#3578,#3579,#3580);
#3583=DIRECTION('',(0.E0,2.588190451016E-1,9.659258262893E-1));
#3584=VECTOR('',#3583,4.932647231673E-2);
#3585=CARTESIAN_POINT('',(7.6E-1,-9.926555044066E-1,-4.838822856765E0));
#3586=LINE('',#3585,#3584);
#3587=CARTESIAN_POINT('',(7.6E-1,-1.137544378350E0,-4.8E0));
#3588=DIRECTION('',(1.E0,0.E0,0.E0));
#3589=DIRECTION('',(0.E0,2.842215301682E-1,-9.587586358353E-1));
#3590=AXIS2_PLACEMENT_3D('',#3587,#3588,#3589);
#3592=CARTESIAN_POINT('',(7.6E-1,-6.05E-1,-4.04E0));
#3593=DIRECTION('',(-1.E0,0.E0,0.E0));
#3594=DIRECTION('',(0.E0,-5.147976746091E-2,-9.986740376831E-1));
#3595=AXIS2_PLACEMENT_3D('',#3592,#3593,#3594);
#3597=DIRECTION('',(1.E0,0.E0,0.E0));
#3598=VECTOR('',#3597,2.5E-1);
#3599=CARTESIAN_POINT('',(5.1E-1,-1.931446609407E0,-3.596446609407E0));
#3600=LINE('',#3599,#3598);
#3601=DIRECTION('',(1.E0,0.E0,0.E0));
#3602=VECTOR('',#3601,2.5E-1);
#3603=CARTESIAN_POINT('',(5.1E-1,-2.655E0,-4.32E0));
#3604=LINE('',#3603,#3602);
#3605=DIRECTION('',(1.E0,0.E0,0.E0));
#3606=VECTOR('',#3605,2.5E-1);
#3607=CARTESIAN_POINT('',(5.1E-1,-2.655E0,-4.85E0));
#3608=LINE('',#3607,#3606);
#3609=DIRECTION('',(1.E0,0.E0,0.E0));
#3610=VECTOR('',#3609,2.5E-1);
#3611=CARTESIAN_POINT('',(5.1E-1,-2.055E0,-4.85E0));
#3612=LINE('',#3611,#3610);
#3613=DIRECTION('',(1.E0,0.E0,0.E0));
#3614=VECTOR('',#3613,2.5E-1);
#3615=CARTESIAN_POINT('',(5.1E-1,-2.055E0,-4.8E0));
#3616=LINE('',#3615,#3614);
#3617=DIRECTION('',(1.E0,0.E0,0.E0));
#3618=VECTOR('',#3617,2.5E-1);
#3619=CARTESIAN_POINT('',(5.1E-1,-1.760111126057E0,-4.761177143235E0));
#3620=LINE('',#3619,#3618);
#3621=DIRECTION('',(1.E0,0.E0,0.E0));
#3622=VECTOR('',#3621,2.5E-1);
#3623=CARTESIAN_POINT('',(5.1E-1,-1.739306019820E0,-4.838822856765E0));
#3624=LINE('',#3623,#3622);
#3625=DIRECTION('',(1.E0,0.E0,0.E0));
#3626=VECTOR('',#3625,2.5E-1);
#3627=CARTESIAN_POINT('',(5.1E-1,-1.594417145877E0,-4.95E0));
#3628=LINE('',#3627,#3626);
#3629=DIRECTION('',(1.E0,0.E0,0.E0));
#3630=VECTOR('',#3629,2.5E-1);
#3631=CARTESIAN_POINT('',(5.1E-1,2.715E0,-4.361338911258E0));
#3632=LINE('',#3631,#3630);
#3633=DIRECTION('',(1.E0,0.E0,0.E0));
#3634=VECTOR('',#3633,2.5E-1);
#3635=CARTESIAN_POINT('',(5.1E-1,2.857135833886E0,-4.517669953920E0));
#3636=LINE('',#3635,#3634);
#3637=DIRECTION('',(1.E0,0.E0,0.E0));
#3638=VECTOR('',#3637,2.5E-1);
#3639=CARTESIAN_POINT('',(5.1E-1,3.322721965119E0,-4.541670042903E0));
#3640=LINE('',#3639,#3638);
#3641=DIRECTION('',(1.E0,0.E0,0.E0));
#3642=VECTOR('',#3641,2.5E-1);
#3643=CARTESIAN_POINT('',(5.1E-1,3.465E0,-4.691471148555E0));
#3644=LINE('',#3643,#3642);
#3645=DIRECTION('',(1.E0,0.E0,0.E0));
#3646=VECTOR('',#3645,2.5E-1);
#3647=CARTESIAN_POINT('',(5.1E-1,3.465E0,-5.142068623827E0));
#3648=LINE('',#3647,#3646);
#3649=DIRECTION('',(1.E0,0.E0,0.E0));
#3650=VECTOR('',#3649,2.5E-1);
#3651=CARTESIAN_POINT('',(5.1E-1,3.307278034881E0,-5.291869729480E0));
#3652=LINE('',#3651,#3650);
#3653=DIRECTION('',(1.E0,0.E0,0.E0));
#3654=VECTOR('',#3653,2.5E-1);
#3655=CARTESIAN_POINT('',(5.1E-1,1.332055554303E0,-5.190050727336E0));
#3656=LINE('',#3655,#3654);
#3657=DIRECTION('',(1.E0,0.E0,0.E0));
#3658=VECTOR('',#3657,2.5E-1);
#3659=CARTESIAN_POINT('',(5.1E-1,1.015E0,-4.894899435359E0));
#3660=LINE('',#3659,#3658);
#3661=DIRECTION('',(1.E0,0.E0,0.E0));
#3662=VECTOR('',#3661,2.5E-1);
#3663=CARTESIAN_POINT('',(5.1E-1,-5.250172991923E-1,-4.95E0));
#3664=LINE('',#3663,#3662);
#3665=DIRECTION('',(1.E0,0.E0,0.E0));
#3666=VECTOR('',#3665,2.5E-1);
#3667=CARTESIAN_POINT('',(5.1E-1,-6.737888062933E-1,-4.844074641160E0));
#3668=LINE('',#3667,#3666);
#3669=DIRECTION('',(1.E0,0.E0,0.E0));
#3670=VECTOR('',#3669,2.5E-1);
#3671=CARTESIAN_POINT('',(5.1E-1,-6.915919388160E-1,-4.786021278015E0));
#3672=LINE('',#3671,#3670);
#3673=DIRECTION('',(1.E0,0.E0,0.E0));
#3674=VECTOR('',#3673,2.5E-1);
#3675=CARTESIAN_POINT('',(5.1E-1,-9.798888739434E-1,-4.791177143235E0));
#3676=LINE('',#3675,#3674);
#3677=DIRECTION('',(1.E0,0.E0,0.E0));
#3678=VECTOR('',#3677,2.5E-1);
#3679=CARTESIAN_POINT('',(5.1E-1,-9.926555044066E-1,-4.838822856765E0));
#3680=LINE('',#3679,#3678);
#3681=DIRECTION('',(1.E0,0.E0,0.E0));
#3682=VECTOR('',#3681,2.5E-1);
#3683=CARTESIAN_POINT('',(5.1E-1,-6.127219651191E-1,-4.189801105652E0));
#3684=LINE('',#3683,#3682);
#3685=DIRECTION('',(0.E0,0.E0,1.E0));
#3686=VECTOR('',#3685,5.E-2);
#3687=CARTESIAN_POINT('',(-2.03E0,2.025E0,-3.55E0));
#3688=LINE('',#3687,#3686);
#3689=DIRECTION('',(0.E0,1.E0,0.E0));
#3690=VECTOR('',#3689,8.860389693211E-2);
#3691=CARTESIAN_POINT('',(-2.03E0,1.5E0,-3.8E0));
#3692=LINE('',#3691,#3690);
#3693=CARTESIAN_POINT('',(-2.03E0,1.588603896932E0,-3.35E0));
#3694=DIRECTION('',(1.E0,0.E0,0.E0));
#3695=DIRECTION('',(0.E0,0.E0,-1.E0));
#3696=AXIS2_PLACEMENT_3D('',#3693,#3694,#3695);
#3698=DIRECTION('',(0.E0,7.071067811865E-1,7.071067811865E-1));
#3699=VECTOR('',#3698,1.671572875254E-1);
#3700=CARTESIAN_POINT('',(-2.03E0,1.906801948466E0,-3.668198051534E0));
#3701=LINE('',#3700,#3699);
#3702=CARTESIAN_POINT('',(-2.03E0,-2.285E0,-3.242893218813E0));
#3703=DIRECTION('',(-1.E0,0.E0,0.E0));
#3704=DIRECTION('',(0.E0,8.576621784080E-1,-5.142135623731E-1));
#3705=AXIS2_PLACEMENT_3D('',#3702,#3703,#3704);
#3707=DIRECTION('',(0.E0,-7.071067811865E-1,-7.071067811865E-1));
#3708=VECTOR('',#3707,1.023259018078E0);
#3709=CARTESIAN_POINT('',(-2.03E0,-1.931446609407E0,-3.596446609407E0));
#3710=LINE('',#3709,#3708);
#3711=DIRECTION('',(0.E0,0.E0,-1.E0));
#3712=VECTOR('',#3711,5.3E-1);
#3713=CARTESIAN_POINT('',(-2.03E0,-2.655E0,-4.32E0));
#3714=LINE('',#3713,#3712);
#3715=DIRECTION('',(0.E0,1.E0,0.E0));
#3716=VECTOR('',#3715,6.E-1);
#3717=CARTESIAN_POINT('',(-2.03E0,-2.655E0,-4.85E0));
#3718=LINE('',#3717,#3716);
#3719=DIRECTION('',(0.E0,0.E0,1.E0));
#3720=VECTOR('',#3719,5.E-2);
#3721=CARTESIAN_POINT('',(-2.03E0,-2.055E0,-4.85E0));
#3722=LINE('',#3721,#3720);
#3723=CARTESIAN_POINT('',(-2.03E0,-1.905E0,-4.8E0));
#3724=DIRECTION('',(-1.E0,0.E0,0.E0));
#3725=DIRECTION('',(0.E0,-1.E0,0.E0));
#3726=AXIS2_PLACEMENT_3D('',#3723,#3724,#3725);
#3728=DIRECTION('',(0.E0,2.588190451023E-1,-9.659258262891E-1));
#3729=VECTOR('',#3728,8.038475772928E-2);
#3730=CARTESIAN_POINT('',(-2.03E0,-1.760111126057E0,-4.761177143235E0));
#3731=LINE('',#3730,#3729);
#3732=CARTESIAN_POINT('',(-2.03E0,-1.594417145877E0,-4.8E0));
#3733=DIRECTION('',(1.E0,0.E0,0.E0));
#3734=DIRECTION('',(0.E0,-9.659258262891E-1,-2.588190451025E-1));
#3735=AXIS2_PLACEMENT_3D('',#3732,#3733,#3734);
#3737=DIRECTION('',(0.E0,1.E0,0.E0));
#3738=VECTOR('',#3737,9.441714587699E-2);
#3739=CARTESIAN_POINT('',(-2.03E0,-1.594417145877E0,-4.95E0));
#3740=LINE('',#3739,#3738);
#3741=DIRECTION('',(0.E0,-9.986740376831E-1,5.147976746091E-2));
#3742=VECTOR('',#3741,1.216613183235E0);
#3743=CARTESIAN_POINT('',(-2.03E0,2.715E0,-4.361338911258E0));
#3744=LINE('',#3743,#3742);
#3745=DIRECTION('',(0.E0,7.319381403809E-1,-6.813710873348E-1));
#3746=VECTOR('',#3745,2.789239679652E-1);
#3747=CARTESIAN_POINT('',(-2.03E0,1.127900463883E0,-5.E0));
#3748=LINE('',#3747,#3746);
#3749=DIRECTION('',(0.E0,9.986740376831E-1,-5.147976746091E-2));
#3750=VECTOR('',#3749,1.977845028554E0);
#3751=CARTESIAN_POINT('',(-2.03E0,1.332055554303E0,-5.190050727336E0));
#3752=LINE('',#3751,#3750);
#3753=CARTESIAN_POINT('',(-2.03E0,3.315E0,-5.142068623827E0));
#3754=DIRECTION('',(1.E0,0.E0,0.E0));
#3755=DIRECTION('',(0.E0,-5.147976746091E-2,-9.986740376831E-1));
#3756=AXIS2_PLACEMENT_3D('',#3753,#3754,#3755);
#3758=DIRECTION('',(0.E0,0.E0,1.E0));
#3759=VECTOR('',#3758,4.505974752723E-1);
#3760=CARTESIAN_POINT('',(-2.03E0,3.465E0,-5.142068623827E0));
#3761=LINE('',#3760,#3759);
#3762=CARTESIAN_POINT('',(-2.03E0,3.315E0,-4.691471148555E0));
#3763=DIRECTION('',(1.E0,0.E0,0.E0));
#3764=DIRECTION('',(0.E0,1.E0,0.E0));
#3765=AXIS2_PLACEMENT_3D('',#3762,#3763,#3764);
#3767=DIRECTION('',(0.E0,-9.986740376831E-1,5.147976746091E-2));
#3768=VECTOR('',#3767,4.662043005677E-1);
#3769=CARTESIAN_POINT('',(-2.03E0,3.322721965119E0,-4.541670042903E0));
#3770=LINE('',#3769,#3768);
#3771=CARTESIAN_POINT('',(-2.03E0,2.864857799005E0,-4.367868848268E0));
#3772=DIRECTION('',(-1.E0,0.E0,0.E0));
#3773=DIRECTION('',(0.E0,-5.147976746054E-2,-9.986740376831E-1));
#3774=AXIS2_PLACEMENT_3D('',#3771,#3772,#3773);
#3776=DIRECTION('',(0.E0,-9.986740376831E-1,5.147976746091E-2));
#3777=VECTOR('',#3776,1.313071698185E0);
#3778=CARTESIAN_POINT('',(-2.03E0,6.986086494748E-1,-4.257397731335E0));
#3779=LINE('',#3778,#3777);
#3780=CARTESIAN_POINT('',(-2.03E0,-6.05E-1,-4.04E0));
#3781=DIRECTION('',(-1.E0,0.E0,0.E0));
#3782=DIRECTION('',(0.E0,-5.147976746091E-2,-9.986740376831E-1));
#3783=AXIS2_PLACEMENT_3D('',#3780,#3781,#3782);
#3785=CARTESIAN_POINT('',(-2.03E0,-1.137544378350E0,-4.8E0));
#3786=DIRECTION('',(1.E0,0.E0,0.E0));
#3787=DIRECTION('',(0.E0,2.842215301682E-1,-9.587586358353E-1));
#3788=AXIS2_PLACEMENT_3D('',#3785,#3786,#3787);
#3790=DIRECTION('',(0.E0,2.588190451016E-1,9.659258262893E-1));
#3791=VECTOR('',#3790,4.932647231673E-2);
#3792=CARTESIAN_POINT('',(-2.03E0,-9.926555044066E-1,-4.838822856765E0));
#3793=LINE('',#3792,#3791);
#3794=CARTESIAN_POINT('',(-2.03E0,-8.35E-1,-4.83E0));
#3795=DIRECTION('',(-1.E0,0.E0,0.E0));
#3796=DIRECTION('',(0.E0,-9.659258262893E-1,2.588190451016E-1));
#3797=AXIS2_PLACEMENT_3D('',#3794,#3795,#3796);
#3799=DIRECTION('',(0.E0,2.931914799009E-1,-9.560537412267E-1));
#3800=VECTOR('',#3799,6.072186179735E-2);
#3801=CARTESIAN_POINT('',(-2.03E0,-6.915919388160E-1,-4.786021278015E0));
#3802=LINE('',#3801,#3800);
#3803=CARTESIAN_POINT('',(-2.03E0,-5.303807451093E-1,-4.800095919175E0));
#3804=DIRECTION('',(1.E0,0.E0,0.E0));
#3805=DIRECTION('',(0.E0,-9.560537412266E-1,-2.931914799010E-1));
#3806=AXIS2_PLACEMENT_3D('',#3803,#3804,#3805);
#3808=DIRECTION('',(0.E0,9.993605388313E-1,3.575630611351E-2));
#3809=VECTOR('',#3808,1.541002710587E0);
#3810=CARTESIAN_POINT('',(-2.03E0,-5.250172991923E-1,-4.95E0));
#3811=LINE('',#3810,#3809);
#3812=DIRECTION('',(0.E0,7.319381403809E-1,-6.813710873348E-1));
#3813=VECTOR('',#3812,1.526234832423E-1);
#3814=CARTESIAN_POINT('',(-2.03E0,1.015E0,-4.894899435359E0));
#3815=LINE('',#3814,#3813);
#3816=DIRECTION('',(1.E0,0.E0,0.E0));
#3817=VECTOR('',#3816,2.5E-1);
#3818=CARTESIAN_POINT('',(-2.03E0,2.025E0,-3.55E0));
#3819=LINE('',#3818,#3817);
#3820=DIRECTION('',(1.E0,0.E0,0.E0));
#3821=VECTOR('',#3820,2.5E-1);
#3822=CARTESIAN_POINT('',(-2.03E0,1.906801948466E0,-3.668198051534E0));
#3823=LINE('',#3822,#3821);
#3824=DIRECTION('',(1.E0,0.E0,0.E0));
#3825=VECTOR('',#3824,2.5E-1);
#3826=CARTESIAN_POINT('',(-2.03E0,1.588603896932E0,-3.8E0));
#3827=LINE('',#3826,#3825);
#3828=DIRECTION('',(0.E0,0.E0,1.E0));
#3829=VECTOR('',#3828,5.E-2);
#3830=CARTESIAN_POINT('',(-1.78E0,2.025E0,-3.55E0));
#3831=LINE('',#3830,#3829);
#3832=DIRECTION('',(0.E0,7.071067811865E-1,7.071067811865E-1));
#3833=VECTOR('',#3832,1.671572875254E-1);
#3834=CARTESIAN_POINT('',(-1.78E0,1.906801948466E0,-3.668198051534E0));
#3835=LINE('',#3834,#3833);
#3836=CARTESIAN_POINT('',(-1.78E0,1.588603896932E0,-3.35E0));
#3837=DIRECTION('',(1.E0,0.E0,0.E0));
#3838=DIRECTION('',(0.E0,0.E0,-1.E0));
#3839=AXIS2_PLACEMENT_3D('',#3836,#3837,#3838);
#3841=DIRECTION('',(0.E0,1.E0,0.E0));
#3842=VECTOR('',#3841,8.860389693211E-2);
#3843=CARTESIAN_POINT('',(-1.78E0,1.5E0,-3.8E0));
#3844=LINE('',#3843,#3842);
#3845=CARTESIAN_POINT('',(-1.78E0,-2.285E0,-3.242893218813E0));
#3846=DIRECTION('',(-1.E0,0.E0,0.E0));
#3847=DIRECTION('',(0.E0,8.576621784080E-1,-5.142135623731E-1));
#3848=AXIS2_PLACEMENT_3D('',#3845,#3846,#3847);
#3850=DIRECTION('',(0.E0,1.E0,0.E0));
#3851=VECTOR('',#3850,9.441714587699E-2);
#3852=CARTESIAN_POINT('',(-1.78E0,-1.594417145877E0,-4.95E0));
#3853=LINE('',#3852,#3851);
#3854=CARTESIAN_POINT('',(-1.78E0,-1.594417145877E0,-4.8E0));
#3855=DIRECTION('',(1.E0,0.E0,0.E0));
#3856=DIRECTION('',(0.E0,-9.659258262891E-1,-2.588190451025E-1));
#3857=AXIS2_PLACEMENT_3D('',#3854,#3855,#3856);
#3859=DIRECTION('',(0.E0,2.588190451023E-1,-9.659258262891E-1));
#3860=VECTOR('',#3859,8.038475772928E-2);
#3861=CARTESIAN_POINT('',(-1.78E0,-1.760111126057E0,-4.761177143235E0));
#3862=LINE('',#3861,#3860);
#3863=CARTESIAN_POINT('',(-1.78E0,-1.905E0,-4.8E0));
#3864=DIRECTION('',(-1.E0,0.E0,0.E0));
#3865=DIRECTION('',(0.E0,-1.E0,0.E0));
#3866=AXIS2_PLACEMENT_3D('',#3863,#3864,#3865);
#3868=DIRECTION('',(0.E0,0.E0,1.E0));
#3869=VECTOR('',#3868,5.E-2);
#3870=CARTESIAN_POINT('',(-1.78E0,-2.055E0,-4.85E0));
#3871=LINE('',#3870,#3869);
#3872=DIRECTION('',(0.E0,1.E0,0.E0));
#3873=VECTOR('',#3872,6.E-1);
#3874=CARTESIAN_POINT('',(-1.78E0,-2.655E0,-4.85E0));
#3875=LINE('',#3874,#3873);
#3876=DIRECTION('',(0.E0,0.E0,-1.E0));
#3877=VECTOR('',#3876,5.3E-1);
#3878=CARTESIAN_POINT('',(-1.78E0,-2.655E0,-4.32E0));
#3879=LINE('',#3878,#3877);
#3880=DIRECTION('',(0.E0,-7.071067811865E-1,-7.071067811865E-1));
#3881=VECTOR('',#3880,1.023259018078E0);
#3882=CARTESIAN_POINT('',(-1.78E0,-1.931446609407E0,-3.596446609407E0));
#3883=LINE('',#3882,#3881);
#3884=DIRECTION('',(0.E0,-9.986740376831E-1,5.147976746091E-2));
#3885=VECTOR('',#3884,1.216613183235E0);
#3886=CARTESIAN_POINT('',(-1.78E0,2.715E0,-4.361338911258E0));
#3887=LINE('',#3886,#3885);
#3888=CARTESIAN_POINT('',(-1.78E0,2.864857799005E0,-4.367868848268E0));
#3889=DIRECTION('',(-1.E0,0.E0,0.E0));
#3890=DIRECTION('',(0.E0,-5.147976746054E-2,-9.986740376831E-1));
#3891=AXIS2_PLACEMENT_3D('',#3888,#3889,#3890);
#3893=DIRECTION('',(0.E0,-9.986740376831E-1,5.147976746091E-2));
#3894=VECTOR('',#3893,4.662043005677E-1);
#3895=CARTESIAN_POINT('',(-1.78E0,3.322721965119E0,-4.541670042903E0));
#3896=LINE('',#3895,#3894);
#3897=CARTESIAN_POINT('',(-1.78E0,3.315E0,-4.691471148555E0));
#3898=DIRECTION('',(1.E0,0.E0,0.E0));
#3899=DIRECTION('',(0.E0,1.E0,0.E0));
#3900=AXIS2_PLACEMENT_3D('',#3897,#3898,#3899);
#3902=DIRECTION('',(0.E0,0.E0,1.E0));
#3903=VECTOR('',#3902,4.505974752723E-1);
#3904=CARTESIAN_POINT('',(-1.78E0,3.465E0,-5.142068623827E0));
#3905=LINE('',#3904,#3903);
#3906=CARTESIAN_POINT('',(-1.78E0,3.315E0,-5.142068623827E0));
#3907=DIRECTION('',(1.E0,0.E0,0.E0));
#3908=DIRECTION('',(0.E0,-5.147976746091E-2,-9.986740376831E-1));
#3909=AXIS2_PLACEMENT_3D('',#3906,#3907,#3908);
#3911=DIRECTION('',(0.E0,9.986740376831E-1,-5.147976746091E-2));
#3912=VECTOR('',#3911,1.977845028554E0);
#3913=CARTESIAN_POINT('',(-1.78E0,1.332055554303E0,-5.190050727336E0));
#3914=LINE('',#3913,#3912);
#3915=DIRECTION('',(0.E0,7.319381403809E-1,-6.813710873348E-1));
#3916=VECTOR('',#3915,2.789239679652E-1);
#3917=CARTESIAN_POINT('',(-1.78E0,1.127900463883E0,-5.E0));
#3918=LINE('',#3917,#3916);
#3919=DIRECTION('',(0.E0,-9.986740376831E-1,5.147976746091E-2));
#3920=VECTOR('',#3919,1.313071698185E0);
#3921=CARTESIAN_POINT('',(-1.78E0,6.986086494748E-1,-4.257397731335E0));
#3922=LINE('',#3921,#3920);
#3923=DIRECTION('',(0.E0,7.319381403809E-1,-6.813710873348E-1));
#3924=VECTOR('',#3923,1.526234832423E-1);
#3925=CARTESIAN_POINT('',(-1.78E0,1.015E0,-4.894899435359E0));
#3926=LINE('',#3925,#3924);
#3927=DIRECTION('',(0.E0,9.993605388313E-1,3.575630611351E-2));
#3928=VECTOR('',#3927,1.541002710587E0);
#3929=CARTESIAN_POINT('',(-1.78E0,-5.250172991923E-1,-4.95E0));
#3930=LINE('',#3929,#3928);
#3931=CARTESIAN_POINT('',(-1.78E0,-5.303807451093E-1,-4.800095919175E0));
#3932=DIRECTION('',(1.E0,0.E0,0.E0));
#3933=DIRECTION('',(0.E0,-9.560537412266E-1,-2.931914799010E-1));
#3934=AXIS2_PLACEMENT_3D('',#3931,#3932,#3933);
#3936=DIRECTION('',(0.E0,2.931914799009E-1,-9.560537412267E-1));
#3937=VECTOR('',#3936,6.072186179735E-2);
#3938=CARTESIAN_POINT('',(-1.78E0,-6.915919388160E-1,-4.786021278015E0));
#3939=LINE('',#3938,#3937);
#3940=CARTESIAN_POINT('',(-1.78E0,-8.35E-1,-4.83E0));
#3941=DIRECTION('',(-1.E0,0.E0,0.E0));
#3942=DIRECTION('',(0.E0,-9.659258262893E-1,2.588190451016E-1));
#3943=AXIS2_PLACEMENT_3D('',#3940,#3941,#3942);
#3945=DIRECTION('',(0.E0,2.588190451016E-1,9.659258262893E-1));
#3946=VECTOR('',#3945,4.932647231673E-2);
#3947=CARTESIAN_POINT('',(-1.78E0,-9.926555044066E-1,-4.838822856765E0));
#3948=LINE('',#3947,#3946);
#3949=CARTESIAN_POINT('',(-1.78E0,-1.137544378350E0,-4.8E0));
#3950=DIRECTION('',(1.E0,0.E0,0.E0));
#3951=DIRECTION('',(0.E0,2.842215301682E-1,-9.587586358353E-1));
#3952=AXIS2_PLACEMENT_3D('',#3949,#3950,#3951);
#3954=CARTESIAN_POINT('',(-1.78E0,-6.05E-1,-4.04E0));
#3955=DIRECTION('',(-1.E0,0.E0,0.E0));
#3956=DIRECTION('',(0.E0,-5.147976746091E-2,-9.986740376831E-1));
#3957=AXIS2_PLACEMENT_3D('',#3954,#3955,#3956);
#3959=DIRECTION('',(1.E0,0.E0,0.E0));
#3960=VECTOR('',#3959,2.5E-1);
#3961=CARTESIAN_POINT('',(-2.03E0,-1.931446609407E0,-3.596446609407E0));
#3962=LINE('',#3961,#3960);
#3963=DIRECTION('',(1.E0,0.E0,0.E0));
#3964=VECTOR('',#3963,2.5E-1);
#3965=CARTESIAN_POINT('',(-2.03E0,-2.655E0,-4.32E0));
#3966=LINE('',#3965,#3964);
#3967=DIRECTION('',(1.E0,0.E0,0.E0));
#3968=VECTOR('',#3967,2.5E-1);
#3969=CARTESIAN_POINT('',(-2.03E0,-2.655E0,-4.85E0));
#3970=LINE('',#3969,#3968);
#3971=DIRECTION('',(1.E0,0.E0,0.E0));
#3972=VECTOR('',#3971,2.5E-1);
#3973=CARTESIAN_POINT('',(-2.03E0,-2.055E0,-4.85E0));
#3974=LINE('',#3973,#3972);
#3975=DIRECTION('',(1.E0,0.E0,0.E0));
#3976=VECTOR('',#3975,2.5E-1);
#3977=CARTESIAN_POINT('',(-2.03E0,-2.055E0,-4.8E0));
#3978=LINE('',#3977,#3976);
#3979=DIRECTION('',(1.E0,0.E0,0.E0));
#3980=VECTOR('',#3979,2.5E-1);
#3981=CARTESIAN_POINT('',(-2.03E0,-1.760111126057E0,-4.761177143235E0));
#3982=LINE('',#3981,#3980);
#3983=DIRECTION('',(1.E0,0.E0,0.E0));
#3984=VECTOR('',#3983,2.5E-1);
#3985=CARTESIAN_POINT('',(-2.03E0,-1.739306019820E0,-4.838822856765E0));
#3986=LINE('',#3985,#3984);
#3987=DIRECTION('',(1.E0,0.E0,0.E0));
#3988=VECTOR('',#3987,2.5E-1);
#3989=CARTESIAN_POINT('',(-2.03E0,-1.594417145877E0,-4.95E0));
#3990=LINE('',#3989,#3988);
#3991=DIRECTION('',(1.E0,0.E0,0.E0));
#3992=VECTOR('',#3991,2.5E-1);
#3993=CARTESIAN_POINT('',(-2.03E0,2.715E0,-4.361338911258E0));
#3994=LINE('',#3993,#3992);
#3995=DIRECTION('',(1.E0,0.E0,0.E0));
#3996=VECTOR('',#3995,2.5E-1);
#3997=CARTESIAN_POINT('',(-2.03E0,2.857135833886E0,-4.517669953920E0));
#3998=LINE('',#3997,#3996);
#3999=DIRECTION('',(1.E0,0.E0,0.E0));
#4000=VECTOR('',#3999,2.5E-1);
#4001=CARTESIAN_POINT('',(-2.03E0,3.322721965119E0,-4.541670042903E0));
#4002=LINE('',#4001,#4000);
#4003=DIRECTION('',(1.E0,0.E0,0.E0));
#4004=VECTOR('',#4003,2.5E-1);
#4005=CARTESIAN_POINT('',(-2.03E0,3.465E0,-4.691471148555E0));
#4006=LINE('',#4005,#4004);
#4007=DIRECTION('',(1.E0,0.E0,0.E0));
#4008=VECTOR('',#4007,2.5E-1);
#4009=CARTESIAN_POINT('',(-2.03E0,3.465E0,-5.142068623827E0));
#4010=LINE('',#4009,#4008);
#4011=DIRECTION('',(1.E0,0.E0,0.E0));
#4012=VECTOR('',#4011,2.5E-1);
#4013=CARTESIAN_POINT('',(-2.03E0,3.307278034881E0,-5.291869729480E0));
#4014=LINE('',#4013,#4012);
#4015=DIRECTION('',(1.E0,0.E0,0.E0));
#4016=VECTOR('',#4015,2.5E-1);
#4017=CARTESIAN_POINT('',(-2.03E0,1.332055554303E0,-5.190050727336E0));
#4018=LINE('',#4017,#4016);
#4019=DIRECTION('',(1.E0,0.E0,0.E0));
#4020=VECTOR('',#4019,2.5E-1);
#4021=CARTESIAN_POINT('',(-2.03E0,1.015E0,-4.894899435359E0));
#4022=LINE('',#4021,#4020);
#4023=DIRECTION('',(1.E0,0.E0,0.E0));
#4024=VECTOR('',#4023,2.5E-1);
#4025=CARTESIAN_POINT('',(-2.03E0,-5.250172991923E-1,-4.95E0));
#4026=LINE('',#4025,#4024);
#4027=DIRECTION('',(1.E0,0.E0,0.E0));
#4028=VECTOR('',#4027,2.5E-1);
#4029=CARTESIAN_POINT('',(-2.03E0,-6.737888062933E-1,-4.844074641160E0));
#4030=LINE('',#4029,#4028);
#4031=DIRECTION('',(1.E0,0.E0,0.E0));
#4032=VECTOR('',#4031,2.5E-1);
#4033=CARTESIAN_POINT('',(-2.03E0,-6.915919388160E-1,-4.786021278015E0));
#4034=LINE('',#4033,#4032);
#4035=DIRECTION('',(1.E0,0.E0,0.E0));
#4036=VECTOR('',#4035,2.5E-1);
#4037=CARTESIAN_POINT('',(-2.03E0,-9.798888739434E-1,-4.791177143235E0));
#4038=LINE('',#4037,#4036);
#4039=DIRECTION('',(1.E0,0.E0,0.E0));
#4040=VECTOR('',#4039,2.5E-1);
#4041=CARTESIAN_POINT('',(-2.03E0,-9.926555044066E-1,-4.838822856765E0));
#4042=LINE('',#4041,#4040);
#4043=DIRECTION('',(1.E0,0.E0,0.E0));
#4044=VECTOR('',#4043,2.5E-1);
#4045=CARTESIAN_POINT('',(-2.03E0,-6.127219651191E-1,-4.189801105652E0));
#4046=LINE('',#4045,#4044);
#4047=CARTESIAN_POINT('',(-3.3E0,2.29E0,-3.24E0));
#4048=DIRECTION('',(-1.E0,0.E0,0.E0));
#4049=DIRECTION('',(0.E0,-7.071067811865E-1,-7.071067811865E-1));
#4050=AXIS2_PLACEMENT_3D('',#4047,#4048,#4049);
#4052=DIRECTION('',(0.E0,1.E0,0.E0));
#4053=VECTOR('',#4052,9.941714587691E-2);
#4054=CARTESIAN_POINT('',(-3.3E0,1.5E0,-4.95E0));
#4055=LINE('',#4054,#4053);
#4056=CARTESIAN_POINT('',(-3.3E0,1.599417145877E0,-4.8E0));
#4057=DIRECTION('',(1.E0,0.E0,0.E0));
#4058=DIRECTION('',(0.E0,0.E0,-1.E0));
#4059=AXIS2_PLACEMENT_3D('',#4056,#4057,#4058);
#4061=DIRECTION('',(0.E0,2.588190451033E-1,9.659258262889E-1));
#4062=VECTOR('',#4061,8.038475772960E-2);
#4063=CARTESIAN_POINT('',(-3.3E0,1.744306019820E0,-4.838822856765E0));
#4064=LINE('',#4063,#4062);
#4065=CARTESIAN_POINT('',(-3.3E0,1.91E0,-4.8E0));
#4066=DIRECTION('',(-1.E0,0.E0,0.E0));
#4067=DIRECTION('',(0.E0,-9.659258262889E-1,2.588190451033E-1));
#4068=AXIS2_PLACEMENT_3D('',#4065,#4066,#4067);
#4070=DIRECTION('',(0.E0,0.E0,-1.E0));
#4071=VECTOR('',#4070,5.E-2);
#4072=CARTESIAN_POINT('',(-3.3E0,2.06E0,-4.8E0));
#4073=LINE('',#4072,#4071);
#4074=DIRECTION('',(0.E0,1.E0,0.E0));
#4075=VECTOR('',#4074,6.E-1);
#4076=CARTESIAN_POINT('',(-3.3E0,2.06E0,-4.85E0));
#4077=LINE('',#4076,#4075);
#4078=DIRECTION('',(0.E0,0.E0,1.E0));
#4079=VECTOR('',#4078,5.328932188135E-1);
#4080=CARTESIAN_POINT('',(-3.3E0,2.66E0,-4.85E0));
#4081=LINE('',#4080,#4079);
#4082=DIRECTION('',(0.E0,-7.071067811865E-1,7.071067811865E-1));
#4083=VECTOR('',#4082,1.023259018078E0);
#4084=CARTESIAN_POINT('',(-3.3E0,2.66E0,-4.317106781187E0));
#4085=LINE('',#4084,#4083);
#4086=DIRECTION('',(0.E0,0.E0,-1.E0));
#4087=VECTOR('',#4086,5.E-2);
#4088=CARTESIAN_POINT('',(-3.3E0,-1.61E0,-3.5E0));
#4089=LINE('',#4088,#4087);
#4090=DIRECTION('',(0.E0,7.071067811865E-1,-7.071067811865E-1));
#4091=VECTOR('',#4090,1.555634918610E-1);
#4092=CARTESIAN_POINT('',(-3.3E0,-1.61E0,-3.55E0));
#4093=LINE('',#4092,#4091);
#4094=CARTESIAN_POINT('',(-3.3E0,6.1E-1,-4.04E0));
#4095=DIRECTION('',(-1.E0,0.E0,0.E0));
#4096=DIRECTION('',(0.E0,3.039877774910E-1,-9.526759318552E-1));
#4097=AXIS2_PLACEMENT_3D('',#4094,#4095,#4096);
#4099=DIRECTION('',(0.E0,-9.986531302789E-1,-5.188376802132E-2));
#4100=VECTOR('',#4099,1.318638465120E0);
#4101=CARTESIAN_POINT('',(-3.3E0,6.177825652032E-1,-4.189797969542E0));
#4102=LINE('',#4101,#4100);
#4103=DIRECTION('',(0.E0,-9.986531302789E-1,-5.188376802132E-2));
#4104=VECTOR('',#4103,1.179752253527E0);
#4105=CARTESIAN_POINT('',(-3.3E0,-1.5E0,-4.299824700547E0));
#4106=LINE('',#4105,#4104);
#4107=CARTESIAN_POINT('',(-3.3E0,-2.828082538003E0,-4.365955705014E0));
#4108=DIRECTION('',(-1.E0,0.E0,0.E0));
#4109=DIRECTION('',(0.E0,9.994617137619E-1,3.280674814978E-2));
#4110=AXIS2_PLACEMENT_3D('',#4107,#4108,#4109);
#4112=DIRECTION('',(0.E0,-9.986531302789E-1,-5.188376802131E-2));
#4113=VECTOR('',#4112,4.764619152769E-1);
#4114=CARTESIAN_POINT('',(-3.3E0,-2.820299972800E0,-4.515753674556E0));
#4115=LINE('',#4114,#4113);
#4116=CARTESIAN_POINT('',(-3.3E0,-3.288337590747E0,-4.690272283581E0));
#4117=DIRECTION('',(1.E0,0.E0,0.E0));
#4118=DIRECTION('',(0.E0,-5.188376802132E-2,9.986531302789E-1));
#4119=AXIS2_PLACEMENT_3D('',#4116,#4117,#4118);
#4121=DIRECTION('',(0.E0,-3.535202069687E-2,-9.993749219550E-1));
#4122=VECTOR('',#4121,4.517189268945E-1);
#4123=CARTESIAN_POINT('',(-3.3E0,-3.438243829040E0,-4.684969480476E0));
#4124=LINE('',#4123,#4122);
#4125=CARTESIAN_POINT('',(-3.3E0,-3.304306767599E0,-5.141708850892E0));
#4126=DIRECTION('',(1.E0,0.E0,0.E0));
#4127=DIRECTION('',(0.E0,-9.993749219550E-1,3.535202069706E-2));
#4128=AXIS2_PLACEMENT_3D('',#4125,#4126,#4127);
#4130=DIRECTION('',(0.E0,9.986531302789E-1,5.188376802132E-2));
#4131=VECTOR('',#4130,1.974088795471E0);
#4132=CARTESIAN_POINT('',(-3.3E0,-3.296524202396E0,-5.291506820434E0));
#4133=LINE('',#4132,#4131);
#4134=DIRECTION('',(0.E0,7.316624378256E-1,6.816671306988E-1));
#4135=VECTOR('',#4134,4.306552189376E-1);
#4136=CARTESIAN_POINT('',(-3.3E0,-1.325094247350E0,-5.189083655316E0));
#4137=LINE('',#4136,#4135);
#4138=DIRECTION('',(0.E0,9.993749219550E-1,-3.535202069687E-2));
#4139=VECTOR('',#4138,1.541067554946E0);
#4140=CARTESIAN_POINT('',(-3.3E0,-1.01E0,-4.895520147902E0));
#4141=LINE('',#4140,#4139);
#4142=CARTESIAN_POINT('',(-3.3E0,5.354070705563E-1,-4.800093761707E0));
#4143=DIRECTION('',(1.E0,0.E0,0.E0));
#4144=DIRECTION('',(0.E0,-3.535202069687E-2,-9.993749219550E-1));
#4145=AXIS2_PLACEMENT_3D('',#4142,#4143,#4144);
#4147=DIRECTION('',(0.E0,2.928046928029E-1,9.561722710226E-1));
#4148=VECTOR('',#4147,6.059072334911E-2);
#4149=CARTESIAN_POINT('',(-3.3E0,6.788329112097E-1,-4.844014465627E0));
#4150=LINE('',#4149,#4148);
#4151=CARTESIAN_POINT('',(-3.3E0,8.4E-1,-4.83E0));
#4152=DIRECTION('',(-1.E0,0.E0,0.E0));
#4153=DIRECTION('',(0.E0,-9.561722710227E-1,2.928046928028E-1));
#4154=AXIS2_PLACEMENT_3D('',#4151,#4152,#4153);
#4156=DIRECTION('',(0.E0,2.588190451023E-1,-9.659258262891E-1));
#4157=VECTOR('',#4156,4.932647231696E-2);
#4158=CARTESIAN_POINT('',(-3.3E0,9.848888739434E-1,-4.791177143235E0));
#4159=LINE('',#4158,#4157);
#4160=CARTESIAN_POINT('',(-3.3E0,1.142544378350E0,-4.8E0));
#4161=DIRECTION('',(1.E0,0.E0,0.E0));
#4162=DIRECTION('',(0.E0,-9.659258262891E-1,-2.588190451023E-1));
#4163=AXIS2_PLACEMENT_3D('',#4160,#4161,#4162);
#4165=DIRECTION('',(1.E0,0.E0,0.E0));
#4166=VECTOR('',#4165,2.5E-1);
#4167=CARTESIAN_POINT('',(-3.3E0,1.936446609407E0,-3.593553390593E0));
#4168=LINE('',#4167,#4166);
#4169=DIRECTION('',(1.E0,0.E0,0.E0));
#4170=VECTOR('',#4169,2.5E-1);
#4171=CARTESIAN_POINT('',(-3.3E0,2.66E0,-4.317106781187E0));
#4172=LINE('',#4171,#4170);
#4173=DIRECTION('',(1.E0,0.E0,0.E0));
#4174=VECTOR('',#4173,2.5E-1);
#4175=CARTESIAN_POINT('',(-3.3E0,2.66E0,-4.85E0));
#4176=LINE('',#4175,#4174);
#4177=DIRECTION('',(1.E0,0.E0,0.E0));
#4178=VECTOR('',#4177,2.5E-1);
#4179=CARTESIAN_POINT('',(-3.3E0,2.06E0,-4.85E0));
#4180=LINE('',#4179,#4178);
#4181=DIRECTION('',(1.E0,0.E0,0.E0));
#4182=VECTOR('',#4181,2.5E-1);
#4183=CARTESIAN_POINT('',(-3.3E0,2.06E0,-4.8E0));
#4184=LINE('',#4183,#4182);
#4185=DIRECTION('',(1.E0,0.E0,0.E0));
#4186=VECTOR('',#4185,2.5E-1);
#4187=CARTESIAN_POINT('',(-3.3E0,1.765111126057E0,-4.761177143235E0));
#4188=LINE('',#4187,#4186);
#4189=DIRECTION('',(1.E0,0.E0,0.E0));
#4190=VECTOR('',#4189,2.5E-1);
#4191=CARTESIAN_POINT('',(-3.3E0,1.744306019820E0,-4.838822856765E0));
#4192=LINE('',#4191,#4190);
#4193=DIRECTION('',(1.E0,0.E0,0.E0));
#4194=VECTOR('',#4193,2.5E-1);
#4195=CARTESIAN_POINT('',(-3.3E0,1.599417145877E0,-4.95E0));
#4196=LINE('',#4195,#4194);
#4197=CARTESIAN_POINT('',(-3.05E0,2.29E0,-3.24E0));
#4198=DIRECTION('',(-1.E0,0.E0,0.E0));
#4199=DIRECTION('',(0.E0,-7.071067811865E-1,-7.071067811865E-1));
#4200=AXIS2_PLACEMENT_3D('',#4197,#4198,#4199);
#4202=DIRECTION('',(0.E0,-7.071067811865E-1,7.071067811865E-1));
#4203=VECTOR('',#4202,1.023259018078E0);
#4204=CARTESIAN_POINT('',(-3.05E0,2.66E0,-4.317106781187E0));
#4205=LINE('',#4204,#4203);
#4206=DIRECTION('',(0.E0,0.E0,1.E0));
#4207=VECTOR('',#4206,5.328932188135E-1);
#4208=CARTESIAN_POINT('',(-3.05E0,2.66E0,-4.85E0));
#4209=LINE('',#4208,#4207);
#4210=DIRECTION('',(0.E0,1.E0,0.E0));
#4211=VECTOR('',#4210,6.E-1);
#4212=CARTESIAN_POINT('',(-3.05E0,2.06E0,-4.85E0));
#4213=LINE('',#4212,#4211);
#4214=DIRECTION('',(0.E0,0.E0,-1.E0));
#4215=VECTOR('',#4214,5.E-2);
#4216=CARTESIAN_POINT('',(-3.05E0,2.06E0,-4.8E0));
#4217=LINE('',#4216,#4215);
#4218=CARTESIAN_POINT('',(-3.05E0,1.91E0,-4.8E0));
#4219=DIRECTION('',(-1.E0,0.E0,0.E0));
#4220=DIRECTION('',(0.E0,-9.659258262889E-1,2.588190451033E-1));
#4221=AXIS2_PLACEMENT_3D('',#4218,#4219,#4220);
#4223=DIRECTION('',(0.E0,2.588190451033E-1,9.659258262889E-1));
#4224=VECTOR('',#4223,8.038475772960E-2);
#4225=CARTESIAN_POINT('',(-3.05E0,1.744306019820E0,-4.838822856765E0));
#4226=LINE('',#4225,#4224);
#4227=CARTESIAN_POINT('',(-3.05E0,1.599417145877E0,-4.8E0));
#4228=DIRECTION('',(1.E0,0.E0,0.E0));
#4229=DIRECTION('',(0.E0,0.E0,-1.E0));
#4230=AXIS2_PLACEMENT_3D('',#4227,#4228,#4229);
#4232=DIRECTION('',(0.E0,1.E0,0.E0));
#4233=VECTOR('',#4232,9.941714587691E-2);
#4234=CARTESIAN_POINT('',(-3.05E0,1.5E0,-4.95E0));
#4235=LINE('',#4234,#4233);
#4236=DIRECTION('',(0.E0,0.E0,-1.E0));
#4237=VECTOR('',#4236,5.E-2);
#4238=CARTESIAN_POINT('',(-3.05E0,-1.61E0,-3.5E0));
#4239=LINE('',#4238,#4237);
#4240=DIRECTION('',(0.E0,7.071067811865E-1,-7.071067811865E-1));
#4241=VECTOR('',#4240,1.555634918610E-1);
#4242=CARTESIAN_POINT('',(-3.05E0,-1.61E0,-3.55E0));
#4243=LINE('',#4242,#4241);
#4244=CARTESIAN_POINT('',(-3.05E0,6.1E-1,-4.04E0));
#4245=DIRECTION('',(-1.E0,0.E0,0.E0));
#4246=DIRECTION('',(0.E0,3.039877774910E-1,-9.526759318552E-1));
#4247=AXIS2_PLACEMENT_3D('',#4244,#4245,#4246);
#4249=CARTESIAN_POINT('',(-3.05E0,1.142544378350E0,-4.8E0));
#4250=DIRECTION('',(1.E0,0.E0,0.E0));
#4251=DIRECTION('',(0.E0,-9.659258262891E-1,-2.588190451023E-1));
#4252=AXIS2_PLACEMENT_3D('',#4249,#4250,#4251);
#4254=DIRECTION('',(0.E0,2.588190451023E-1,-9.659258262891E-1));
#4255=VECTOR('',#4254,4.932647231696E-2);
#4256=CARTESIAN_POINT('',(-3.05E0,9.848888739434E-1,-4.791177143235E0));
#4257=LINE('',#4256,#4255);
#4258=CARTESIAN_POINT('',(-3.05E0,8.4E-1,-4.83E0));
#4259=DIRECTION('',(-1.E0,0.E0,0.E0));
#4260=DIRECTION('',(0.E0,-9.561722710227E-1,2.928046928028E-1));
#4261=AXIS2_PLACEMENT_3D('',#4258,#4259,#4260);
#4263=DIRECTION('',(0.E0,2.928046928029E-1,9.561722710226E-1));
#4264=VECTOR('',#4263,6.059072334911E-2);
#4265=CARTESIAN_POINT('',(-3.05E0,6.788329112097E-1,-4.844014465627E0));
#4266=LINE('',#4265,#4264);
#4267=CARTESIAN_POINT('',(-3.05E0,5.354070705563E-1,-4.800093761707E0));
#4268=DIRECTION('',(1.E0,0.E0,0.E0));
#4269=DIRECTION('',(0.E0,-3.535202069687E-2,-9.993749219550E-1));
#4270=AXIS2_PLACEMENT_3D('',#4267,#4268,#4269);
#4272=DIRECTION('',(0.E0,9.993749219550E-1,-3.535202069687E-2));
#4273=VECTOR('',#4272,1.541067554946E0);
#4274=CARTESIAN_POINT('',(-3.05E0,-1.01E0,-4.895520147902E0));
#4275=LINE('',#4274,#4273);
#4276=DIRECTION('',(0.E0,7.316624378256E-1,6.816671306988E-1));
#4277=VECTOR('',#4276,4.306552189376E-1);
#4278=CARTESIAN_POINT('',(-3.05E0,-1.325094247350E0,-5.189083655316E0));
#4279=LINE('',#4278,#4277);
#4280=DIRECTION('',(0.E0,9.986531302789E-1,5.188376802132E-2));
#4281=VECTOR('',#4280,1.974088795471E0);
#4282=CARTESIAN_POINT('',(-3.05E0,-3.296524202396E0,-5.291506820434E0));
#4283=LINE('',#4282,#4281);
#4284=CARTESIAN_POINT('',(-3.05E0,-3.304306767599E0,-5.141708850892E0));
#4285=DIRECTION('',(1.E0,0.E0,0.E0));
#4286=DIRECTION('',(0.E0,-9.993749219550E-1,3.535202069706E-2));
#4287=AXIS2_PLACEMENT_3D('',#4284,#4285,#4286);
#4289=DIRECTION('',(0.E0,-3.535202069687E-2,-9.993749219550E-1));
#4290=VECTOR('',#4289,4.517189268945E-1);
#4291=CARTESIAN_POINT('',(-3.05E0,-3.438243829040E0,-4.684969480476E0));
#4292=LINE('',#4291,#4290);
#4293=CARTESIAN_POINT('',(-3.05E0,-3.288337590747E0,-4.690272283581E0));
#4294=DIRECTION('',(1.E0,0.E0,0.E0));
#4295=DIRECTION('',(0.E0,-5.188376802132E-2,9.986531302789E-1));
#4296=AXIS2_PLACEMENT_3D('',#4293,#4294,#4295);
#4298=DIRECTION('',(0.E0,-9.986531302789E-1,-5.188376802131E-2));
#4299=VECTOR('',#4298,4.764619152769E-1);
#4300=CARTESIAN_POINT('',(-3.05E0,-2.820299972800E0,-4.515753674556E0));
#4301=LINE('',#4300,#4299);
#4302=CARTESIAN_POINT('',(-3.05E0,-2.828082538003E0,-4.365955705014E0));
#4303=DIRECTION('',(-1.E0,0.E0,0.E0));
#4304=DIRECTION('',(0.E0,9.994617137619E-1,3.280674814978E-2));
#4305=AXIS2_PLACEMENT_3D('',#4302,#4303,#4304);
#4307=DIRECTION('',(0.E0,-9.986531302789E-1,-5.188376802132E-2));
#4308=VECTOR('',#4307,1.179752253527E0);
#4309=CARTESIAN_POINT('',(-3.05E0,-1.5E0,-4.299824700547E0));
#4310=LINE('',#4309,#4308);
#4311=DIRECTION('',(0.E0,-9.986531302789E-1,-5.188376802132E-2));
#4312=VECTOR('',#4311,1.318638465120E0);
#4313=CARTESIAN_POINT('',(-3.05E0,6.177825652032E-1,-4.189797969542E0));
#4314=LINE('',#4313,#4312);
#4315=DIRECTION('',(1.E0,0.E0,0.E0));
#4316=VECTOR('',#4315,2.5E-1);
#4317=CARTESIAN_POINT('',(-3.3E0,-1.61E0,-3.55E0));
#4318=LINE('',#4317,#4316);
#4319=DIRECTION('',(1.E0,0.E0,0.E0));
#4320=VECTOR('',#4319,2.5E-1);
#4321=CARTESIAN_POINT('',(-3.3E0,6.177825652032E-1,-4.189797969542E0));
#4322=LINE('',#4321,#4320);
#4323=DIRECTION('',(1.E0,0.E0,0.E0));
#4324=VECTOR('',#4323,2.5E-1);
#4325=CARTESIAN_POINT('',(-3.3E0,-2.678163280939E0,-4.361034692792E0));
#4326=LINE('',#4325,#4324);
#4327=DIRECTION('',(1.E0,0.E0,0.E0));
#4328=VECTOR('',#4327,2.5E-1);
#4329=CARTESIAN_POINT('',(-3.3E0,-2.820299972800E0,-4.515753674556E0));
#4330=LINE('',#4329,#4328);
#4331=DIRECTION('',(1.E0,0.E0,0.E0));
#4332=VECTOR('',#4331,2.5E-1);
#4333=CARTESIAN_POINT('',(-3.3E0,-3.296120155950E0,-4.540474314039E0));
#4334=LINE('',#4333,#4332);
#4335=DIRECTION('',(1.E0,0.E0,0.E0));
#4336=VECTOR('',#4335,2.5E-1);
#4337=CARTESIAN_POINT('',(-3.3E0,-3.438243829040E0,-4.684969480476E0));
#4338=LINE('',#4337,#4336);
#4339=DIRECTION('',(1.E0,0.E0,0.E0));
#4340=VECTOR('',#4339,2.5E-1);
#4341=CARTESIAN_POINT('',(-3.3E0,-3.454213005893E0,-5.136406047787E0));
#4342=LINE('',#4341,#4340);
#4343=DIRECTION('',(1.E0,0.E0,0.E0));
#4344=VECTOR('',#4343,2.5E-1);
#4345=CARTESIAN_POINT('',(-3.3E0,-3.296524202396E0,-5.291506820434E0));
#4346=LINE('',#4345,#4344);
#4347=DIRECTION('',(1.E0,0.E0,0.E0));
#4348=VECTOR('',#4347,2.5E-1);
#4349=CARTESIAN_POINT('',(-3.3E0,-1.325094247350E0,-5.189083655316E0));
#4350=LINE('',#4349,#4348);
#4351=DIRECTION('',(1.E0,0.E0,0.E0));
#4352=VECTOR('',#4351,2.5E-1);
#4353=CARTESIAN_POINT('',(-3.3E0,-1.01E0,-4.895520147902E0));
#4354=LINE('',#4353,#4352);
#4355=DIRECTION('',(1.E0,0.E0,0.E0));
#4356=VECTOR('',#4355,2.5E-1);
#4357=CARTESIAN_POINT('',(-3.3E0,5.301042674517E-1,-4.95E0));
#4358=LINE('',#4357,#4356);
#4359=DIRECTION('',(1.E0,0.E0,0.E0));
#4360=VECTOR('',#4359,2.5E-1);
#4361=CARTESIAN_POINT('',(-3.3E0,6.788329112097E-1,-4.844014465627E0));
#4362=LINE('',#4361,#4360);
#4363=DIRECTION('',(1.E0,0.E0,0.E0));
#4364=VECTOR('',#4363,2.5E-1);
#4365=CARTESIAN_POINT('',(-3.3E0,6.965741593466E-1,-4.786079296080E0));
#4366=LINE('',#4365,#4364);
#4367=DIRECTION('',(1.E0,0.E0,0.E0));
#4368=VECTOR('',#4367,2.5E-1);
#4369=CARTESIAN_POINT('',(-3.3E0,9.848888739434E-1,-4.791177143235E0));
#4370=LINE('',#4369,#4368);
#4371=DIRECTION('',(1.E0,0.E0,0.E0));
#4372=VECTOR('',#4371,2.5E-1);
#4373=CARTESIAN_POINT('',(-3.3E0,9.976555044067E-1,-4.838822856765E0));
#4374=LINE('',#4373,#4372);
#4375=CARTESIAN_POINT('',(-7.6E-1,2.29E0,-3.24E0));
#4376=DIRECTION('',(-1.E0,0.E0,0.E0));
#4377=DIRECTION('',(0.E0,-7.071067811865E-1,-7.071067811865E-1));
#4378=AXIS2_PLACEMENT_3D('',#4375,#4376,#4377);
#4380=DIRECTION('',(0.E0,1.E0,0.E0));
#4381=VECTOR('',#4380,9.941714587691E-2);
#4382=CARTESIAN_POINT('',(-7.6E-1,1.5E0,-4.95E0));
#4383=LINE('',#4382,#4381);
#4384=CARTESIAN_POINT('',(-7.6E-1,1.599417145877E0,-4.8E0));
#4385=DIRECTION('',(1.E0,0.E0,0.E0));
#4386=DIRECTION('',(0.E0,0.E0,-1.E0));
#4387=AXIS2_PLACEMENT_3D('',#4384,#4385,#4386);
#4389=DIRECTION('',(0.E0,2.588190451033E-1,9.659258262889E-1));
#4390=VECTOR('',#4389,8.038475772960E-2);
#4391=CARTESIAN_POINT('',(-7.6E-1,1.744306019820E0,-4.838822856765E0));
#4392=LINE('',#4391,#4390);
#4393=CARTESIAN_POINT('',(-7.6E-1,1.91E0,-4.8E0));
#4394=DIRECTION('',(-1.E0,0.E0,0.E0));
#4395=DIRECTION('',(0.E0,-9.659258262889E-1,2.588190451033E-1));
#4396=AXIS2_PLACEMENT_3D('',#4393,#4394,#4395);
#4398=DIRECTION('',(0.E0,0.E0,-1.E0));
#4399=VECTOR('',#4398,5.E-2);
#4400=CARTESIAN_POINT('',(-7.6E-1,2.06E0,-4.8E0));
#4401=LINE('',#4400,#4399);
#4402=DIRECTION('',(0.E0,1.E0,0.E0));
#4403=VECTOR('',#4402,6.E-1);
#4404=CARTESIAN_POINT('',(-7.6E-1,2.06E0,-4.85E0));
#4405=LINE('',#4404,#4403);
#4406=DIRECTION('',(0.E0,0.E0,1.E0));
#4407=VECTOR('',#4406,5.328932188135E-1);
#4408=CARTESIAN_POINT('',(-7.6E-1,2.66E0,-4.85E0));
#4409=LINE('',#4408,#4407);
#4410=DIRECTION('',(0.E0,-7.071067811865E-1,7.071067811865E-1));
#4411=VECTOR('',#4410,1.023259018078E0);
#4412=CARTESIAN_POINT('',(-7.6E-1,2.66E0,-4.317106781187E0));
#4413=LINE('',#4412,#4411);
#4414=DIRECTION('',(0.E0,0.E0,-1.E0));
#4415=VECTOR('',#4414,5.E-2);
#4416=CARTESIAN_POINT('',(-7.6E-1,-1.61E0,-3.5E0));
#4417=LINE('',#4416,#4415);
#4418=DIRECTION('',(0.E0,7.071067811865E-1,-7.071067811865E-1));
#4419=VECTOR('',#4418,1.555634918610E-1);
#4420=CARTESIAN_POINT('',(-7.6E-1,-1.61E0,-3.55E0));
#4421=LINE('',#4420,#4419);
#4422=CARTESIAN_POINT('',(-7.6E-1,6.1E-1,-4.04E0));
#4423=DIRECTION('',(-1.E0,0.E0,0.E0));
#4424=DIRECTION('',(0.E0,3.039877774910E-1,-9.526759318552E-1));
#4425=AXIS2_PLACEMENT_3D('',#4422,#4423,#4424);
#4427=DIRECTION('',(0.E0,-9.986531302789E-1,-5.188376802132E-2));
#4428=VECTOR('',#4427,1.318638465120E0);
#4429=CARTESIAN_POINT('',(-7.6E-1,6.177825652032E-1,-4.189797969542E0));
#4430=LINE('',#4429,#4428);
#4431=DIRECTION('',(0.E0,-9.986531302789E-1,-5.188376802132E-2));
#4432=VECTOR('',#4431,1.179752253527E0);
#4433=CARTESIAN_POINT('',(-7.6E-1,-1.5E0,-4.299824700547E0));
#4434=LINE('',#4433,#4432);
#4435=CARTESIAN_POINT('',(-7.6E-1,-2.828082538003E0,-4.365955705014E0));
#4436=DIRECTION('',(-1.E0,0.E0,0.E0));
#4437=DIRECTION('',(0.E0,9.994617137619E-1,3.280674814978E-2));
#4438=AXIS2_PLACEMENT_3D('',#4435,#4436,#4437);
#4440=DIRECTION('',(0.E0,-9.986531302789E-1,-5.188376802131E-2));
#4441=VECTOR('',#4440,4.764619152769E-1);
#4442=CARTESIAN_POINT('',(-7.6E-1,-2.820299972800E0,-4.515753674556E0));
#4443=LINE('',#4442,#4441);
#4444=CARTESIAN_POINT('',(-7.6E-1,-3.288337590747E0,-4.690272283581E0));
#4445=DIRECTION('',(1.E0,0.E0,0.E0));
#4446=DIRECTION('',(0.E0,-5.188376802132E-2,9.986531302789E-1));
#4447=AXIS2_PLACEMENT_3D('',#4444,#4445,#4446);
#4449=DIRECTION('',(0.E0,-3.535202069687E-2,-9.993749219550E-1));
#4450=VECTOR('',#4449,4.517189268945E-1);
#4451=CARTESIAN_POINT('',(-7.6E-1,-3.438243829040E0,-4.684969480476E0));
#4452=LINE('',#4451,#4450);
#4453=CARTESIAN_POINT('',(-7.6E-1,-3.304306767599E0,-5.141708850892E0));
#4454=DIRECTION('',(1.E0,0.E0,0.E0));
#4455=DIRECTION('',(0.E0,-9.993749219550E-1,3.535202069706E-2));
#4456=AXIS2_PLACEMENT_3D('',#4453,#4454,#4455);
#4458=DIRECTION('',(0.E0,9.986531302789E-1,5.188376802132E-2));
#4459=VECTOR('',#4458,1.974088795471E0);
#4460=CARTESIAN_POINT('',(-7.6E-1,-3.296524202396E0,-5.291506820434E0));
#4461=LINE('',#4460,#4459);
#4462=DIRECTION('',(0.E0,7.316624378256E-1,6.816671306988E-1));
#4463=VECTOR('',#4462,4.306552189376E-1);
#4464=CARTESIAN_POINT('',(-7.6E-1,-1.325094247350E0,-5.189083655316E0));
#4465=LINE('',#4464,#4463);
#4466=DIRECTION('',(0.E0,9.993749219550E-1,-3.535202069687E-2));
#4467=VECTOR('',#4466,1.541067554946E0);
#4468=CARTESIAN_POINT('',(-7.6E-1,-1.01E0,-4.895520147902E0));
#4469=LINE('',#4468,#4467);
#4470=CARTESIAN_POINT('',(-7.6E-1,5.354070705563E-1,-4.800093761707E0));
#4471=DIRECTION('',(1.E0,0.E0,0.E0));
#4472=DIRECTION('',(0.E0,-3.535202069687E-2,-9.993749219550E-1));
#4473=AXIS2_PLACEMENT_3D('',#4470,#4471,#4472);
#4475=DIRECTION('',(0.E0,2.928046928029E-1,9.561722710226E-1));
#4476=VECTOR('',#4475,6.059072334911E-2);
#4477=CARTESIAN_POINT('',(-7.6E-1,6.788329112097E-1,-4.844014465627E0));
#4478=LINE('',#4477,#4476);
#4479=CARTESIAN_POINT('',(-7.6E-1,8.4E-1,-4.83E0));
#4480=DIRECTION('',(-1.E0,0.E0,0.E0));
#4481=DIRECTION('',(0.E0,-9.561722710227E-1,2.928046928028E-1));
#4482=AXIS2_PLACEMENT_3D('',#4479,#4480,#4481);
#4484=DIRECTION('',(0.E0,2.588190451023E-1,-9.659258262891E-1));
#4485=VECTOR('',#4484,4.932647231696E-2);
#4486=CARTESIAN_POINT('',(-7.6E-1,9.848888739434E-1,-4.791177143235E0));
#4487=LINE('',#4486,#4485);
#4488=CARTESIAN_POINT('',(-7.6E-1,1.142544378350E0,-4.8E0));
#4489=DIRECTION('',(1.E0,0.E0,0.E0));
#4490=DIRECTION('',(0.E0,-9.659258262891E-1,-2.588190451023E-1));
#4491=AXIS2_PLACEMENT_3D('',#4488,#4489,#4490);
#4493=DIRECTION('',(1.E0,0.E0,0.E0));
#4494=VECTOR('',#4493,2.5E-1);
#4495=CARTESIAN_POINT('',(-7.6E-1,1.936446609407E0,-3.593553390593E0));
#4496=LINE('',#4495,#4494);
#4497=DIRECTION('',(1.E0,0.E0,0.E0));
#4498=VECTOR('',#4497,2.5E-1);
#4499=CARTESIAN_POINT('',(-7.6E-1,2.66E0,-4.317106781187E0));
#4500=LINE('',#4499,#4498);
#4501=DIRECTION('',(1.E0,0.E0,0.E0));
#4502=VECTOR('',#4501,2.5E-1);
#4503=CARTESIAN_POINT('',(-7.6E-1,2.66E0,-4.85E0));
#4504=LINE('',#4503,#4502);
#4505=DIRECTION('',(1.E0,0.E0,0.E0));
#4506=VECTOR('',#4505,2.5E-1);
#4507=CARTESIAN_POINT('',(-7.6E-1,2.06E0,-4.85E0));
#4508=LINE('',#4507,#4506);
#4509=DIRECTION('',(1.E0,0.E0,0.E0));
#4510=VECTOR('',#4509,2.5E-1);
#4511=CARTESIAN_POINT('',(-7.6E-1,2.06E0,-4.8E0));
#4512=LINE('',#4511,#4510);
#4513=DIRECTION('',(1.E0,0.E0,0.E0));
#4514=VECTOR('',#4513,2.5E-1);
#4515=CARTESIAN_POINT('',(-7.6E-1,1.765111126057E0,-4.761177143235E0));
#4516=LINE('',#4515,#4514);
#4517=DIRECTION('',(1.E0,0.E0,0.E0));
#4518=VECTOR('',#4517,2.5E-1);
#4519=CARTESIAN_POINT('',(-7.6E-1,1.744306019820E0,-4.838822856765E0));
#4520=LINE('',#4519,#4518);
#4521=DIRECTION('',(1.E0,0.E0,0.E0));
#4522=VECTOR('',#4521,2.5E-1);
#4523=CARTESIAN_POINT('',(-7.6E-1,1.599417145877E0,-4.95E0));
#4524=LINE('',#4523,#4522);
#4525=CARTESIAN_POINT('',(-5.1E-1,2.29E0,-3.24E0));
#4526=DIRECTION('',(-1.E0,0.E0,0.E0));
#4527=DIRECTION('',(0.E0,-7.071067811865E-1,-7.071067811865E-1));
#4528=AXIS2_PLACEMENT_3D('',#4525,#4526,#4527);
#4530=DIRECTION('',(0.E0,-7.071067811865E-1,7.071067811865E-1));
#4531=VECTOR('',#4530,1.023259018078E0);
#4532=CARTESIAN_POINT('',(-5.1E-1,2.66E0,-4.317106781187E0));
#4533=LINE('',#4532,#4531);
#4534=DIRECTION('',(0.E0,0.E0,1.E0));
#4535=VECTOR('',#4534,5.328932188135E-1);
#4536=CARTESIAN_POINT('',(-5.1E-1,2.66E0,-4.85E0));
#4537=LINE('',#4536,#4535);
#4538=DIRECTION('',(0.E0,1.E0,0.E0));
#4539=VECTOR('',#4538,6.E-1);
#4540=CARTESIAN_POINT('',(-5.1E-1,2.06E0,-4.85E0));
#4541=LINE('',#4540,#4539);
#4542=DIRECTION('',(0.E0,0.E0,-1.E0));
#4543=VECTOR('',#4542,5.E-2);
#4544=CARTESIAN_POINT('',(-5.1E-1,2.06E0,-4.8E0));
#4545=LINE('',#4544,#4543);
#4546=CARTESIAN_POINT('',(-5.1E-1,1.91E0,-4.8E0));
#4547=DIRECTION('',(-1.E0,0.E0,0.E0));
#4548=DIRECTION('',(0.E0,-9.659258262889E-1,2.588190451033E-1));
#4549=AXIS2_PLACEMENT_3D('',#4546,#4547,#4548);
#4551=DIRECTION('',(0.E0,2.588190451033E-1,9.659258262889E-1));
#4552=VECTOR('',#4551,8.038475772960E-2);
#4553=CARTESIAN_POINT('',(-5.1E-1,1.744306019820E0,-4.838822856765E0));
#4554=LINE('',#4553,#4552);
#4555=CARTESIAN_POINT('',(-5.1E-1,1.599417145877E0,-4.8E0));
#4556=DIRECTION('',(1.E0,0.E0,0.E0));
#4557=DIRECTION('',(0.E0,0.E0,-1.E0));
#4558=AXIS2_PLACEMENT_3D('',#4555,#4556,#4557);
#4560=DIRECTION('',(0.E0,1.E0,0.E0));
#4561=VECTOR('',#4560,9.941714587691E-2);
#4562=CARTESIAN_POINT('',(-5.1E-1,1.5E0,-4.95E0));
#4563=LINE('',#4562,#4561);
#4564=DIRECTION('',(0.E0,0.E0,-1.E0));
#4565=VECTOR('',#4564,5.E-2);
#4566=CARTESIAN_POINT('',(-5.1E-1,-1.61E0,-3.5E0));
#4567=LINE('',#4566,#4565);
#4568=DIRECTION('',(0.E0,7.071067811865E-1,-7.071067811865E-1));
#4569=VECTOR('',#4568,1.555634918610E-1);
#4570=CARTESIAN_POINT('',(-5.1E-1,-1.61E0,-3.55E0));
#4571=LINE('',#4570,#4569);
#4572=CARTESIAN_POINT('',(-5.1E-1,6.1E-1,-4.04E0));
#4573=DIRECTION('',(-1.E0,0.E0,0.E0));
#4574=DIRECTION('',(0.E0,3.039877774910E-1,-9.526759318552E-1));
#4575=AXIS2_PLACEMENT_3D('',#4572,#4573,#4574);
#4577=CARTESIAN_POINT('',(-5.1E-1,1.142544378350E0,-4.8E0));
#4578=DIRECTION('',(1.E0,0.E0,0.E0));
#4579=DIRECTION('',(0.E0,-9.659258262891E-1,-2.588190451023E-1));
#4580=AXIS2_PLACEMENT_3D('',#4577,#4578,#4579);
#4582=DIRECTION('',(0.E0,2.588190451023E-1,-9.659258262891E-1));
#4583=VECTOR('',#4582,4.932647231696E-2);
#4584=CARTESIAN_POINT('',(-5.1E-1,9.848888739434E-1,-4.791177143235E0));
#4585=LINE('',#4584,#4583);
#4586=CARTESIAN_POINT('',(-5.1E-1,8.4E-1,-4.83E0));
#4587=DIRECTION('',(-1.E0,0.E0,0.E0));
#4588=DIRECTION('',(0.E0,-9.561722710227E-1,2.928046928028E-1));
#4589=AXIS2_PLACEMENT_3D('',#4586,#4587,#4588);
#4591=DIRECTION('',(0.E0,2.928046928029E-1,9.561722710226E-1));
#4592=VECTOR('',#4591,6.059072334911E-2);
#4593=CARTESIAN_POINT('',(-5.1E-1,6.788329112097E-1,-4.844014465627E0));
#4594=LINE('',#4593,#4592);
#4595=CARTESIAN_POINT('',(-5.1E-1,5.354070705563E-1,-4.800093761707E0));
#4596=DIRECTION('',(1.E0,0.E0,0.E0));
#4597=DIRECTION('',(0.E0,-3.535202069687E-2,-9.993749219550E-1));
#4598=AXIS2_PLACEMENT_3D('',#4595,#4596,#4597);
#4600=DIRECTION('',(0.E0,9.993749219550E-1,-3.535202069687E-2));
#4601=VECTOR('',#4600,1.541067554946E0);
#4602=CARTESIAN_POINT('',(-5.1E-1,-1.01E0,-4.895520147902E0));
#4603=LINE('',#4602,#4601);
#4604=DIRECTION('',(0.E0,7.316624378256E-1,6.816671306988E-1));
#4605=VECTOR('',#4604,4.306552189376E-1);
#4606=CARTESIAN_POINT('',(-5.1E-1,-1.325094247350E0,-5.189083655316E0));
#4607=LINE('',#4606,#4605);
#4608=DIRECTION('',(0.E0,9.986531302789E-1,5.188376802132E-2));
#4609=VECTOR('',#4608,1.974088795471E0);
#4610=CARTESIAN_POINT('',(-5.1E-1,-3.296524202396E0,-5.291506820434E0));
#4611=LINE('',#4610,#4609);
#4612=CARTESIAN_POINT('',(-5.1E-1,-3.304306767599E0,-5.141708850892E0));
#4613=DIRECTION('',(1.E0,0.E0,0.E0));
#4614=DIRECTION('',(0.E0,-9.993749219550E-1,3.535202069706E-2));
#4615=AXIS2_PLACEMENT_3D('',#4612,#4613,#4614);
#4617=DIRECTION('',(0.E0,-3.535202069687E-2,-9.993749219550E-1));
#4618=VECTOR('',#4617,4.517189268945E-1);
#4619=CARTESIAN_POINT('',(-5.1E-1,-3.438243829040E0,-4.684969480476E0));
#4620=LINE('',#4619,#4618);
#4621=CARTESIAN_POINT('',(-5.1E-1,-3.288337590747E0,-4.690272283581E0));
#4622=DIRECTION('',(1.E0,0.E0,0.E0));
#4623=DIRECTION('',(0.E0,-5.188376802132E-2,9.986531302789E-1));
#4624=AXIS2_PLACEMENT_3D('',#4621,#4622,#4623);
#4626=DIRECTION('',(0.E0,-9.986531302789E-1,-5.188376802131E-2));
#4627=VECTOR('',#4626,4.764619152769E-1);
#4628=CARTESIAN_POINT('',(-5.1E-1,-2.820299972800E0,-4.515753674556E0));
#4629=LINE('',#4628,#4627);
#4630=CARTESIAN_POINT('',(-5.1E-1,-2.828082538003E0,-4.365955705014E0));
#4631=DIRECTION('',(-1.E0,0.E0,0.E0));
#4632=DIRECTION('',(0.E0,9.994617137619E-1,3.280674814978E-2));
#4633=AXIS2_PLACEMENT_3D('',#4630,#4631,#4632);
#4635=DIRECTION('',(0.E0,-9.986531302789E-1,-5.188376802132E-2));
#4636=VECTOR('',#4635,1.179752253527E0);
#4637=CARTESIAN_POINT('',(-5.1E-1,-1.5E0,-4.299824700547E0));
#4638=LINE('',#4637,#4636);
#4639=DIRECTION('',(0.E0,-9.986531302789E-1,-5.188376802132E-2));
#4640=VECTOR('',#4639,1.318638465120E0);
#4641=CARTESIAN_POINT('',(-5.1E-1,6.177825652032E-1,-4.189797969542E0));
#4642=LINE('',#4641,#4640);
#4643=DIRECTION('',(1.E0,0.E0,0.E0));
#4644=VECTOR('',#4643,2.5E-1);
#4645=CARTESIAN_POINT('',(-7.6E-1,-1.61E0,-3.55E0));
#4646=LINE('',#4645,#4644);
#4647=DIRECTION('',(1.E0,0.E0,0.E0));
#4648=VECTOR('',#4647,2.5E-1);
#4649=CARTESIAN_POINT('',(-7.6E-1,6.177825652032E-1,-4.189797969542E0));
#4650=LINE('',#4649,#4648);
#4651=DIRECTION('',(1.E0,0.E0,0.E0));
#4652=VECTOR('',#4651,2.5E-1);
#4653=CARTESIAN_POINT('',(-7.6E-1,-2.678163280939E0,-4.361034692792E0));
#4654=LINE('',#4653,#4652);
#4655=DIRECTION('',(1.E0,0.E0,0.E0));
#4656=VECTOR('',#4655,2.5E-1);
#4657=CARTESIAN_POINT('',(-7.6E-1,-2.820299972800E0,-4.515753674556E0));
#4658=LINE('',#4657,#4656);
#4659=DIRECTION('',(1.E0,0.E0,0.E0));
#4660=VECTOR('',#4659,2.5E-1);
#4661=CARTESIAN_POINT('',(-7.6E-1,-3.296120155950E0,-4.540474314039E0));
#4662=LINE('',#4661,#4660);
#4663=DIRECTION('',(1.E0,0.E0,0.E0));
#4664=VECTOR('',#4663,2.5E-1);
#4665=CARTESIAN_POINT('',(-7.6E-1,-3.438243829040E0,-4.684969480476E0));
#4666=LINE('',#4665,#4664);
#4667=DIRECTION('',(1.E0,0.E0,0.E0));
#4668=VECTOR('',#4667,2.5E-1);
#4669=CARTESIAN_POINT('',(-7.6E-1,-3.454213005893E0,-5.136406047787E0));
#4670=LINE('',#4669,#4668);
#4671=DIRECTION('',(1.E0,0.E0,0.E0));
#4672=VECTOR('',#4671,2.5E-1);
#4673=CARTESIAN_POINT('',(-7.6E-1,-3.296524202396E0,-5.291506820434E0));
#4674=LINE('',#4673,#4672);
#4675=DIRECTION('',(1.E0,0.E0,0.E0));
#4676=VECTOR('',#4675,2.5E-1);
#4677=CARTESIAN_POINT('',(-7.6E-1,-1.325094247350E0,-5.189083655316E0));
#4678=LINE('',#4677,#4676);
#4679=DIRECTION('',(1.E0,0.E0,0.E0));
#4680=VECTOR('',#4679,2.5E-1);
#4681=CARTESIAN_POINT('',(-7.6E-1,-1.01E0,-4.895520147902E0));
#4682=LINE('',#4681,#4680);
#4683=DIRECTION('',(1.E0,0.E0,0.E0));
#4684=VECTOR('',#4683,2.5E-1);
#4685=CARTESIAN_POINT('',(-7.6E-1,5.301042674517E-1,-4.95E0));
#4686=LINE('',#4685,#4684);
#4687=DIRECTION('',(1.E0,0.E0,0.E0));
#4688=VECTOR('',#4687,2.5E-1);
#4689=CARTESIAN_POINT('',(-7.6E-1,6.788329112097E-1,-4.844014465627E0));
#4690=LINE('',#4689,#4688);
#4691=DIRECTION('',(1.E0,0.E0,0.E0));
#4692=VECTOR('',#4691,2.5E-1);
#4693=CARTESIAN_POINT('',(-7.6E-1,6.965741593466E-1,-4.786079296080E0));
#4694=LINE('',#4693,#4692);
#4695=DIRECTION('',(1.E0,0.E0,0.E0));
#4696=VECTOR('',#4695,2.5E-1);
#4697=CARTESIAN_POINT('',(-7.6E-1,9.848888739434E-1,-4.791177143235E0));
#4698=LINE('',#4697,#4696);
#4699=DIRECTION('',(1.E0,0.E0,0.E0));
#4700=VECTOR('',#4699,2.5E-1);
#4701=CARTESIAN_POINT('',(-7.6E-1,9.976555044067E-1,-4.838822856765E0));
#4702=LINE('',#4701,#4700);
#4703=CARTESIAN_POINT('',(1.78E0,2.29E0,-3.24E0));
#4704=DIRECTION('',(-1.E0,0.E0,0.E0));
#4705=DIRECTION('',(0.E0,-7.071067811865E-1,-7.071067811865E-1));
#4706=AXIS2_PLACEMENT_3D('',#4703,#4704,#4705);
#4708=DIRECTION('',(0.E0,1.E0,0.E0));
#4709=VECTOR('',#4708,9.941714587691E-2);
#4710=CARTESIAN_POINT('',(1.78E0,1.5E0,-4.95E0));
#4711=LINE('',#4710,#4709);
#4712=CARTESIAN_POINT('',(1.78E0,1.599417145877E0,-4.8E0));
#4713=DIRECTION('',(1.E0,0.E0,0.E0));
#4714=DIRECTION('',(0.E0,0.E0,-1.E0));
#4715=AXIS2_PLACEMENT_3D('',#4712,#4713,#4714);
#4717=DIRECTION('',(0.E0,2.588190451033E-1,9.659258262889E-1));
#4718=VECTOR('',#4717,8.038475772960E-2);
#4719=CARTESIAN_POINT('',(1.78E0,1.744306019820E0,-4.838822856765E0));
#4720=LINE('',#4719,#4718);
#4721=CARTESIAN_POINT('',(1.78E0,1.91E0,-4.8E0));
#4722=DIRECTION('',(-1.E0,0.E0,0.E0));
#4723=DIRECTION('',(0.E0,-9.659258262889E-1,2.588190451033E-1));
#4724=AXIS2_PLACEMENT_3D('',#4721,#4722,#4723);
#4726=DIRECTION('',(0.E0,0.E0,-1.E0));
#4727=VECTOR('',#4726,5.E-2);
#4728=CARTESIAN_POINT('',(1.78E0,2.06E0,-4.8E0));
#4729=LINE('',#4728,#4727);
#4730=DIRECTION('',(0.E0,1.E0,0.E0));
#4731=VECTOR('',#4730,6.E-1);
#4732=CARTESIAN_POINT('',(1.78E0,2.06E0,-4.85E0));
#4733=LINE('',#4732,#4731);
#4734=DIRECTION('',(0.E0,0.E0,1.E0));
#4735=VECTOR('',#4734,5.328932188135E-1);
#4736=CARTESIAN_POINT('',(1.78E0,2.66E0,-4.85E0));
#4737=LINE('',#4736,#4735);
#4738=DIRECTION('',(0.E0,-7.071067811865E-1,7.071067811865E-1));
#4739=VECTOR('',#4738,1.023259018078E0);
#4740=CARTESIAN_POINT('',(1.78E0,2.66E0,-4.317106781187E0));
#4741=LINE('',#4740,#4739);
#4742=DIRECTION('',(0.E0,0.E0,-1.E0));
#4743=VECTOR('',#4742,5.E-2);
#4744=CARTESIAN_POINT('',(1.78E0,-1.61E0,-3.5E0));
#4745=LINE('',#4744,#4743);
#4746=DIRECTION('',(0.E0,7.071067811865E-1,-7.071067811865E-1));
#4747=VECTOR('',#4746,1.555634918610E-1);
#4748=CARTESIAN_POINT('',(1.78E0,-1.61E0,-3.55E0));
#4749=LINE('',#4748,#4747);
#4750=CARTESIAN_POINT('',(1.78E0,6.1E-1,-4.04E0));
#4751=DIRECTION('',(-1.E0,0.E0,0.E0));
#4752=DIRECTION('',(0.E0,3.039877774910E-1,-9.526759318552E-1));
#4753=AXIS2_PLACEMENT_3D('',#4750,#4751,#4752);
#4755=DIRECTION('',(0.E0,-9.986531302789E-1,-5.188376802132E-2));
#4756=VECTOR('',#4755,1.318638465120E0);
#4757=CARTESIAN_POINT('',(1.78E0,6.177825652032E-1,-4.189797969542E0));
#4758=LINE('',#4757,#4756);
#4759=DIRECTION('',(0.E0,-9.986531302789E-1,-5.188376802132E-2));
#4760=VECTOR('',#4759,1.179752253527E0);
#4761=CARTESIAN_POINT('',(1.78E0,-1.5E0,-4.299824700547E0));
#4762=LINE('',#4761,#4760);
#4763=CARTESIAN_POINT('',(1.78E0,-2.828082538003E0,-4.365955705014E0));
#4764=DIRECTION('',(-1.E0,0.E0,0.E0));
#4765=DIRECTION('',(0.E0,9.994617137619E-1,3.280674814978E-2));
#4766=AXIS2_PLACEMENT_3D('',#4763,#4764,#4765);
#4768=DIRECTION('',(0.E0,-9.986531302789E-1,-5.188376802131E-2));
#4769=VECTOR('',#4768,4.764619152769E-1);
#4770=CARTESIAN_POINT('',(1.78E0,-2.820299972800E0,-4.515753674556E0));
#4771=LINE('',#4770,#4769);
#4772=CARTESIAN_POINT('',(1.78E0,-3.288337590747E0,-4.690272283581E0));
#4773=DIRECTION('',(1.E0,0.E0,0.E0));
#4774=DIRECTION('',(0.E0,-5.188376802132E-2,9.986531302789E-1));
#4775=AXIS2_PLACEMENT_3D('',#4772,#4773,#4774);
#4777=DIRECTION('',(0.E0,-3.535202069687E-2,-9.993749219550E-1));
#4778=VECTOR('',#4777,4.517189268945E-1);
#4779=CARTESIAN_POINT('',(1.78E0,-3.438243829040E0,-4.684969480476E0));
#4780=LINE('',#4779,#4778);
#4781=CARTESIAN_POINT('',(1.78E0,-3.304306767599E0,-5.141708850892E0));
#4782=DIRECTION('',(1.E0,0.E0,0.E0));
#4783=DIRECTION('',(0.E0,-9.993749219550E-1,3.535202069706E-2));
#4784=AXIS2_PLACEMENT_3D('',#4781,#4782,#4783);
#4786=DIRECTION('',(0.E0,9.986531302789E-1,5.188376802132E-2));
#4787=VECTOR('',#4786,1.974088795471E0);
#4788=CARTESIAN_POINT('',(1.78E0,-3.296524202396E0,-5.291506820434E0));
#4789=LINE('',#4788,#4787);
#4790=DIRECTION('',(0.E0,7.316624378256E-1,6.816671306988E-1));
#4791=VECTOR('',#4790,4.306552189376E-1);
#4792=CARTESIAN_POINT('',(1.78E0,-1.325094247350E0,-5.189083655316E0));
#4793=LINE('',#4792,#4791);
#4794=DIRECTION('',(0.E0,9.993749219550E-1,-3.535202069687E-2));
#4795=VECTOR('',#4794,1.541067554946E0);
#4796=CARTESIAN_POINT('',(1.78E0,-1.01E0,-4.895520147902E0));
#4797=LINE('',#4796,#4795);
#4798=CARTESIAN_POINT('',(1.78E0,5.354070705563E-1,-4.800093761707E0));
#4799=DIRECTION('',(1.E0,0.E0,0.E0));
#4800=DIRECTION('',(0.E0,-3.535202069687E-2,-9.993749219550E-1));
#4801=AXIS2_PLACEMENT_3D('',#4798,#4799,#4800);
#4803=DIRECTION('',(0.E0,2.928046928029E-1,9.561722710226E-1));
#4804=VECTOR('',#4803,6.059072334911E-2);
#4805=CARTESIAN_POINT('',(1.78E0,6.788329112097E-1,-4.844014465627E0));
#4806=LINE('',#4805,#4804);
#4807=CARTESIAN_POINT('',(1.78E0,8.4E-1,-4.83E0));
#4808=DIRECTION('',(-1.E0,0.E0,0.E0));
#4809=DIRECTION('',(0.E0,-9.561722710227E-1,2.928046928028E-1));
#4810=AXIS2_PLACEMENT_3D('',#4807,#4808,#4809);
#4812=DIRECTION('',(0.E0,2.588190451023E-1,-9.659258262891E-1));
#4813=VECTOR('',#4812,4.932647231696E-2);
#4814=CARTESIAN_POINT('',(1.78E0,9.848888739434E-1,-4.791177143235E0));
#4815=LINE('',#4814,#4813);
#4816=CARTESIAN_POINT('',(1.78E0,1.142544378350E0,-4.8E0));
#4817=DIRECTION('',(1.E0,0.E0,0.E0));
#4818=DIRECTION('',(0.E0,-9.659258262891E-1,-2.588190451023E-1));
#4819=AXIS2_PLACEMENT_3D('',#4816,#4817,#4818);
#4821=DIRECTION('',(1.E0,0.E0,0.E0));
#4822=VECTOR('',#4821,2.5E-1);
#4823=CARTESIAN_POINT('',(1.78E0,1.936446609407E0,-3.593553390593E0));
#4824=LINE('',#4823,#4822);
#4825=DIRECTION('',(1.E0,0.E0,0.E0));
#4826=VECTOR('',#4825,2.5E-1);
#4827=CARTESIAN_POINT('',(1.78E0,2.66E0,-4.317106781187E0));
#4828=LINE('',#4827,#4826);
#4829=DIRECTION('',(1.E0,0.E0,0.E0));
#4830=VECTOR('',#4829,2.5E-1);
#4831=CARTESIAN_POINT('',(1.78E0,2.66E0,-4.85E0));
#4832=LINE('',#4831,#4830);
#4833=DIRECTION('',(1.E0,0.E0,0.E0));
#4834=VECTOR('',#4833,2.5E-1);
#4835=CARTESIAN_POINT('',(1.78E0,2.06E0,-4.85E0));
#4836=LINE('',#4835,#4834);
#4837=DIRECTION('',(1.E0,0.E0,0.E0));
#4838=VECTOR('',#4837,2.5E-1);
#4839=CARTESIAN_POINT('',(1.78E0,2.06E0,-4.8E0));
#4840=LINE('',#4839,#4838);
#4841=DIRECTION('',(1.E0,0.E0,0.E0));
#4842=VECTOR('',#4841,2.5E-1);
#4843=CARTESIAN_POINT('',(1.78E0,1.765111126057E0,-4.761177143235E0));
#4844=LINE('',#4843,#4842);
#4845=DIRECTION('',(1.E0,0.E0,0.E0));
#4846=VECTOR('',#4845,2.5E-1);
#4847=CARTESIAN_POINT('',(1.78E0,1.744306019820E0,-4.838822856765E0));
#4848=LINE('',#4847,#4846);
#4849=DIRECTION('',(1.E0,0.E0,0.E0));
#4850=VECTOR('',#4849,2.5E-1);
#4851=CARTESIAN_POINT('',(1.78E0,1.599417145877E0,-4.95E0));
#4852=LINE('',#4851,#4850);
#4853=CARTESIAN_POINT('',(2.03E0,2.29E0,-3.24E0));
#4854=DIRECTION('',(-1.E0,0.E0,0.E0));
#4855=DIRECTION('',(0.E0,-7.071067811865E-1,-7.071067811865E-1));
#4856=AXIS2_PLACEMENT_3D('',#4853,#4854,#4855);
#4858=DIRECTION('',(0.E0,-7.071067811865E-1,7.071067811865E-1));
#4859=VECTOR('',#4858,1.023259018078E0);
#4860=CARTESIAN_POINT('',(2.03E0,2.66E0,-4.317106781187E0));
#4861=LINE('',#4860,#4859);
#4862=DIRECTION('',(0.E0,0.E0,1.E0));
#4863=VECTOR('',#4862,5.328932188135E-1);
#4864=CARTESIAN_POINT('',(2.03E0,2.66E0,-4.85E0));
#4865=LINE('',#4864,#4863);
#4866=DIRECTION('',(0.E0,1.E0,0.E0));
#4867=VECTOR('',#4866,6.E-1);
#4868=CARTESIAN_POINT('',(2.03E0,2.06E0,-4.85E0));
#4869=LINE('',#4868,#4867);
#4870=DIRECTION('',(0.E0,0.E0,-1.E0));
#4871=VECTOR('',#4870,5.E-2);
#4872=CARTESIAN_POINT('',(2.03E0,2.06E0,-4.8E0));
#4873=LINE('',#4872,#4871);
#4874=CARTESIAN_POINT('',(2.03E0,1.91E0,-4.8E0));
#4875=DIRECTION('',(-1.E0,0.E0,0.E0));
#4876=DIRECTION('',(0.E0,-9.659258262889E-1,2.588190451033E-1));
#4877=AXIS2_PLACEMENT_3D('',#4874,#4875,#4876);
#4879=DIRECTION('',(0.E0,2.588190451033E-1,9.659258262889E-1));
#4880=VECTOR('',#4879,8.038475772960E-2);
#4881=CARTESIAN_POINT('',(2.03E0,1.744306019820E0,-4.838822856765E0));
#4882=LINE('',#4881,#4880);
#4883=CARTESIAN_POINT('',(2.03E0,1.599417145877E0,-4.8E0));
#4884=DIRECTION('',(1.E0,0.E0,0.E0));
#4885=DIRECTION('',(0.E0,0.E0,-1.E0));
#4886=AXIS2_PLACEMENT_3D('',#4883,#4884,#4885);
#4888=DIRECTION('',(0.E0,1.E0,0.E0));
#4889=VECTOR('',#4888,9.941714587691E-2);
#4890=CARTESIAN_POINT('',(2.03E0,1.5E0,-4.95E0));
#4891=LINE('',#4890,#4889);
#4892=DIRECTION('',(0.E0,0.E0,-1.E0));
#4893=VECTOR('',#4892,5.E-2);
#4894=CARTESIAN_POINT('',(2.03E0,-1.61E0,-3.5E0));
#4895=LINE('',#4894,#4893);
#4896=DIRECTION('',(0.E0,7.071067811865E-1,-7.071067811865E-1));
#4897=VECTOR('',#4896,1.555634918610E-1);
#4898=CARTESIAN_POINT('',(2.03E0,-1.61E0,-3.55E0));
#4899=LINE('',#4898,#4897);
#4900=CARTESIAN_POINT('',(2.03E0,6.1E-1,-4.04E0));
#4901=DIRECTION('',(-1.E0,0.E0,0.E0));
#4902=DIRECTION('',(0.E0,3.039877774910E-1,-9.526759318552E-1));
#4903=AXIS2_PLACEMENT_3D('',#4900,#4901,#4902);
#4905=CARTESIAN_POINT('',(2.03E0,1.142544378350E0,-4.8E0));
#4906=DIRECTION('',(1.E0,0.E0,0.E0));
#4907=DIRECTION('',(0.E0,-9.659258262891E-1,-2.588190451023E-1));
#4908=AXIS2_PLACEMENT_3D('',#4905,#4906,#4907);
#4910=DIRECTION('',(0.E0,2.588190451023E-1,-9.659258262891E-1));
#4911=VECTOR('',#4910,4.932647231696E-2);
#4912=CARTESIAN_POINT('',(2.03E0,9.848888739434E-1,-4.791177143235E0));
#4913=LINE('',#4912,#4911);
#4914=CARTESIAN_POINT('',(2.03E0,8.4E-1,-4.83E0));
#4915=DIRECTION('',(-1.E0,0.E0,0.E0));
#4916=DIRECTION('',(0.E0,-9.561722710227E-1,2.928046928028E-1));
#4917=AXIS2_PLACEMENT_3D('',#4914,#4915,#4916);
#4919=DIRECTION('',(0.E0,2.928046928029E-1,9.561722710226E-1));
#4920=VECTOR('',#4919,6.059072334911E-2);
#4921=CARTESIAN_POINT('',(2.03E0,6.788329112097E-1,-4.844014465627E0));
#4922=LINE('',#4921,#4920);
#4923=CARTESIAN_POINT('',(2.03E0,5.354070705563E-1,-4.800093761707E0));
#4924=DIRECTION('',(1.E0,0.E0,0.E0));
#4925=DIRECTION('',(0.E0,-3.535202069687E-2,-9.993749219550E-1));
#4926=AXIS2_PLACEMENT_3D('',#4923,#4924,#4925);
#4928=DIRECTION('',(0.E0,9.993749219550E-1,-3.535202069687E-2));
#4929=VECTOR('',#4928,1.541067554946E0);
#4930=CARTESIAN_POINT('',(2.03E0,-1.01E0,-4.895520147902E0));
#4931=LINE('',#4930,#4929);
#4932=DIRECTION('',(0.E0,7.316624378256E-1,6.816671306988E-1));
#4933=VECTOR('',#4932,4.306552189376E-1);
#4934=CARTESIAN_POINT('',(2.03E0,-1.325094247350E0,-5.189083655316E0));
#4935=LINE('',#4934,#4933);
#4936=DIRECTION('',(0.E0,9.986531302789E-1,5.188376802132E-2));
#4937=VECTOR('',#4936,1.974088795471E0);
#4938=CARTESIAN_POINT('',(2.03E0,-3.296524202396E0,-5.291506820434E0));
#4939=LINE('',#4938,#4937);
#4940=CARTESIAN_POINT('',(2.03E0,-3.304306767599E0,-5.141708850892E0));
#4941=DIRECTION('',(1.E0,0.E0,0.E0));
#4942=DIRECTION('',(0.E0,-9.993749219550E-1,3.535202069706E-2));
#4943=AXIS2_PLACEMENT_3D('',#4940,#4941,#4942);
#4945=DIRECTION('',(0.E0,-3.535202069687E-2,-9.993749219550E-1));
#4946=VECTOR('',#4945,4.517189268945E-1);
#4947=CARTESIAN_POINT('',(2.03E0,-3.438243829040E0,-4.684969480476E0));
#4948=LINE('',#4947,#4946);
#4949=CARTESIAN_POINT('',(2.03E0,-3.288337590747E0,-4.690272283581E0));
#4950=DIRECTION('',(1.E0,0.E0,0.E0));
#4951=DIRECTION('',(0.E0,-5.188376802132E-2,9.986531302789E-1));
#4952=AXIS2_PLACEMENT_3D('',#4949,#4950,#4951);
#4954=DIRECTION('',(0.E0,-9.986531302789E-1,-5.188376802131E-2));
#4955=VECTOR('',#4954,4.764619152769E-1);
#4956=CARTESIAN_POINT('',(2.03E0,-2.820299972800E0,-4.515753674556E0));
#4957=LINE('',#4956,#4955);
#4958=CARTESIAN_POINT('',(2.03E0,-2.828082538003E0,-4.365955705014E0));
#4959=DIRECTION('',(-1.E0,0.E0,0.E0));
#4960=DIRECTION('',(0.E0,9.994617137619E-1,3.280674814978E-2));
#4961=AXIS2_PLACEMENT_3D('',#4958,#4959,#4960);
#4963=DIRECTION('',(0.E0,-9.986531302789E-1,-5.188376802132E-2));
#4964=VECTOR('',#4963,1.179752253527E0);
#4965=CARTESIAN_POINT('',(2.03E0,-1.5E0,-4.299824700547E0));
#4966=LINE('',#4965,#4964);
#4967=DIRECTION('',(0.E0,-9.986531302789E-1,-5.188376802132E-2));
#4968=VECTOR('',#4967,1.318638465120E0);
#4969=CARTESIAN_POINT('',(2.03E0,6.177825652032E-1,-4.189797969542E0));
#4970=LINE('',#4969,#4968);
#4971=DIRECTION('',(1.E0,0.E0,0.E0));
#4972=VECTOR('',#4971,2.5E-1);
#4973=CARTESIAN_POINT('',(1.78E0,-1.61E0,-3.55E0));
#4974=LINE('',#4973,#4972);
#4975=DIRECTION('',(1.E0,0.E0,0.E0));
#4976=VECTOR('',#4975,2.5E-1);
#4977=CARTESIAN_POINT('',(1.78E0,6.177825652032E-1,-4.189797969542E0));
#4978=LINE('',#4977,#4976);
#4979=DIRECTION('',(1.E0,0.E0,0.E0));
#4980=VECTOR('',#4979,2.5E-1);
#4981=CARTESIAN_POINT('',(1.78E0,-2.678163280939E0,-4.361034692792E0));
#4982=LINE('',#4981,#4980);
#4983=DIRECTION('',(1.E0,0.E0,0.E0));
#4984=VECTOR('',#4983,2.5E-1);
#4985=CARTESIAN_POINT('',(1.78E0,-2.820299972800E0,-4.515753674556E0));
#4986=LINE('',#4985,#4984);
#4987=DIRECTION('',(1.E0,0.E0,0.E0));
#4988=VECTOR('',#4987,2.5E-1);
#4989=CARTESIAN_POINT('',(1.78E0,-3.296120155950E0,-4.540474314039E0));
#4990=LINE('',#4989,#4988);
#4991=DIRECTION('',(1.E0,0.E0,0.E0));
#4992=VECTOR('',#4991,2.5E-1);
#4993=CARTESIAN_POINT('',(1.78E0,-3.438243829040E0,-4.684969480476E0));
#4994=LINE('',#4993,#4992);
#4995=DIRECTION('',(1.E0,0.E0,0.E0));
#4996=VECTOR('',#4995,2.5E-1);
#4997=CARTESIAN_POINT('',(1.78E0,-3.454213005893E0,-5.136406047787E0));
#4998=LINE('',#4997,#4996);
#4999=DIRECTION('',(1.E0,0.E0,0.E0));
#5000=VECTOR('',#4999,2.5E-1);
#5001=CARTESIAN_POINT('',(1.78E0,-3.296524202396E0,-5.291506820434E0));
#5002=LINE('',#5001,#5000);
#5003=DIRECTION('',(1.E0,0.E0,0.E0));
#5004=VECTOR('',#5003,2.5E-1);
#5005=CARTESIAN_POINT('',(1.78E0,-1.325094247350E0,-5.189083655316E0));
#5006=LINE('',#5005,#5004);
#5007=DIRECTION('',(1.E0,0.E0,0.E0));
#5008=VECTOR('',#5007,2.5E-1);
#5009=CARTESIAN_POINT('',(1.78E0,-1.01E0,-4.895520147902E0));
#5010=LINE('',#5009,#5008);
#5011=DIRECTION('',(1.E0,0.E0,0.E0));
#5012=VECTOR('',#5011,2.5E-1);
#5013=CARTESIAN_POINT('',(1.78E0,5.301042674517E-1,-4.95E0));
#5014=LINE('',#5013,#5012);
#5015=DIRECTION('',(1.E0,0.E0,0.E0));
#5016=VECTOR('',#5015,2.5E-1);
#5017=CARTESIAN_POINT('',(1.78E0,6.788329112097E-1,-4.844014465627E0));
#5018=LINE('',#5017,#5016);
#5019=DIRECTION('',(1.E0,0.E0,0.E0));
#5020=VECTOR('',#5019,2.5E-1);
#5021=CARTESIAN_POINT('',(1.78E0,6.965741593466E-1,-4.786079296080E0));
#5022=LINE('',#5021,#5020);
#5023=DIRECTION('',(1.E0,0.E0,0.E0));
#5024=VECTOR('',#5023,2.5E-1);
#5025=CARTESIAN_POINT('',(1.78E0,9.848888739434E-1,-4.791177143235E0));
#5026=LINE('',#5025,#5024);
#5027=DIRECTION('',(1.E0,0.E0,0.E0));
#5028=VECTOR('',#5027,2.5E-1);
#5029=CARTESIAN_POINT('',(1.78E0,9.976555044067E-1,-4.838822856765E0));
#5030=LINE('',#5029,#5028);
#5031=DIRECTION('',(0.E0,0.E0,-1.E0));
#5032=VECTOR('',#5031,5.E-2);
#5033=CARTESIAN_POINT('',(4.32E0,-1.61E0,-3.5E0));
#5034=LINE('',#5033,#5032);
#5035=DIRECTION('',(0.E0,7.071067811865E-1,-7.071067811865E-1));
#5036=VECTOR('',#5035,1.555634918610E-1);
#5037=CARTESIAN_POINT('',(4.32E0,-1.61E0,-3.55E0));
#5038=LINE('',#5037,#5036);
#5039=CARTESIAN_POINT('',(4.32E0,2.29E0,-3.24E0));
#5040=DIRECTION('',(-1.E0,0.E0,0.E0));
#5041=DIRECTION('',(0.E0,-7.071067811865E-1,-7.071067811865E-1));
#5042=AXIS2_PLACEMENT_3D('',#5039,#5040,#5041);
#5044=DIRECTION('',(0.E0,1.E0,0.E0));
#5045=VECTOR('',#5044,9.941714587691E-2);
#5046=CARTESIAN_POINT('',(4.32E0,1.5E0,-4.95E0));
#5047=LINE('',#5046,#5045);
#5048=CARTESIAN_POINT('',(4.32E0,1.599417145877E0,-4.8E0));
#5049=DIRECTION('',(1.E0,0.E0,0.E0));
#5050=DIRECTION('',(0.E0,0.E0,-1.E0));
#5051=AXIS2_PLACEMENT_3D('',#5048,#5049,#5050);
#5053=DIRECTION('',(0.E0,2.588190451033E-1,9.659258262889E-1));
#5054=VECTOR('',#5053,8.038475772960E-2);
#5055=CARTESIAN_POINT('',(4.32E0,1.744306019820E0,-4.838822856765E0));
#5056=LINE('',#5055,#5054);
#5057=CARTESIAN_POINT('',(4.32E0,1.91E0,-4.8E0));
#5058=DIRECTION('',(-1.E0,0.E0,0.E0));
#5059=DIRECTION('',(0.E0,-9.659258262889E-1,2.588190451033E-1));
#5060=AXIS2_PLACEMENT_3D('',#5057,#5058,#5059);
#5062=DIRECTION('',(0.E0,0.E0,-1.E0));
#5063=VECTOR('',#5062,5.E-2);
#5064=CARTESIAN_POINT('',(4.32E0,2.06E0,-4.8E0));
#5065=LINE('',#5064,#5063);
#5066=DIRECTION('',(0.E0,1.E0,0.E0));
#5067=VECTOR('',#5066,6.E-1);
#5068=CARTESIAN_POINT('',(4.32E0,2.06E0,-4.85E0));
#5069=LINE('',#5068,#5067);
#5070=DIRECTION('',(0.E0,0.E0,1.E0));
#5071=VECTOR('',#5070,5.328932188135E-1);
#5072=CARTESIAN_POINT('',(4.32E0,2.66E0,-4.85E0));
#5073=LINE('',#5072,#5071);
#5074=DIRECTION('',(0.E0,-7.071067811865E-1,7.071067811865E-1));
#5075=VECTOR('',#5074,1.023259018078E0);
#5076=CARTESIAN_POINT('',(4.32E0,2.66E0,-4.317106781187E0));
#5077=LINE('',#5076,#5075);
#5078=DIRECTION('',(0.E0,-9.986531302789E-1,-5.188376802132E-2));
#5079=VECTOR('',#5078,1.179752253527E0);
#5080=CARTESIAN_POINT('',(4.32E0,-1.5E0,-4.299824700547E0));
#5081=LINE('',#5080,#5079);
#5082=CARTESIAN_POINT('',(4.32E0,-2.828082538003E0,-4.365955705014E0));
#5083=DIRECTION('',(-1.E0,0.E0,0.E0));
#5084=DIRECTION('',(0.E0,9.994617137619E-1,3.280674814978E-2));
#5085=AXIS2_PLACEMENT_3D('',#5082,#5083,#5084);
#5087=DIRECTION('',(0.E0,-9.986531302789E-1,-5.188376802131E-2));
#5088=VECTOR('',#5087,4.764619152769E-1);
#5089=CARTESIAN_POINT('',(4.32E0,-2.820299972800E0,-4.515753674556E0));
#5090=LINE('',#5089,#5088);
#5091=CARTESIAN_POINT('',(4.32E0,-3.288337590747E0,-4.690272283581E0));
#5092=DIRECTION('',(1.E0,0.E0,0.E0));
#5093=DIRECTION('',(0.E0,-5.188376802132E-2,9.986531302789E-1));
#5094=AXIS2_PLACEMENT_3D('',#5091,#5092,#5093);
#5096=DIRECTION('',(0.E0,-3.535202069687E-2,-9.993749219550E-1));
#5097=VECTOR('',#5096,4.517189268945E-1);
#5098=CARTESIAN_POINT('',(4.32E0,-3.438243829040E0,-4.684969480476E0));
#5099=LINE('',#5098,#5097);
#5100=CARTESIAN_POINT('',(4.32E0,-3.304306767599E0,-5.141708850892E0));
#5101=DIRECTION('',(1.E0,0.E0,0.E0));
#5102=DIRECTION('',(0.E0,-9.993749219550E-1,3.535202069706E-2));
#5103=AXIS2_PLACEMENT_3D('',#5100,#5101,#5102);
#5105=DIRECTION('',(0.E0,9.986531302789E-1,5.188376802132E-2));
#5106=VECTOR('',#5105,1.974088795471E0);
#5107=CARTESIAN_POINT('',(4.32E0,-3.296524202396E0,-5.291506820434E0));
#5108=LINE('',#5107,#5106);
#5109=DIRECTION('',(0.E0,7.316624378256E-1,6.816671306988E-1));
#5110=VECTOR('',#5109,4.306552189376E-1);
#5111=CARTESIAN_POINT('',(4.32E0,-1.325094247350E0,-5.189083655316E0));
#5112=LINE('',#5111,#5110);
#5113=DIRECTION('',(0.E0,9.993749219550E-1,-3.535202069687E-2));
#5114=VECTOR('',#5113,1.541067554946E0);
#5115=CARTESIAN_POINT('',(4.32E0,-1.01E0,-4.895520147902E0));
#5116=LINE('',#5115,#5114);
#5117=CARTESIAN_POINT('',(4.32E0,5.354070705563E-1,-4.800093761707E0));
#5118=DIRECTION('',(1.E0,0.E0,0.E0));
#5119=DIRECTION('',(0.E0,-3.535202069687E-2,-9.993749219550E-1));
#5120=AXIS2_PLACEMENT_3D('',#5117,#5118,#5119);
#5122=DIRECTION('',(0.E0,2.928046928029E-1,9.561722710226E-1));
#5123=VECTOR('',#5122,6.059072334911E-2);
#5124=CARTESIAN_POINT('',(4.32E0,6.788329112097E-1,-4.844014465627E0));
#5125=LINE('',#5124,#5123);
#5126=CARTESIAN_POINT('',(4.32E0,8.4E-1,-4.83E0));
#5127=DIRECTION('',(-1.E0,0.E0,0.E0));
#5128=DIRECTION('',(0.E0,-9.561722710227E-1,2.928046928028E-1));
#5129=AXIS2_PLACEMENT_3D('',#5126,#5127,#5128);
#5131=DIRECTION('',(0.E0,2.588190451023E-1,-9.659258262891E-1));
#5132=VECTOR('',#5131,4.932647231696E-2);
#5133=CARTESIAN_POINT('',(4.32E0,9.848888739434E-1,-4.791177143235E0));
#5134=LINE('',#5133,#5132);
#5135=CARTESIAN_POINT('',(4.32E0,1.142544378350E0,-4.8E0));
#5136=DIRECTION('',(1.E0,0.E0,0.E0));
#5137=DIRECTION('',(0.E0,-9.659258262891E-1,-2.588190451023E-1));
#5138=AXIS2_PLACEMENT_3D('',#5135,#5136,#5137);
#5140=CARTESIAN_POINT('',(4.32E0,6.1E-1,-4.04E0));
#5141=DIRECTION('',(-1.E0,0.E0,0.E0));
#5142=DIRECTION('',(0.E0,3.039877774910E-1,-9.526759318552E-1));
#5143=AXIS2_PLACEMENT_3D('',#5140,#5141,#5142);
#5145=DIRECTION('',(0.E0,-9.986531302789E-1,-5.188376802132E-2));
#5146=VECTOR('',#5145,1.318638465120E0);
#5147=CARTESIAN_POINT('',(4.32E0,6.177825652032E-1,-4.189797969542E0));
#5148=LINE('',#5147,#5146);
#5149=DIRECTION('',(0.E0,7.071067811865E-1,-7.071067811865E-1));
#5150=VECTOR('',#5149,1.555634918610E-1);
#5151=CARTESIAN_POINT('',(4.57E0,-1.61E0,-3.55E0));
#5152=LINE('',#5151,#5150);
#5153=DIRECTION('',(0.E0,0.E0,-1.E0));
#5154=VECTOR('',#5153,5.E-2);
#5155=CARTESIAN_POINT('',(4.57E0,-1.61E0,-3.5E0));
#5156=LINE('',#5155,#5154);
#5157=CARTESIAN_POINT('',(4.57E0,2.29E0,-3.24E0));
#5158=DIRECTION('',(-1.E0,0.E0,0.E0));
#5159=DIRECTION('',(0.E0,-7.071067811865E-1,-7.071067811865E-1));
#5160=AXIS2_PLACEMENT_3D('',#5157,#5158,#5159);
#5162=DIRECTION('',(0.E0,-7.071067811865E-1,7.071067811865E-1));
#5163=VECTOR('',#5162,1.023259018078E0);
#5164=CARTESIAN_POINT('',(4.57E0,2.66E0,-4.317106781187E0));
#5165=LINE('',#5164,#5163);
#5166=DIRECTION('',(0.E0,0.E0,1.E0));
#5167=VECTOR('',#5166,5.328932188135E-1);
#5168=CARTESIAN_POINT('',(4.57E0,2.66E0,-4.85E0));
#5169=LINE('',#5168,#5167);
#5170=DIRECTION('',(0.E0,1.E0,0.E0));
#5171=VECTOR('',#5170,6.E-1);
#5172=CARTESIAN_POINT('',(4.57E0,2.06E0,-4.85E0));
#5173=LINE('',#5172,#5171);
#5174=DIRECTION('',(0.E0,0.E0,-1.E0));
#5175=VECTOR('',#5174,5.E-2);
#5176=CARTESIAN_POINT('',(4.57E0,2.06E0,-4.8E0));
#5177=LINE('',#5176,#5175);
#5178=CARTESIAN_POINT('',(4.57E0,1.91E0,-4.8E0));
#5179=DIRECTION('',(-1.E0,0.E0,0.E0));
#5180=DIRECTION('',(0.E0,-9.659258262889E-1,2.588190451033E-1));
#5181=AXIS2_PLACEMENT_3D('',#5178,#5179,#5180);
#5183=DIRECTION('',(0.E0,2.588190451033E-1,9.659258262889E-1));
#5184=VECTOR('',#5183,8.038475772960E-2);
#5185=CARTESIAN_POINT('',(4.57E0,1.744306019820E0,-4.838822856765E0));
#5186=LINE('',#5185,#5184);
#5187=CARTESIAN_POINT('',(4.57E0,1.599417145877E0,-4.8E0));
#5188=DIRECTION('',(1.E0,0.E0,0.E0));
#5189=DIRECTION('',(0.E0,0.E0,-1.E0));
#5190=AXIS2_PLACEMENT_3D('',#5187,#5188,#5189);
#5192=DIRECTION('',(0.E0,1.E0,0.E0));
#5193=VECTOR('',#5192,9.941714587691E-2);
#5194=CARTESIAN_POINT('',(4.57E0,1.5E0,-4.95E0));
#5195=LINE('',#5194,#5193);
#5196=DIRECTION('',(0.E0,-9.986531302789E-1,-5.188376802132E-2));
#5197=VECTOR('',#5196,1.318638465120E0);
#5198=CARTESIAN_POINT('',(4.57E0,6.177825652032E-1,-4.189797969542E0));
#5199=LINE('',#5198,#5197);
#5200=CARTESIAN_POINT('',(4.57E0,6.1E-1,-4.04E0));
#5201=DIRECTION('',(-1.E0,0.E0,0.E0));
#5202=DIRECTION('',(0.E0,3.039877774910E-1,-9.526759318552E-1));
#5203=AXIS2_PLACEMENT_3D('',#5200,#5201,#5202);
#5205=CARTESIAN_POINT('',(4.57E0,1.142544378350E0,-4.8E0));
#5206=DIRECTION('',(1.E0,0.E0,0.E0));
#5207=DIRECTION('',(0.E0,-9.659258262891E-1,-2.588190451023E-1));
#5208=AXIS2_PLACEMENT_3D('',#5205,#5206,#5207);
#5210=DIRECTION('',(0.E0,2.588190451023E-1,-9.659258262891E-1));
#5211=VECTOR('',#5210,4.932647231696E-2);
#5212=CARTESIAN_POINT('',(4.57E0,9.848888739434E-1,-4.791177143235E0));
#5213=LINE('',#5212,#5211);
#5214=CARTESIAN_POINT('',(4.57E0,8.4E-1,-4.83E0));
#5215=DIRECTION('',(-1.E0,0.E0,0.E0));
#5216=DIRECTION('',(0.E0,-9.561722710227E-1,2.928046928028E-1));
#5217=AXIS2_PLACEMENT_3D('',#5214,#5215,#5216);
#5219=DIRECTION('',(0.E0,2.928046928029E-1,9.561722710226E-1));
#5220=VECTOR('',#5219,6.059072334911E-2);
#5221=CARTESIAN_POINT('',(4.57E0,6.788329112097E-1,-4.844014465627E0));
#5222=LINE('',#5221,#5220);
#5223=CARTESIAN_POINT('',(4.57E0,5.354070705563E-1,-4.800093761707E0));
#5224=DIRECTION('',(1.E0,0.E0,0.E0));
#5225=DIRECTION('',(0.E0,-3.535202069687E-2,-9.993749219550E-1));
#5226=AXIS2_PLACEMENT_3D('',#5223,#5224,#5225);
#5228=DIRECTION('',(0.E0,9.993749219550E-1,-3.535202069687E-2));
#5229=VECTOR('',#5228,1.541067554946E0);
#5230=CARTESIAN_POINT('',(4.57E0,-1.01E0,-4.895520147902E0));
#5231=LINE('',#5230,#5229);
#5232=DIRECTION('',(0.E0,7.316624378256E-1,6.816671306988E-1));
#5233=VECTOR('',#5232,4.306552189376E-1);
#5234=CARTESIAN_POINT('',(4.57E0,-1.325094247350E0,-5.189083655316E0));
#5235=LINE('',#5234,#5233);
#5236=DIRECTION('',(0.E0,9.986531302789E-1,5.188376802132E-2));
#5237=VECTOR('',#5236,1.974088795471E0);
#5238=CARTESIAN_POINT('',(4.57E0,-3.296524202396E0,-5.291506820434E0));
#5239=LINE('',#5238,#5237);
#5240=CARTESIAN_POINT('',(4.57E0,-3.304306767599E0,-5.141708850892E0));
#5241=DIRECTION('',(1.E0,0.E0,0.E0));
#5242=DIRECTION('',(0.E0,-9.993749219550E-1,3.535202069706E-2));
#5243=AXIS2_PLACEMENT_3D('',#5240,#5241,#5242);
#5245=DIRECTION('',(0.E0,-3.535202069687E-2,-9.993749219550E-1));
#5246=VECTOR('',#5245,4.517189268945E-1);
#5247=CARTESIAN_POINT('',(4.57E0,-3.438243829040E0,-4.684969480476E0));
#5248=LINE('',#5247,#5246);
#5249=CARTESIAN_POINT('',(4.57E0,-3.288337590747E0,-4.690272283581E0));
#5250=DIRECTION('',(1.E0,0.E0,0.E0));
#5251=DIRECTION('',(0.E0,-5.188376802132E-2,9.986531302789E-1));
#5252=AXIS2_PLACEMENT_3D('',#5249,#5250,#5251);
#5254=DIRECTION('',(0.E0,-9.986531302789E-1,-5.188376802131E-2));
#5255=VECTOR('',#5254,4.764619152769E-1);
#5256=CARTESIAN_POINT('',(4.57E0,-2.820299972800E0,-4.515753674556E0));
#5257=LINE('',#5256,#5255);
#5258=CARTESIAN_POINT('',(4.57E0,-2.828082538003E0,-4.365955705014E0));
#5259=DIRECTION('',(-1.E0,0.E0,0.E0));
#5260=DIRECTION('',(0.E0,9.994617137619E-1,3.280674814978E-2));
#5261=AXIS2_PLACEMENT_3D('',#5258,#5259,#5260);
#5263=DIRECTION('',(0.E0,-9.986531302789E-1,-5.188376802132E-2));
#5264=VECTOR('',#5263,1.179752253527E0);
#5265=CARTESIAN_POINT('',(4.57E0,-1.5E0,-4.299824700547E0));
#5266=LINE('',#5265,#5264);
#5267=DIRECTION('',(1.E0,0.E0,0.E0));
#5268=VECTOR('',#5267,2.5E-1);
#5269=CARTESIAN_POINT('',(4.32E0,-1.61E0,-3.55E0));
#5270=LINE('',#5269,#5268);
#5271=DIRECTION('',(1.E0,0.E0,0.E0));
#5272=VECTOR('',#5271,2.5E-1);
#5273=CARTESIAN_POINT('',(4.32E0,1.936446609407E0,-3.593553390593E0));
#5274=LINE('',#5273,#5272);
#5275=DIRECTION('',(1.E0,0.E0,0.E0));
#5276=VECTOR('',#5275,2.5E-1);
#5277=CARTESIAN_POINT('',(4.32E0,2.66E0,-4.317106781187E0));
#5278=LINE('',#5277,#5276);
#5279=DIRECTION('',(1.E0,0.E0,0.E0));
#5280=VECTOR('',#5279,2.5E-1);
#5281=CARTESIAN_POINT('',(4.32E0,2.66E0,-4.85E0));
#5282=LINE('',#5281,#5280);
#5283=DIRECTION('',(1.E0,0.E0,0.E0));
#5284=VECTOR('',#5283,2.5E-1);
#5285=CARTESIAN_POINT('',(4.32E0,2.06E0,-4.85E0));
#5286=LINE('',#5285,#5284);
#5287=DIRECTION('',(1.E0,0.E0,0.E0));
#5288=VECTOR('',#5287,2.5E-1);
#5289=CARTESIAN_POINT('',(4.32E0,2.06E0,-4.8E0));
#5290=LINE('',#5289,#5288);
#5291=DIRECTION('',(1.E0,0.E0,0.E0));
#5292=VECTOR('',#5291,2.5E-1);
#5293=CARTESIAN_POINT('',(4.32E0,1.765111126057E0,-4.761177143235E0));
#5294=LINE('',#5293,#5292);
#5295=DIRECTION('',(1.E0,0.E0,0.E0));
#5296=VECTOR('',#5295,2.5E-1);
#5297=CARTESIAN_POINT('',(4.32E0,1.744306019820E0,-4.838822856765E0));
#5298=LINE('',#5297,#5296);
#5299=DIRECTION('',(1.E0,0.E0,0.E0));
#5300=VECTOR('',#5299,2.5E-1);
#5301=CARTESIAN_POINT('',(4.32E0,1.599417145877E0,-4.95E0));
#5302=LINE('',#5301,#5300);
#5303=DIRECTION('',(1.E0,0.E0,0.E0));
#5304=VECTOR('',#5303,2.5E-1);
#5305=CARTESIAN_POINT('',(4.32E0,6.177825652032E-1,-4.189797969542E0));
#5306=LINE('',#5305,#5304);
#5307=DIRECTION('',(1.E0,0.E0,0.E0));
#5308=VECTOR('',#5307,2.5E-1);
#5309=CARTESIAN_POINT('',(4.32E0,-2.678163280939E0,-4.361034692792E0));
#5310=LINE('',#5309,#5308);
#5311=DIRECTION('',(1.E0,0.E0,0.E0));
#5312=VECTOR('',#5311,2.5E-1);
#5313=CARTESIAN_POINT('',(4.32E0,-2.820299972800E0,-4.515753674556E0));
#5314=LINE('',#5313,#5312);
#5315=DIRECTION('',(1.E0,0.E0,0.E0));
#5316=VECTOR('',#5315,2.5E-1);
#5317=CARTESIAN_POINT('',(4.32E0,-3.296120155950E0,-4.540474314039E0));
#5318=LINE('',#5317,#5316);
#5319=DIRECTION('',(1.E0,0.E0,0.E0));
#5320=VECTOR('',#5319,2.5E-1);
#5321=CARTESIAN_POINT('',(4.32E0,-3.438243829040E0,-4.684969480476E0));
#5322=LINE('',#5321,#5320);
#5323=DIRECTION('',(1.E0,0.E0,0.E0));
#5324=VECTOR('',#5323,2.5E-1);
#5325=CARTESIAN_POINT('',(4.32E0,-3.454213005893E0,-5.136406047787E0));
#5326=LINE('',#5325,#5324);
#5327=DIRECTION('',(1.E0,0.E0,0.E0));
#5328=VECTOR('',#5327,2.5E-1);
#5329=CARTESIAN_POINT('',(4.32E0,-3.296524202396E0,-5.291506820434E0));
#5330=LINE('',#5329,#5328);
#5331=DIRECTION('',(1.E0,0.E0,0.E0));
#5332=VECTOR('',#5331,2.5E-1);
#5333=CARTESIAN_POINT('',(4.32E0,-1.325094247350E0,-5.189083655316E0));
#5334=LINE('',#5333,#5332);
#5335=DIRECTION('',(1.E0,0.E0,0.E0));
#5336=VECTOR('',#5335,2.5E-1);
#5337=CARTESIAN_POINT('',(4.32E0,-1.01E0,-4.895520147902E0));
#5338=LINE('',#5337,#5336);
#5339=DIRECTION('',(1.E0,0.E0,0.E0));
#5340=VECTOR('',#5339,2.5E-1);
#5341=CARTESIAN_POINT('',(4.32E0,5.301042674517E-1,-4.95E0));
#5342=LINE('',#5341,#5340);
#5343=DIRECTION('',(1.E0,0.E0,0.E0));
#5344=VECTOR('',#5343,2.5E-1);
#5345=CARTESIAN_POINT('',(4.32E0,6.788329112097E-1,-4.844014465627E0));
#5346=LINE('',#5345,#5344);
#5347=DIRECTION('',(1.E0,0.E0,0.E0));
#5348=VECTOR('',#5347,2.5E-1);
#5349=CARTESIAN_POINT('',(4.32E0,6.965741593466E-1,-4.786079296080E0));
#5350=LINE('',#5349,#5348);
#5351=DIRECTION('',(1.E0,0.E0,0.E0));
#5352=VECTOR('',#5351,2.5E-1);
#5353=CARTESIAN_POINT('',(4.32E0,9.848888739434E-1,-4.791177143235E0));
#5354=LINE('',#5353,#5352);
#5355=DIRECTION('',(1.E0,0.E0,0.E0));
#5356=VECTOR('',#5355,2.5E-1);
#5357=CARTESIAN_POINT('',(4.32E0,9.976555044067E-1,-4.838822856765E0));
#5358=LINE('',#5357,#5356);
#5359=DIRECTION('',(1.E0,0.E0,0.E0));
#5360=VECTOR('',#5359,2.5E-1);
#5361=CARTESIAN_POINT('',(-4.57E0,-6.127219651191E-1,-4.189801105652E0));
#5362=LINE('',#5361,#5360);
#5363=DIRECTION('',(1.E0,0.E0,0.E0));
#5364=VECTOR('',#5363,2.5E-1);
#5365=CARTESIAN_POINT('',(-4.57E0,2.715E0,-4.361338911258E0));
#5366=LINE('',#5365,#5364);
#5367=DIRECTION('',(1.E0,0.E0,0.E0));
#5368=VECTOR('',#5367,2.5E-1);
#5369=CARTESIAN_POINT('',(-4.57E0,2.857135833886E0,-4.517669953920E0));
#5370=LINE('',#5369,#5368);
#5371=DIRECTION('',(1.E0,0.E0,0.E0));
#5372=VECTOR('',#5371,2.5E-1);
#5373=CARTESIAN_POINT('',(-4.57E0,3.322721965119E0,-4.541670042903E0));
#5374=LINE('',#5373,#5372);
#5375=DIRECTION('',(1.E0,0.E0,0.E0));
#5376=VECTOR('',#5375,2.5E-1);
#5377=CARTESIAN_POINT('',(-4.57E0,3.465E0,-4.691471148555E0));
#5378=LINE('',#5377,#5376);
#5379=DIRECTION('',(1.E0,0.E0,0.E0));
#5380=VECTOR('',#5379,2.5E-1);
#5381=CARTESIAN_POINT('',(-4.57E0,3.465E0,-5.142068623827E0));
#5382=LINE('',#5381,#5380);
#5383=DIRECTION('',(1.E0,0.E0,0.E0));
#5384=VECTOR('',#5383,2.5E-1);
#5385=CARTESIAN_POINT('',(-4.57E0,3.307278034881E0,-5.291869729480E0));
#5386=LINE('',#5385,#5384);
#5387=DIRECTION('',(1.E0,0.E0,0.E0));
#5388=VECTOR('',#5387,2.5E-1);
#5389=CARTESIAN_POINT('',(-4.57E0,1.332055554303E0,-5.190050727336E0));
#5390=LINE('',#5389,#5388);
#5391=DIRECTION('',(1.E0,0.E0,0.E0));
#5392=VECTOR('',#5391,2.5E-1);
#5393=CARTESIAN_POINT('',(-4.57E0,1.015E0,-4.894899435359E0));
#5394=LINE('',#5393,#5392);
#5395=DIRECTION('',(1.E0,0.E0,0.E0));
#5396=VECTOR('',#5395,2.5E-1);
#5397=CARTESIAN_POINT('',(-4.57E0,-5.250172991923E-1,-4.95E0));
#5398=LINE('',#5397,#5396);
#5399=DIRECTION('',(1.E0,0.E0,0.E0));
#5400=VECTOR('',#5399,2.5E-1);
#5401=CARTESIAN_POINT('',(-4.57E0,-6.737888062933E-1,-4.844074641160E0));
#5402=LINE('',#5401,#5400);
#5403=DIRECTION('',(1.E0,0.E0,0.E0));
#5404=VECTOR('',#5403,2.5E-1);
#5405=CARTESIAN_POINT('',(-4.57E0,-6.915919388160E-1,-4.786021278015E0));
#5406=LINE('',#5405,#5404);
#5407=DIRECTION('',(1.E0,0.E0,0.E0));
#5408=VECTOR('',#5407,2.5E-1);
#5409=CARTESIAN_POINT('',(-4.57E0,-9.798888739434E-1,-4.791177143235E0));
#5410=LINE('',#5409,#5408);
#5411=DIRECTION('',(1.E0,0.E0,0.E0));
#5412=VECTOR('',#5411,2.5E-1);
#5413=CARTESIAN_POINT('',(-4.57E0,-9.926555044066E-1,-4.838822856765E0));
#5414=LINE('',#5413,#5412);
#5415=DIRECTION('',(0.E0,0.E0,1.E0));
#5416=VECTOR('',#5415,5.E-2);
#5417=CARTESIAN_POINT('',(-4.32E0,2.025E0,-3.55E0));
#5418=LINE('',#5417,#5416);
#5419=DIRECTION('',(0.E0,7.071067811865E-1,7.071067811865E-1));
#5420=VECTOR('',#5419,1.671572875254E-1);
#5421=CARTESIAN_POINT('',(-4.32E0,1.906801948466E0,-3.668198051534E0));
#5422=LINE('',#5421,#5420);
#5423=CARTESIAN_POINT('',(-4.32E0,1.588603896932E0,-3.35E0));
#5424=DIRECTION('',(1.E0,0.E0,0.E0));
#5425=DIRECTION('',(0.E0,0.E0,-1.E0));
#5426=AXIS2_PLACEMENT_3D('',#5423,#5424,#5425);
#5428=DIRECTION('',(0.E0,1.E0,0.E0));
#5429=VECTOR('',#5428,8.860389693211E-2);
#5430=CARTESIAN_POINT('',(-4.32E0,1.5E0,-3.8E0));
#5431=LINE('',#5430,#5429);
#5432=CARTESIAN_POINT('',(-4.32E0,-2.285E0,-3.242893218813E0));
#5433=DIRECTION('',(-1.E0,0.E0,0.E0));
#5434=DIRECTION('',(0.E0,8.576621784080E-1,-5.142135623731E-1));
#5435=AXIS2_PLACEMENT_3D('',#5432,#5433,#5434);
#5437=DIRECTION('',(0.E0,1.E0,0.E0));
#5438=VECTOR('',#5437,9.441714587699E-2);
#5439=CARTESIAN_POINT('',(-4.32E0,-1.594417145877E0,-4.95E0));
#5440=LINE('',#5439,#5438);
#5441=CARTESIAN_POINT('',(-4.32E0,-1.594417145877E0,-4.8E0));
#5442=DIRECTION('',(1.E0,0.E0,0.E0));
#5443=DIRECTION('',(0.E0,-9.659258262891E-1,-2.588190451025E-1));
#5444=AXIS2_PLACEMENT_3D('',#5441,#5442,#5443);
#5446=DIRECTION('',(0.E0,2.588190451023E-1,-9.659258262891E-1));
#5447=VECTOR('',#5446,8.038475772928E-2);
#5448=CARTESIAN_POINT('',(-4.32E0,-1.760111126057E0,-4.761177143235E0));
#5449=LINE('',#5448,#5447);
#5450=CARTESIAN_POINT('',(-4.32E0,-1.905E0,-4.8E0));
#5451=DIRECTION('',(-1.E0,0.E0,0.E0));
#5452=DIRECTION('',(0.E0,-1.E0,0.E0));
#5453=AXIS2_PLACEMENT_3D('',#5450,#5451,#5452);
#5455=DIRECTION('',(0.E0,0.E0,1.E0));
#5456=VECTOR('',#5455,5.E-2);
#5457=CARTESIAN_POINT('',(-4.32E0,-2.055E0,-4.85E0));
#5458=LINE('',#5457,#5456);
#5459=DIRECTION('',(0.E0,1.E0,0.E0));
#5460=VECTOR('',#5459,6.E-1);
#5461=CARTESIAN_POINT('',(-4.32E0,-2.655E0,-4.85E0));
#5462=LINE('',#5461,#5460);
#5463=DIRECTION('',(0.E0,0.E0,-1.E0));
#5464=VECTOR('',#5463,5.3E-1);
#5465=CARTESIAN_POINT('',(-4.32E0,-2.655E0,-4.32E0));
#5466=LINE('',#5465,#5464);
#5467=DIRECTION('',(0.E0,-7.071067811865E-1,-7.071067811865E-1));
#5468=VECTOR('',#5467,1.023259018078E0);
#5469=CARTESIAN_POINT('',(-4.32E0,-1.931446609407E0,-3.596446609407E0));
#5470=LINE('',#5469,#5468);
#5471=DIRECTION('',(0.E0,-9.986740376831E-1,5.147976746091E-2));
#5472=VECTOR('',#5471,1.216613183235E0);
#5473=CARTESIAN_POINT('',(-4.32E0,2.715E0,-4.361338911258E0));
#5474=LINE('',#5473,#5472);
#5475=CARTESIAN_POINT('',(-4.32E0,2.864857799005E0,-4.367868848268E0));
#5476=DIRECTION('',(-1.E0,0.E0,0.E0));
#5477=DIRECTION('',(0.E0,-5.147976746054E-2,-9.986740376831E-1));
#5478=AXIS2_PLACEMENT_3D('',#5475,#5476,#5477);
#5480=DIRECTION('',(0.E0,-9.986740376831E-1,5.147976746091E-2));
#5481=VECTOR('',#5480,4.662043005677E-1);
#5482=CARTESIAN_POINT('',(-4.32E0,3.322721965119E0,-4.541670042903E0));
#5483=LINE('',#5482,#5481);
#5484=CARTESIAN_POINT('',(-4.32E0,3.315E0,-4.691471148555E0));
#5485=DIRECTION('',(1.E0,0.E0,0.E0));
#5486=DIRECTION('',(0.E0,1.E0,0.E0));
#5487=AXIS2_PLACEMENT_3D('',#5484,#5485,#5486);
#5489=DIRECTION('',(0.E0,0.E0,1.E0));
#5490=VECTOR('',#5489,4.505974752723E-1);
#5491=CARTESIAN_POINT('',(-4.32E0,3.465E0,-5.142068623827E0));
#5492=LINE('',#5491,#5490);
#5493=CARTESIAN_POINT('',(-4.32E0,3.315E0,-5.142068623827E0));
#5494=DIRECTION('',(1.E0,0.E0,0.E0));
#5495=DIRECTION('',(0.E0,-5.147976746091E-2,-9.986740376831E-1));
#5496=AXIS2_PLACEMENT_3D('',#5493,#5494,#5495);
#5498=DIRECTION('',(0.E0,9.986740376831E-1,-5.147976746091E-2));
#5499=VECTOR('',#5498,1.977845028554E0);
#5500=CARTESIAN_POINT('',(-4.32E0,1.332055554303E0,-5.190050727336E0));
#5501=LINE('',#5500,#5499);
#5502=DIRECTION('',(0.E0,7.319381403809E-1,-6.813710873348E-1));
#5503=VECTOR('',#5502,2.789239679652E-1);
#5504=CARTESIAN_POINT('',(-4.32E0,1.127900463883E0,-5.E0));
#5505=LINE('',#5504,#5503);
#5506=DIRECTION('',(0.E0,-9.986740376831E-1,5.147976746091E-2));
#5507=VECTOR('',#5506,1.313071698185E0);
#5508=CARTESIAN_POINT('',(-4.32E0,6.986086494748E-1,-4.257397731335E0));
#5509=LINE('',#5508,#5507);
#5510=DIRECTION('',(0.E0,7.319381403809E-1,-6.813710873348E-1));
#5511=VECTOR('',#5510,1.526234832423E-1);
#5512=CARTESIAN_POINT('',(-4.32E0,1.015E0,-4.894899435359E0));
#5513=LINE('',#5512,#5511);
#5514=DIRECTION('',(0.E0,9.993605388313E-1,3.575630611351E-2));
#5515=VECTOR('',#5514,1.541002710587E0);
#5516=CARTESIAN_POINT('',(-4.32E0,-5.250172991923E-1,-4.95E0));
#5517=LINE('',#5516,#5515);
#5518=CARTESIAN_POINT('',(-4.32E0,-5.303807451093E-1,-4.800095919175E0));
#5519=DIRECTION('',(1.E0,0.E0,0.E0));
#5520=DIRECTION('',(0.E0,-9.560537412266E-1,-2.931914799010E-1));
#5521=AXIS2_PLACEMENT_3D('',#5518,#5519,#5520);
#5523=DIRECTION('',(0.E0,2.931914799009E-1,-9.560537412267E-1));
#5524=VECTOR('',#5523,6.072186179735E-2);
#5525=CARTESIAN_POINT('',(-4.32E0,-6.915919388160E-1,-4.786021278015E0));
#5526=LINE('',#5525,#5524);
#5527=CARTESIAN_POINT('',(-4.32E0,-8.35E-1,-4.83E0));
#5528=DIRECTION('',(-1.E0,0.E0,0.E0));
#5529=DIRECTION('',(0.E0,-9.659258262893E-1,2.588190451016E-1));
#5530=AXIS2_PLACEMENT_3D('',#5527,#5528,#5529);
#5532=DIRECTION('',(0.E0,2.588190451016E-1,9.659258262893E-1));
#5533=VECTOR('',#5532,4.932647231673E-2);
#5534=CARTESIAN_POINT('',(-4.32E0,-9.926555044066E-1,-4.838822856765E0));
#5535=LINE('',#5534,#5533);
#5536=CARTESIAN_POINT('',(-4.32E0,-1.137544378350E0,-4.8E0));
#5537=DIRECTION('',(1.E0,0.E0,0.E0));
#5538=DIRECTION('',(0.E0,2.842215301682E-1,-9.587586358353E-1));
#5539=AXIS2_PLACEMENT_3D('',#5536,#5537,#5538);
#5541=CARTESIAN_POINT('',(-4.32E0,-6.05E-1,-4.04E0));
#5542=DIRECTION('',(-1.E0,0.E0,0.E0));
#5543=DIRECTION('',(0.E0,-5.147976746091E-2,-9.986740376831E-1));
#5544=AXIS2_PLACEMENT_3D('',#5541,#5542,#5543);
#5546=DIRECTION('',(1.E0,0.E0,0.E0));
#5547=VECTOR('',#5546,2.5E-1);
#5548=CARTESIAN_POINT('',(-4.57E0,-1.931446609407E0,-3.596446609407E0));
#5549=LINE('',#5548,#5547);
#5550=DIRECTION('',(1.E0,0.E0,0.E0));
#5551=VECTOR('',#5550,2.5E-1);
#5552=CARTESIAN_POINT('',(-4.57E0,-2.655E0,-4.32E0));
#5553=LINE('',#5552,#5551);
#5554=DIRECTION('',(1.E0,0.E0,0.E0));
#5555=VECTOR('',#5554,2.5E-1);
#5556=CARTESIAN_POINT('',(-4.57E0,-2.655E0,-4.85E0));
#5557=LINE('',#5556,#5555);
#5558=DIRECTION('',(1.E0,0.E0,0.E0));
#5559=VECTOR('',#5558,2.5E-1);
#5560=CARTESIAN_POINT('',(-4.57E0,-2.055E0,-4.85E0));
#5561=LINE('',#5560,#5559);
#5562=DIRECTION('',(1.E0,0.E0,0.E0));
#5563=VECTOR('',#5562,2.5E-1);
#5564=CARTESIAN_POINT('',(-4.57E0,-2.055E0,-4.8E0));
#5565=LINE('',#5564,#5563);
#5566=DIRECTION('',(1.E0,0.E0,0.E0));
#5567=VECTOR('',#5566,2.5E-1);
#5568=CARTESIAN_POINT('',(-4.57E0,-1.760111126057E0,-4.761177143235E0));
#5569=LINE('',#5568,#5567);
#5570=DIRECTION('',(1.E0,0.E0,0.E0));
#5571=VECTOR('',#5570,2.5E-1);
#5572=CARTESIAN_POINT('',(-4.57E0,-1.739306019820E0,-4.838822856765E0));
#5573=LINE('',#5572,#5571);
#5574=DIRECTION('',(1.E0,0.E0,0.E0));
#5575=VECTOR('',#5574,2.5E-1);
#5576=CARTESIAN_POINT('',(-4.57E0,-1.594417145877E0,-4.95E0));
#5577=LINE('',#5576,#5575);
#5578=DIRECTION('',(0.E0,1.E0,0.E0));
#5579=VECTOR('',#5578,4.E0);
#5580=CARTESIAN_POINT('',(-5.345E0,-2.E0,-1.9E0));
#5581=LINE('',#5580,#5579);
#5582=DIRECTION('',(0.E0,0.E0,-1.E0));
#5583=VECTOR('',#5582,1.E-1);
#5584=CARTESIAN_POINT('',(4.87E0,-1.05E0,0.E0));
#5585=LINE('',#5584,#5583);
#5586=DIRECTION('',(0.E0,0.E0,-1.E0));
#5587=VECTOR('',#5586,1.E-1);
#5588=CARTESIAN_POINT('',(4.645E0,-1.05E0,0.E0));
#5589=LINE('',#5588,#5587);
#5590=DIRECTION('',(0.E0,0.E0,-1.E0));
#5591=VECTOR('',#5590,1.E-1);
#5592=CARTESIAN_POINT('',(4.645E0,-1.5E0,0.E0));
#5593=LINE('',#5592,#5591);
#5594=DIRECTION('',(0.E0,0.E0,-1.E0));
#5595=VECTOR('',#5594,1.E-1);
#5596=CARTESIAN_POINT('',(4.245E0,-1.5E0,0.E0));
#5597=LINE('',#5596,#5595);
#5598=DIRECTION('',(0.E0,0.E0,-1.E0));
#5599=VECTOR('',#5598,1.E-1);
#5600=CARTESIAN_POINT('',(4.245E0,-1.05E0,0.E0));
#5601=LINE('',#5600,#5599);
#5602=DIRECTION('',(0.E0,0.E0,-1.E0));
#5603=VECTOR('',#5602,1.E-1);
#5604=CARTESIAN_POINT('',(4.02E0,-1.05E0,0.E0));
#5605=LINE('',#5604,#5603);
#5606=DIRECTION('',(0.E0,0.E0,-1.E0));
#5607=VECTOR('',#5606,1.E-1);
#5608=CARTESIAN_POINT('',(4.02E0,-4.5E-1,0.E0));
#5609=LINE('',#5608,#5607);
#5610=DIRECTION('',(0.E0,0.E0,-1.E0));
#5611=VECTOR('',#5610,1.E-1);
#5612=CARTESIAN_POINT('',(4.245E0,-4.5E-1,0.E0));
#5613=LINE('',#5612,#5611);
#5614=DIRECTION('',(0.E0,0.E0,-1.E0));
#5615=VECTOR('',#5614,1.E-1);
#5616=CARTESIAN_POINT('',(4.245E0,0.E0,0.E0));
#5617=LINE('',#5616,#5615);
#5618=DIRECTION('',(0.E0,0.E0,-1.E0));
#5619=VECTOR('',#5618,1.E-1);
#5620=CARTESIAN_POINT('',(4.645E0,0.E0,0.E0));
#5621=LINE('',#5620,#5619);
#5622=DIRECTION('',(0.E0,0.E0,-1.E0));
#5623=VECTOR('',#5622,1.E-1);
#5624=CARTESIAN_POINT('',(4.645E0,-4.5E-1,0.E0));
#5625=LINE('',#5624,#5623);
#5626=DIRECTION('',(0.E0,0.E0,-1.E0));
#5627=VECTOR('',#5626,1.E-1);
#5628=CARTESIAN_POINT('',(4.87E0,-4.5E-1,0.E0));
#5629=LINE('',#5628,#5627);
#5630=DIRECTION('',(0.E0,1.E0,0.E0));
#5631=VECTOR('',#5630,6.E-1);
#5632=CARTESIAN_POINT('',(4.87E0,-1.05E0,-1.E-1));
#5633=LINE('',#5632,#5631);
#5634=DIRECTION('',(1.E0,0.E0,0.E0));
#5635=VECTOR('',#5634,2.25E-1);
#5636=CARTESIAN_POINT('',(4.645E0,-1.05E0,-1.E-1));
#5637=LINE('',#5636,#5635);
#5638=DIRECTION('',(0.E0,1.E0,0.E0));
#5639=VECTOR('',#5638,4.5E-1);
#5640=CARTESIAN_POINT('',(4.645E0,-1.5E0,-1.E-1));
#5641=LINE('',#5640,#5639);
#5642=DIRECTION('',(1.E0,0.E0,0.E0));
#5643=VECTOR('',#5642,4.E-1);
#5644=CARTESIAN_POINT('',(4.245E0,-1.5E0,-1.E-1));
#5645=LINE('',#5644,#5643);
#5646=DIRECTION('',(0.E0,-1.E0,0.E0));
#5647=VECTOR('',#5646,4.5E-1);
#5648=CARTESIAN_POINT('',(4.245E0,-1.05E0,-1.E-1));
#5649=LINE('',#5648,#5647);
#5650=DIRECTION('',(1.E0,0.E0,0.E0));
#5651=VECTOR('',#5650,2.25E-1);
#5652=CARTESIAN_POINT('',(4.02E0,-1.05E0,-1.E-1));
#5653=LINE('',#5652,#5651);
#5654=DIRECTION('',(0.E0,-1.E0,0.E0));
#5655=VECTOR('',#5654,6.E-1);
#5656=CARTESIAN_POINT('',(4.02E0,-4.5E-1,-1.E-1));
#5657=LINE('',#5656,#5655);
#5658=DIRECTION('',(-1.E0,0.E0,0.E0));
#5659=VECTOR('',#5658,2.25E-1);
#5660=CARTESIAN_POINT('',(4.245E0,-4.5E-1,-1.E-1));
#5661=LINE('',#5660,#5659);
#5662=DIRECTION('',(0.E0,-1.E0,0.E0));
#5663=VECTOR('',#5662,4.5E-1);
#5664=CARTESIAN_POINT('',(4.245E0,0.E0,-1.E-1));
#5665=LINE('',#5664,#5663);
#5666=DIRECTION('',(-1.E0,0.E0,0.E0));
#5667=VECTOR('',#5666,4.E-1);
#5668=CARTESIAN_POINT('',(4.645E0,0.E0,-1.E-1));
#5669=LINE('',#5668,#5667);
#5670=DIRECTION('',(0.E0,1.E0,0.E0));
#5671=VECTOR('',#5670,4.5E-1);
#5672=CARTESIAN_POINT('',(4.645E0,-4.5E-1,-1.E-1));
#5673=LINE('',#5672,#5671);
#5674=DIRECTION('',(-1.E0,0.E0,0.E0));
#5675=VECTOR('',#5674,2.25E-1);
#5676=CARTESIAN_POINT('',(4.87E0,-4.5E-1,-1.E-1));
#5677=LINE('',#5676,#5675);
#5678=DIRECTION('',(1.E0,0.E0,0.E0));
#5679=VECTOR('',#5678,4.E-1);
#5680=CARTESIAN_POINT('',(2.975E0,0.E0,-1.E-1));
#5681=LINE('',#5680,#5679);
#5682=DIRECTION('',(0.E0,-1.E0,0.E0));
#5683=VECTOR('',#5682,4.5E-1);
#5684=CARTESIAN_POINT('',(2.975E0,4.5E-1,-1.E-1));
#5685=LINE('',#5684,#5683);
#5686=DIRECTION('',(1.E0,0.E0,0.E0));
#5687=VECTOR('',#5686,2.25E-1);
#5688=CARTESIAN_POINT('',(2.75E0,4.5E-1,-1.E-1));
#5689=LINE('',#5688,#5687);
#5690=DIRECTION('',(0.E0,-1.E0,0.E0));
#5691=VECTOR('',#5690,6.E-1);
#5692=CARTESIAN_POINT('',(2.75E0,1.05E0,-1.E-1));
#5693=LINE('',#5692,#5691);
#5694=DIRECTION('',(-1.E0,0.E0,0.E0));
#5695=VECTOR('',#5694,2.25E-1);
#5696=CARTESIAN_POINT('',(2.975E0,1.05E0,-1.E-1));
#5697=LINE('',#5696,#5695);
#5698=DIRECTION('',(0.E0,-1.E0,0.E0));
#5699=VECTOR('',#5698,4.5E-1);
#5700=CARTESIAN_POINT('',(2.975E0,1.5E0,-1.E-1));
#5701=LINE('',#5700,#5699);
#5702=DIRECTION('',(-1.E0,0.E0,0.E0));
#5703=VECTOR('',#5702,4.E-1);
#5704=CARTESIAN_POINT('',(3.375E0,1.5E0,-1.E-1));
#5705=LINE('',#5704,#5703);
#5706=DIRECTION('',(0.E0,1.E0,0.E0));
#5707=VECTOR('',#5706,4.5E-1);
#5708=CARTESIAN_POINT('',(3.375E0,1.05E0,-1.E-1));
#5709=LINE('',#5708,#5707);
#5710=DIRECTION('',(-1.E0,0.E0,0.E0));
#5711=VECTOR('',#5710,2.25E-1);
#5712=CARTESIAN_POINT('',(3.6E0,1.05E0,-1.E-1));
#5713=LINE('',#5712,#5711);
#5714=DIRECTION('',(0.E0,1.E0,0.E0));
#5715=VECTOR('',#5714,6.E-1);
#5716=CARTESIAN_POINT('',(3.6E0,4.5E-1,-1.E-1));
#5717=LINE('',#5716,#5715);
#5718=DIRECTION('',(1.E0,0.E0,0.E0));
#5719=VECTOR('',#5718,2.25E-1);
#5720=CARTESIAN_POINT('',(3.375E0,4.5E-1,-1.E-1));
#5721=LINE('',#5720,#5719);
#5722=DIRECTION('',(0.E0,1.E0,0.E0));
#5723=VECTOR('',#5722,4.5E-1);
#5724=CARTESIAN_POINT('',(3.375E0,0.E0,-1.E-1));
#5725=LINE('',#5724,#5723);
#5726=DIRECTION('',(0.E0,0.E0,-1.E0));
#5727=VECTOR('',#5726,1.E-1);
#5728=CARTESIAN_POINT('',(2.975E0,0.E0,0.E0));
#5729=LINE('',#5728,#5727);
#5730=DIRECTION('',(0.E0,0.E0,-1.E0));
#5731=VECTOR('',#5730,1.E-1);
#5732=CARTESIAN_POINT('',(2.975E0,4.5E-1,0.E0));
#5733=LINE('',#5732,#5731);
#5734=DIRECTION('',(0.E0,0.E0,-1.E0));
#5735=VECTOR('',#5734,1.E-1);
#5736=CARTESIAN_POINT('',(2.75E0,4.5E-1,0.E0));
#5737=LINE('',#5736,#5735);
#5738=DIRECTION('',(0.E0,0.E0,-1.E0));
#5739=VECTOR('',#5738,1.E-1);
#5740=CARTESIAN_POINT('',(2.75E0,1.05E0,0.E0));
#5741=LINE('',#5740,#5739);
#5742=DIRECTION('',(0.E0,0.E0,-1.E0));
#5743=VECTOR('',#5742,1.E-1);
#5744=CARTESIAN_POINT('',(2.975E0,1.05E0,0.E0));
#5745=LINE('',#5744,#5743);
#5746=DIRECTION('',(0.E0,0.E0,-1.E0));
#5747=VECTOR('',#5746,1.E-1);
#5748=CARTESIAN_POINT('',(2.975E0,1.5E0,0.E0));
#5749=LINE('',#5748,#5747);
#5750=DIRECTION('',(0.E0,0.E0,-1.E0));
#5751=VECTOR('',#5750,1.E-1);
#5752=CARTESIAN_POINT('',(3.375E0,1.5E0,0.E0));
#5753=LINE('',#5752,#5751);
#5754=DIRECTION('',(0.E0,0.E0,-1.E0));
#5755=VECTOR('',#5754,1.E-1);
#5756=CARTESIAN_POINT('',(3.375E0,1.05E0,0.E0));
#5757=LINE('',#5756,#5755);
#5758=DIRECTION('',(1.332267629550E-14,0.E0,-1.E0));
#5759=VECTOR('',#5758,1.E-1);
#5760=CARTESIAN_POINT('',(3.6E0,1.05E0,0.E0));
#5761=LINE('',#5760,#5759);
#5762=DIRECTION('',(1.332267629550E-14,0.E0,-1.E0));
#5763=VECTOR('',#5762,1.E-1);
#5764=CARTESIAN_POINT('',(3.6E0,4.5E-1,0.E0));
#5765=LINE('',#5764,#5763);
#5766=DIRECTION('',(0.E0,0.E0,-1.E0));
#5767=VECTOR('',#5766,1.E-1);
#5768=CARTESIAN_POINT('',(3.375E0,4.5E-1,0.E0));
#5769=LINE('',#5768,#5767);
#5770=DIRECTION('',(0.E0,0.E0,-1.E0));
#5771=VECTOR('',#5770,1.E-1);
#5772=CARTESIAN_POINT('',(3.375E0,0.E0,0.E0));
#5773=LINE('',#5772,#5771);
#5774=DIRECTION('',(0.E0,0.E0,-1.E0));
#5775=VECTOR('',#5774,1.E-1);
#5776=CARTESIAN_POINT('',(2.33E0,-1.05E0,0.E0));
#5777=LINE('',#5776,#5775);
#5778=DIRECTION('',(0.E0,0.E0,-1.E0));
#5779=VECTOR('',#5778,1.E-1);
#5780=CARTESIAN_POINT('',(2.105E0,-1.05E0,0.E0));
#5781=LINE('',#5780,#5779);
#5782=DIRECTION('',(0.E0,0.E0,-1.E0));
#5783=VECTOR('',#5782,1.E-1);
#5784=CARTESIAN_POINT('',(2.105E0,-1.5E0,0.E0));
#5785=LINE('',#5784,#5783);
#5786=DIRECTION('',(0.E0,0.E0,-1.E0));
#5787=VECTOR('',#5786,1.E-1);
#5788=CARTESIAN_POINT('',(1.705E0,-1.5E0,0.E0));
#5789=LINE('',#5788,#5787);
#5790=DIRECTION('',(0.E0,0.E0,-1.E0));
#5791=VECTOR('',#5790,1.E-1);
#5792=CARTESIAN_POINT('',(1.705E0,-1.05E0,0.E0));
#5793=LINE('',#5792,#5791);
#5794=DIRECTION('',(0.E0,0.E0,-1.E0));
#5795=VECTOR('',#5794,1.E-1);
#5796=CARTESIAN_POINT('',(1.48E0,-1.05E0,0.E0));
#5797=LINE('',#5796,#5795);
#5798=DIRECTION('',(0.E0,0.E0,-1.E0));
#5799=VECTOR('',#5798,1.E-1);
#5800=CARTESIAN_POINT('',(1.48E0,-4.5E-1,0.E0));
#5801=LINE('',#5800,#5799);
#5802=DIRECTION('',(0.E0,0.E0,-1.E0));
#5803=VECTOR('',#5802,1.E-1);
#5804=CARTESIAN_POINT('',(1.705E0,-4.5E-1,0.E0));
#5805=LINE('',#5804,#5803);
#5806=DIRECTION('',(0.E0,0.E0,-1.E0));
#5807=VECTOR('',#5806,1.E-1);
#5808=CARTESIAN_POINT('',(1.705E0,0.E0,0.E0));
#5809=LINE('',#5808,#5807);
#5810=DIRECTION('',(0.E0,0.E0,-1.E0));
#5811=VECTOR('',#5810,1.E-1);
#5812=CARTESIAN_POINT('',(2.105E0,0.E0,0.E0));
#5813=LINE('',#5812,#5811);
#5814=DIRECTION('',(0.E0,0.E0,-1.E0));
#5815=VECTOR('',#5814,1.E-1);
#5816=CARTESIAN_POINT('',(2.105E0,-4.5E-1,0.E0));
#5817=LINE('',#5816,#5815);
#5818=DIRECTION('',(0.E0,0.E0,-1.E0));
#5819=VECTOR('',#5818,1.E-1);
#5820=CARTESIAN_POINT('',(2.33E0,-4.5E-1,0.E0));
#5821=LINE('',#5820,#5819);
#5822=DIRECTION('',(0.E0,1.E0,0.E0));
#5823=VECTOR('',#5822,6.E-1);
#5824=CARTESIAN_POINT('',(2.33E0,-1.05E0,-1.E-1));
#5825=LINE('',#5824,#5823);
#5826=DIRECTION('',(1.E0,0.E0,0.E0));
#5827=VECTOR('',#5826,2.25E-1);
#5828=CARTESIAN_POINT('',(2.105E0,-1.05E0,-1.E-1));
#5829=LINE('',#5828,#5827);
#5830=DIRECTION('',(0.E0,1.E0,0.E0));
#5831=VECTOR('',#5830,4.5E-1);
#5832=CARTESIAN_POINT('',(2.105E0,-1.5E0,-1.E-1));
#5833=LINE('',#5832,#5831);
#5834=DIRECTION('',(1.E0,0.E0,0.E0));
#5835=VECTOR('',#5834,4.E-1);
#5836=CARTESIAN_POINT('',(1.705E0,-1.5E0,-1.E-1));
#5837=LINE('',#5836,#5835);
#5838=DIRECTION('',(0.E0,-1.E0,0.E0));
#5839=VECTOR('',#5838,4.5E-1);
#5840=CARTESIAN_POINT('',(1.705E0,-1.05E0,-1.E-1));
#5841=LINE('',#5840,#5839);
#5842=DIRECTION('',(1.E0,0.E0,0.E0));
#5843=VECTOR('',#5842,2.25E-1);
#5844=CARTESIAN_POINT('',(1.48E0,-1.05E0,-1.E-1));
#5845=LINE('',#5844,#5843);
#5846=DIRECTION('',(0.E0,-1.E0,0.E0));
#5847=VECTOR('',#5846,6.E-1);
#5848=CARTESIAN_POINT('',(1.48E0,-4.5E-1,-1.E-1));
#5849=LINE('',#5848,#5847);
#5850=DIRECTION('',(-1.E0,0.E0,0.E0));
#5851=VECTOR('',#5850,2.25E-1);
#5852=CARTESIAN_POINT('',(1.705E0,-4.5E-1,-1.E-1));
#5853=LINE('',#5852,#5851);
#5854=DIRECTION('',(0.E0,-1.E0,0.E0));
#5855=VECTOR('',#5854,4.5E-1);
#5856=CARTESIAN_POINT('',(1.705E0,0.E0,-1.E-1));
#5857=LINE('',#5856,#5855);
#5858=DIRECTION('',(-1.E0,0.E0,0.E0));
#5859=VECTOR('',#5858,4.E-1);
#5860=CARTESIAN_POINT('',(2.105E0,0.E0,-1.E-1));
#5861=LINE('',#5860,#5859);
#5862=DIRECTION('',(0.E0,1.E0,0.E0));
#5863=VECTOR('',#5862,4.5E-1);
#5864=CARTESIAN_POINT('',(2.105E0,-4.5E-1,-1.E-1));
#5865=LINE('',#5864,#5863);
#5866=DIRECTION('',(-1.E0,0.E0,0.E0));
#5867=VECTOR('',#5866,2.25E-1);
#5868=CARTESIAN_POINT('',(2.33E0,-4.5E-1,-1.E-1));
#5869=LINE('',#5868,#5867);
#5870=DIRECTION('',(1.E0,0.E0,0.E0));
#5871=VECTOR('',#5870,4.E-1);
#5872=CARTESIAN_POINT('',(4.35E-1,0.E0,-1.E-1));
#5873=LINE('',#5872,#5871);
#5874=DIRECTION('',(0.E0,-1.E0,0.E0));
#5875=VECTOR('',#5874,4.5E-1);
#5876=CARTESIAN_POINT('',(4.35E-1,4.5E-1,-1.E-1));
#5877=LINE('',#5876,#5875);
#5878=DIRECTION('',(1.E0,0.E0,0.E0));
#5879=VECTOR('',#5878,2.25E-1);
#5880=CARTESIAN_POINT('',(2.1E-1,4.5E-1,-1.E-1));
#5881=LINE('',#5880,#5879);
#5882=DIRECTION('',(0.E0,-1.E0,0.E0));
#5883=VECTOR('',#5882,6.E-1);
#5884=CARTESIAN_POINT('',(2.1E-1,1.05E0,-1.E-1));
#5885=LINE('',#5884,#5883);
#5886=DIRECTION('',(-1.E0,0.E0,0.E0));
#5887=VECTOR('',#5886,2.25E-1);
#5888=CARTESIAN_POINT('',(4.35E-1,1.05E0,-1.E-1));
#5889=LINE('',#5888,#5887);
#5890=DIRECTION('',(0.E0,-1.E0,0.E0));
#5891=VECTOR('',#5890,4.5E-1);
#5892=CARTESIAN_POINT('',(4.35E-1,1.5E0,-1.E-1));
#5893=LINE('',#5892,#5891);
#5894=DIRECTION('',(-1.E0,0.E0,0.E0));
#5895=VECTOR('',#5894,4.E-1);
#5896=CARTESIAN_POINT('',(8.35E-1,1.5E0,-1.E-1));
#5897=LINE('',#5896,#5895);
#5898=DIRECTION('',(0.E0,1.E0,0.E0));
#5899=VECTOR('',#5898,4.5E-1);
#5900=CARTESIAN_POINT('',(8.35E-1,1.05E0,-1.E-1));
#5901=LINE('',#5900,#5899);
#5902=DIRECTION('',(-1.E0,0.E0,0.E0));
#5903=VECTOR('',#5902,2.25E-1);
#5904=CARTESIAN_POINT('',(1.06E0,1.05E0,-1.E-1));
#5905=LINE('',#5904,#5903);
#5906=DIRECTION('',(0.E0,1.E0,0.E0));
#5907=VECTOR('',#5906,6.E-1);
#5908=CARTESIAN_POINT('',(1.06E0,4.5E-1,-1.E-1));
#5909=LINE('',#5908,#5907);
#5910=DIRECTION('',(1.E0,0.E0,0.E0));
#5911=VECTOR('',#5910,2.25E-1);
#5912=CARTESIAN_POINT('',(8.35E-1,4.5E-1,-1.E-1));
#5913=LINE('',#5912,#5911);
#5914=DIRECTION('',(0.E0,1.E0,0.E0));
#5915=VECTOR('',#5914,4.5E-1);
#5916=CARTESIAN_POINT('',(8.35E-1,0.E0,-1.E-1));
#5917=LINE('',#5916,#5915);
#5918=DIRECTION('',(0.E0,0.E0,-1.E0));
#5919=VECTOR('',#5918,1.E-1);
#5920=CARTESIAN_POINT('',(4.35E-1,0.E0,0.E0));
#5921=LINE('',#5920,#5919);
#5922=DIRECTION('',(0.E0,0.E0,-1.E0));
#5923=VECTOR('',#5922,1.E-1);
#5924=CARTESIAN_POINT('',(4.35E-1,4.5E-1,0.E0));
#5925=LINE('',#5924,#5923);
#5926=DIRECTION('',(0.E0,0.E0,-1.E0));
#5927=VECTOR('',#5926,1.E-1);
#5928=CARTESIAN_POINT('',(2.1E-1,4.5E-1,0.E0));
#5929=LINE('',#5928,#5927);
#5930=DIRECTION('',(0.E0,0.E0,-1.E0));
#5931=VECTOR('',#5930,1.E-1);
#5932=CARTESIAN_POINT('',(2.1E-1,1.05E0,0.E0));
#5933=LINE('',#5932,#5931);
#5934=DIRECTION('',(0.E0,0.E0,-1.E0));
#5935=VECTOR('',#5934,1.E-1);
#5936=CARTESIAN_POINT('',(4.35E-1,1.05E0,0.E0));
#5937=LINE('',#5936,#5935);
#5938=DIRECTION('',(0.E0,0.E0,-1.E0));
#5939=VECTOR('',#5938,1.E-1);
#5940=CARTESIAN_POINT('',(4.35E-1,1.5E0,0.E0));
#5941=LINE('',#5940,#5939);
#5942=DIRECTION('',(0.E0,0.E0,-1.E0));
#5943=VECTOR('',#5942,1.E-1);
#5944=CARTESIAN_POINT('',(8.35E-1,1.5E0,0.E0));
#5945=LINE('',#5944,#5943);
#5946=DIRECTION('',(0.E0,0.E0,-1.E0));
#5947=VECTOR('',#5946,1.E-1);
#5948=CARTESIAN_POINT('',(8.35E-1,1.05E0,0.E0));
#5949=LINE('',#5948,#5947);
#5950=DIRECTION('',(0.E0,0.E0,-1.E0));
#5951=VECTOR('',#5950,1.E-1);
#5952=CARTESIAN_POINT('',(1.06E0,1.05E0,0.E0));
#5953=LINE('',#5952,#5951);
#5954=DIRECTION('',(0.E0,0.E0,-1.E0));
#5955=VECTOR('',#5954,1.E-1);
#5956=CARTESIAN_POINT('',(1.06E0,4.5E-1,0.E0));
#5957=LINE('',#5956,#5955);
#5958=DIRECTION('',(0.E0,0.E0,-1.E0));
#5959=VECTOR('',#5958,1.E-1);
#5960=CARTESIAN_POINT('',(8.35E-1,4.5E-1,0.E0));
#5961=LINE('',#5960,#5959);
#5962=DIRECTION('',(0.E0,0.E0,-1.E0));
#5963=VECTOR('',#5962,1.E-1);
#5964=CARTESIAN_POINT('',(8.35E-1,0.E0,0.E0));
#5965=LINE('',#5964,#5963);
#5966=DIRECTION('',(0.E0,0.E0,-1.E0));
#5967=VECTOR('',#5966,1.E-1);
#5968=CARTESIAN_POINT('',(-2.1E-1,-1.05E0,0.E0));
#5969=LINE('',#5968,#5967);
#5970=DIRECTION('',(0.E0,0.E0,-1.E0));
#5971=VECTOR('',#5970,1.E-1);
#5972=CARTESIAN_POINT('',(-4.35E-1,-1.05E0,0.E0));
#5973=LINE('',#5972,#5971);
#5974=DIRECTION('',(0.E0,0.E0,-1.E0));
#5975=VECTOR('',#5974,1.E-1);
#5976=CARTESIAN_POINT('',(-4.35E-1,-1.5E0,0.E0));
#5977=LINE('',#5976,#5975);
#5978=DIRECTION('',(0.E0,0.E0,-1.E0));
#5979=VECTOR('',#5978,1.E-1);
#5980=CARTESIAN_POINT('',(-8.35E-1,-1.5E0,0.E0));
#5981=LINE('',#5980,#5979);
#5982=DIRECTION('',(0.E0,0.E0,-1.E0));
#5983=VECTOR('',#5982,1.E-1);
#5984=CARTESIAN_POINT('',(-8.35E-1,-1.05E0,0.E0));
#5985=LINE('',#5984,#5983);
#5986=DIRECTION('',(0.E0,0.E0,-1.E0));
#5987=VECTOR('',#5986,1.E-1);
#5988=CARTESIAN_POINT('',(-1.06E0,-1.05E0,0.E0));
#5989=LINE('',#5988,#5987);
#5990=DIRECTION('',(0.E0,0.E0,-1.E0));
#5991=VECTOR('',#5990,1.E-1);
#5992=CARTESIAN_POINT('',(-1.06E0,-4.5E-1,0.E0));
#5993=LINE('',#5992,#5991);
#5994=DIRECTION('',(0.E0,0.E0,-1.E0));
#5995=VECTOR('',#5994,1.E-1);
#5996=CARTESIAN_POINT('',(-8.35E-1,-4.5E-1,0.E0));
#5997=LINE('',#5996,#5995);
#5998=DIRECTION('',(0.E0,0.E0,-1.E0));
#5999=VECTOR('',#5998,1.E-1);
#6000=CARTESIAN_POINT('',(-8.35E-1,0.E0,0.E0));
#6001=LINE('',#6000,#5999);
#6002=DIRECTION('',(0.E0,0.E0,-1.E0));
#6003=VECTOR('',#6002,1.E-1);
#6004=CARTESIAN_POINT('',(-4.35E-1,0.E0,0.E0));
#6005=LINE('',#6004,#6003);
#6006=DIRECTION('',(0.E0,0.E0,-1.E0));
#6007=VECTOR('',#6006,1.E-1);
#6008=CARTESIAN_POINT('',(-4.35E-1,-4.5E-1,0.E0));
#6009=LINE('',#6008,#6007);
#6010=DIRECTION('',(0.E0,0.E0,-1.E0));
#6011=VECTOR('',#6010,1.E-1);
#6012=CARTESIAN_POINT('',(-2.1E-1,-4.5E-1,0.E0));
#6013=LINE('',#6012,#6011);
#6014=DIRECTION('',(0.E0,1.E0,0.E0));
#6015=VECTOR('',#6014,6.E-1);
#6016=CARTESIAN_POINT('',(-2.1E-1,-1.05E0,-1.E-1));
#6017=LINE('',#6016,#6015);
#6018=DIRECTION('',(1.E0,0.E0,0.E0));
#6019=VECTOR('',#6018,2.25E-1);
#6020=CARTESIAN_POINT('',(-4.35E-1,-1.05E0,-1.E-1));
#6021=LINE('',#6020,#6019);
#6022=DIRECTION('',(0.E0,1.E0,0.E0));
#6023=VECTOR('',#6022,4.5E-1);
#6024=CARTESIAN_POINT('',(-4.35E-1,-1.5E0,-1.E-1));
#6025=LINE('',#6024,#6023);
#6026=DIRECTION('',(1.E0,0.E0,0.E0));
#6027=VECTOR('',#6026,4.E-1);
#6028=CARTESIAN_POINT('',(-8.35E-1,-1.5E0,-1.E-1));
#6029=LINE('',#6028,#6027);
#6030=DIRECTION('',(0.E0,-1.E0,0.E0));
#6031=VECTOR('',#6030,4.5E-1);
#6032=CARTESIAN_POINT('',(-8.35E-1,-1.05E0,-1.E-1));
#6033=LINE('',#6032,#6031);
#6034=DIRECTION('',(1.E0,0.E0,0.E0));
#6035=VECTOR('',#6034,2.25E-1);
#6036=CARTESIAN_POINT('',(-1.06E0,-1.05E0,-1.E-1));
#6037=LINE('',#6036,#6035);
#6038=DIRECTION('',(0.E0,-1.E0,0.E0));
#6039=VECTOR('',#6038,6.E-1);
#6040=CARTESIAN_POINT('',(-1.06E0,-4.5E-1,-1.E-1));
#6041=LINE('',#6040,#6039);
#6042=DIRECTION('',(-1.E0,0.E0,0.E0));
#6043=VECTOR('',#6042,2.25E-1);
#6044=CARTESIAN_POINT('',(-8.35E-1,-4.5E-1,-1.E-1));
#6045=LINE('',#6044,#6043);
#6046=DIRECTION('',(0.E0,-1.E0,0.E0));
#6047=VECTOR('',#6046,4.5E-1);
#6048=CARTESIAN_POINT('',(-8.35E-1,0.E0,-1.E-1));
#6049=LINE('',#6048,#6047);
#6050=DIRECTION('',(-1.E0,0.E0,0.E0));
#6051=VECTOR('',#6050,4.E-1);
#6052=CARTESIAN_POINT('',(-4.35E-1,0.E0,-1.E-1));
#6053=LINE('',#6052,#6051);
#6054=DIRECTION('',(0.E0,1.E0,0.E0));
#6055=VECTOR('',#6054,4.5E-1);
#6056=CARTESIAN_POINT('',(-4.35E-1,-4.5E-1,-1.E-1));
#6057=LINE('',#6056,#6055);
#6058=DIRECTION('',(-1.E0,0.E0,0.E0));
#6059=VECTOR('',#6058,2.25E-1);
#6060=CARTESIAN_POINT('',(-2.1E-1,-4.5E-1,-1.E-1));
#6061=LINE('',#6060,#6059);
#6062=DIRECTION('',(1.E0,0.E0,0.E0));
#6063=VECTOR('',#6062,4.E-1);
#6064=CARTESIAN_POINT('',(-2.105E0,0.E0,-1.E-1));
#6065=LINE('',#6064,#6063);
#6066=DIRECTION('',(0.E0,-1.E0,0.E0));
#6067=VECTOR('',#6066,4.5E-1);
#6068=CARTESIAN_POINT('',(-2.105E0,4.5E-1,-1.E-1));
#6069=LINE('',#6068,#6067);
#6070=DIRECTION('',(1.E0,0.E0,0.E0));
#6071=VECTOR('',#6070,2.25E-1);
#6072=CARTESIAN_POINT('',(-2.33E0,4.5E-1,-1.E-1));
#6073=LINE('',#6072,#6071);
#6074=DIRECTION('',(0.E0,-1.E0,0.E0));
#6075=VECTOR('',#6074,6.E-1);
#6076=CARTESIAN_POINT('',(-2.33E0,1.05E0,-1.E-1));
#6077=LINE('',#6076,#6075);
#6078=DIRECTION('',(-1.E0,0.E0,0.E0));
#6079=VECTOR('',#6078,2.25E-1);
#6080=CARTESIAN_POINT('',(-2.105E0,1.05E0,-1.E-1));
#6081=LINE('',#6080,#6079);
#6082=DIRECTION('',(0.E0,-1.E0,0.E0));
#6083=VECTOR('',#6082,4.5E-1);
#6084=CARTESIAN_POINT('',(-2.105E0,1.5E0,-1.E-1));
#6085=LINE('',#6084,#6083);
#6086=DIRECTION('',(-1.E0,0.E0,0.E0));
#6087=VECTOR('',#6086,4.E-1);
#6088=CARTESIAN_POINT('',(-1.705E0,1.5E0,-1.E-1));
#6089=LINE('',#6088,#6087);
#6090=DIRECTION('',(0.E0,1.E0,0.E0));
#6091=VECTOR('',#6090,4.5E-1);
#6092=CARTESIAN_POINT('',(-1.705E0,1.05E0,-1.E-1));
#6093=LINE('',#6092,#6091);
#6094=DIRECTION('',(-1.E0,0.E0,0.E0));
#6095=VECTOR('',#6094,2.25E-1);
#6096=CARTESIAN_POINT('',(-1.48E0,1.05E0,-1.E-1));
#6097=LINE('',#6096,#6095);
#6098=DIRECTION('',(0.E0,1.E0,0.E0));
#6099=VECTOR('',#6098,6.E-1);
#6100=CARTESIAN_POINT('',(-1.48E0,4.5E-1,-1.E-1));
#6101=LINE('',#6100,#6099);
#6102=DIRECTION('',(1.E0,0.E0,0.E0));
#6103=VECTOR('',#6102,2.25E-1);
#6104=CARTESIAN_POINT('',(-1.705E0,4.5E-1,-1.E-1));
#6105=LINE('',#6104,#6103);
#6106=DIRECTION('',(0.E0,1.E0,0.E0));
#6107=VECTOR('',#6106,4.5E-1);
#6108=CARTESIAN_POINT('',(-1.705E0,0.E0,-1.E-1));
#6109=LINE('',#6108,#6107);
#6110=DIRECTION('',(0.E0,0.E0,-1.E0));
#6111=VECTOR('',#6110,1.E-1);
#6112=CARTESIAN_POINT('',(-2.105E0,0.E0,0.E0));
#6113=LINE('',#6112,#6111);
#6114=DIRECTION('',(0.E0,0.E0,-1.E0));
#6115=VECTOR('',#6114,1.E-1);
#6116=CARTESIAN_POINT('',(-2.105E0,4.5E-1,0.E0));
#6117=LINE('',#6116,#6115);
#6118=DIRECTION('',(0.E0,0.E0,-1.E0));
#6119=VECTOR('',#6118,1.E-1);
#6120=CARTESIAN_POINT('',(-2.33E0,4.5E-1,0.E0));
#6121=LINE('',#6120,#6119);
#6122=DIRECTION('',(0.E0,0.E0,-1.E0));
#6123=VECTOR('',#6122,1.E-1);
#6124=CARTESIAN_POINT('',(-2.33E0,1.05E0,0.E0));
#6125=LINE('',#6124,#6123);
#6126=DIRECTION('',(0.E0,0.E0,-1.E0));
#6127=VECTOR('',#6126,1.E-1);
#6128=CARTESIAN_POINT('',(-2.105E0,1.05E0,0.E0));
#6129=LINE('',#6128,#6127);
#6130=DIRECTION('',(0.E0,0.E0,-1.E0));
#6131=VECTOR('',#6130,1.E-1);
#6132=CARTESIAN_POINT('',(-2.105E0,1.5E0,0.E0));
#6133=LINE('',#6132,#6131);
#6134=DIRECTION('',(0.E0,0.E0,-1.E0));
#6135=VECTOR('',#6134,1.E-1);
#6136=CARTESIAN_POINT('',(-1.705E0,1.5E0,0.E0));
#6137=LINE('',#6136,#6135);
#6138=DIRECTION('',(0.E0,0.E0,-1.E0));
#6139=VECTOR('',#6138,1.E-1);
#6140=CARTESIAN_POINT('',(-1.705E0,1.05E0,0.E0));
#6141=LINE('',#6140,#6139);
#6142=DIRECTION('',(0.E0,0.E0,-1.E0));
#6143=VECTOR('',#6142,1.E-1);
#6144=CARTESIAN_POINT('',(-1.48E0,1.05E0,0.E0));
#6145=LINE('',#6144,#6143);
#6146=DIRECTION('',(0.E0,0.E0,-1.E0));
#6147=VECTOR('',#6146,1.E-1);
#6148=CARTESIAN_POINT('',(-1.48E0,4.5E-1,0.E0));
#6149=LINE('',#6148,#6147);
#6150=DIRECTION('',(0.E0,0.E0,-1.E0));
#6151=VECTOR('',#6150,1.E-1);
#6152=CARTESIAN_POINT('',(-1.705E0,4.5E-1,0.E0));
#6153=LINE('',#6152,#6151);
#6154=DIRECTION('',(0.E0,0.E0,-1.E0));
#6155=VECTOR('',#6154,1.E-1);
#6156=CARTESIAN_POINT('',(-1.705E0,0.E0,0.E0));
#6157=LINE('',#6156,#6155);
#6158=DIRECTION('',(0.E0,0.E0,-1.E0));
#6159=VECTOR('',#6158,1.E-1);
#6160=CARTESIAN_POINT('',(-2.75E0,-1.05E0,0.E0));
#6161=LINE('',#6160,#6159);
#6162=DIRECTION('',(0.E0,0.E0,-1.E0));
#6163=VECTOR('',#6162,1.E-1);
#6164=CARTESIAN_POINT('',(-2.975E0,-1.05E0,0.E0));
#6165=LINE('',#6164,#6163);
#6166=DIRECTION('',(0.E0,0.E0,-1.E0));
#6167=VECTOR('',#6166,1.E-1);
#6168=CARTESIAN_POINT('',(-2.975E0,-1.5E0,0.E0));
#6169=LINE('',#6168,#6167);
#6170=DIRECTION('',(0.E0,0.E0,-1.E0));
#6171=VECTOR('',#6170,1.E-1);
#6172=CARTESIAN_POINT('',(-3.375E0,-1.5E0,0.E0));
#6173=LINE('',#6172,#6171);
#6174=DIRECTION('',(0.E0,0.E0,-1.E0));
#6175=VECTOR('',#6174,1.E-1);
#6176=CARTESIAN_POINT('',(-3.375E0,-1.05E0,0.E0));
#6177=LINE('',#6176,#6175);
#6178=DIRECTION('',(0.E0,0.E0,-1.E0));
#6179=VECTOR('',#6178,1.E-1);
#6180=CARTESIAN_POINT('',(-3.6E0,-1.05E0,0.E0));
#6181=LINE('',#6180,#6179);
#6182=DIRECTION('',(0.E0,0.E0,-1.E0));
#6183=VECTOR('',#6182,1.E-1);
#6184=CARTESIAN_POINT('',(-3.6E0,-4.5E-1,0.E0));
#6185=LINE('',#6184,#6183);
#6186=DIRECTION('',(0.E0,0.E0,-1.E0));
#6187=VECTOR('',#6186,1.E-1);
#6188=CARTESIAN_POINT('',(-3.375E0,-4.5E-1,0.E0));
#6189=LINE('',#6188,#6187);
#6190=DIRECTION('',(0.E0,0.E0,-1.E0));
#6191=VECTOR('',#6190,1.E-1);
#6192=CARTESIAN_POINT('',(-3.375E0,0.E0,0.E0));
#6193=LINE('',#6192,#6191);
#6194=DIRECTION('',(0.E0,0.E0,-1.E0));
#6195=VECTOR('',#6194,1.E-1);
#6196=CARTESIAN_POINT('',(-2.975E0,0.E0,0.E0));
#6197=LINE('',#6196,#6195);
#6198=DIRECTION('',(0.E0,0.E0,-1.E0));
#6199=VECTOR('',#6198,1.E-1);
#6200=CARTESIAN_POINT('',(-2.975E0,-4.5E-1,0.E0));
#6201=LINE('',#6200,#6199);
#6202=DIRECTION('',(0.E0,0.E0,-1.E0));
#6203=VECTOR('',#6202,1.E-1);
#6204=CARTESIAN_POINT('',(-2.75E0,-4.5E-1,0.E0));
#6205=LINE('',#6204,#6203);
#6206=DIRECTION('',(0.E0,1.E0,0.E0));
#6207=VECTOR('',#6206,6.E-1);
#6208=CARTESIAN_POINT('',(-2.75E0,-1.05E0,-1.E-1));
#6209=LINE('',#6208,#6207);
#6210=DIRECTION('',(1.E0,0.E0,0.E0));
#6211=VECTOR('',#6210,2.25E-1);
#6212=CARTESIAN_POINT('',(-2.975E0,-1.05E0,-1.E-1));
#6213=LINE('',#6212,#6211);
#6214=DIRECTION('',(0.E0,1.E0,0.E0));
#6215=VECTOR('',#6214,4.5E-1);
#6216=CARTESIAN_POINT('',(-2.975E0,-1.5E0,-1.E-1));
#6217=LINE('',#6216,#6215);
#6218=DIRECTION('',(1.E0,0.E0,0.E0));
#6219=VECTOR('',#6218,4.E-1);
#6220=CARTESIAN_POINT('',(-3.375E0,-1.5E0,-1.E-1));
#6221=LINE('',#6220,#6219);
#6222=DIRECTION('',(0.E0,-1.E0,0.E0));
#6223=VECTOR('',#6222,4.5E-1);
#6224=CARTESIAN_POINT('',(-3.375E0,-1.05E0,-1.E-1));
#6225=LINE('',#6224,#6223);
#6226=DIRECTION('',(1.E0,0.E0,0.E0));
#6227=VECTOR('',#6226,2.25E-1);
#6228=CARTESIAN_POINT('',(-3.6E0,-1.05E0,-1.E-1));
#6229=LINE('',#6228,#6227);
#6230=DIRECTION('',(0.E0,-1.E0,0.E0));
#6231=VECTOR('',#6230,6.E-1);
#6232=CARTESIAN_POINT('',(-3.6E0,-4.5E-1,-1.E-1));
#6233=LINE('',#6232,#6231);
#6234=DIRECTION('',(-1.E0,0.E0,0.E0));
#6235=VECTOR('',#6234,2.25E-1);
#6236=CARTESIAN_POINT('',(-3.375E0,-4.5E-1,-1.E-1));
#6237=LINE('',#6236,#6235);
#6238=DIRECTION('',(0.E0,-1.E0,0.E0));
#6239=VECTOR('',#6238,4.5E-1);
#6240=CARTESIAN_POINT('',(-3.375E0,0.E0,-1.E-1));
#6241=LINE('',#6240,#6239);
#6242=DIRECTION('',(-1.E0,0.E0,0.E0));
#6243=VECTOR('',#6242,4.E-1);
#6244=CARTESIAN_POINT('',(-2.975E0,0.E0,-1.E-1));
#6245=LINE('',#6244,#6243);
#6246=DIRECTION('',(0.E0,1.E0,0.E0));
#6247=VECTOR('',#6246,4.5E-1);
#6248=CARTESIAN_POINT('',(-2.975E0,-4.5E-1,-1.E-1));
#6249=LINE('',#6248,#6247);
#6250=DIRECTION('',(-1.E0,0.E0,0.E0));
#6251=VECTOR('',#6250,2.25E-1);
#6252=CARTESIAN_POINT('',(-2.75E0,-4.5E-1,-1.E-1));
#6253=LINE('',#6252,#6251);
#6254=DIRECTION('',(1.E0,0.E0,0.E0));
#6255=VECTOR('',#6254,4.E-1);
#6256=CARTESIAN_POINT('',(-4.645E0,0.E0,-1.E-1));
#6257=LINE('',#6256,#6255);
#6258=DIRECTION('',(0.E0,-1.E0,0.E0));
#6259=VECTOR('',#6258,4.5E-1);
#6260=CARTESIAN_POINT('',(-4.645E0,4.5E-1,-1.E-1));
#6261=LINE('',#6260,#6259);
#6262=DIRECTION('',(1.E0,0.E0,0.E0));
#6263=VECTOR('',#6262,2.25E-1);
#6264=CARTESIAN_POINT('',(-4.87E0,4.5E-1,-1.E-1));
#6265=LINE('',#6264,#6263);
#6266=DIRECTION('',(0.E0,-1.E0,0.E0));
#6267=VECTOR('',#6266,6.E-1);
#6268=CARTESIAN_POINT('',(-4.87E0,1.05E0,-1.E-1));
#6269=LINE('',#6268,#6267);
#6270=DIRECTION('',(-1.E0,0.E0,0.E0));
#6271=VECTOR('',#6270,2.25E-1);
#6272=CARTESIAN_POINT('',(-4.645E0,1.05E0,-1.E-1));
#6273=LINE('',#6272,#6271);
#6274=DIRECTION('',(0.E0,-1.E0,0.E0));
#6275=VECTOR('',#6274,4.5E-1);
#6276=CARTESIAN_POINT('',(-4.645E0,1.5E0,-1.E-1));
#6277=LINE('',#6276,#6275);
#6278=DIRECTION('',(-1.E0,0.E0,0.E0));
#6279=VECTOR('',#6278,4.E-1);
#6280=CARTESIAN_POINT('',(-4.245E0,1.5E0,-1.E-1));
#6281=LINE('',#6280,#6279);
#6282=DIRECTION('',(0.E0,1.E0,0.E0));
#6283=VECTOR('',#6282,4.5E-1);
#6284=CARTESIAN_POINT('',(-4.245E0,1.05E0,-1.E-1));
#6285=LINE('',#6284,#6283);
#6286=DIRECTION('',(-1.E0,0.E0,0.E0));
#6287=VECTOR('',#6286,2.25E-1);
#6288=CARTESIAN_POINT('',(-4.02E0,1.05E0,-1.E-1));
#6289=LINE('',#6288,#6287);
#6290=DIRECTION('',(0.E0,1.E0,0.E0));
#6291=VECTOR('',#6290,6.E-1);
#6292=CARTESIAN_POINT('',(-4.02E0,4.5E-1,-1.E-1));
#6293=LINE('',#6292,#6291);
#6294=DIRECTION('',(1.E0,0.E0,0.E0));
#6295=VECTOR('',#6294,2.25E-1);
#6296=CARTESIAN_POINT('',(-4.245E0,4.5E-1,-1.E-1));
#6297=LINE('',#6296,#6295);
#6298=DIRECTION('',(0.E0,1.E0,0.E0));
#6299=VECTOR('',#6298,4.5E-1);
#6300=CARTESIAN_POINT('',(-4.245E0,0.E0,-1.E-1));
#6301=LINE('',#6300,#6299);
#6302=DIRECTION('',(0.E0,0.E0,-1.E0));
#6303=VECTOR('',#6302,1.E-1);
#6304=CARTESIAN_POINT('',(-4.645E0,0.E0,0.E0));
#6305=LINE('',#6304,#6303);
#6306=DIRECTION('',(0.E0,0.E0,-1.E0));
#6307=VECTOR('',#6306,1.E-1);
#6308=CARTESIAN_POINT('',(-4.645E0,4.5E-1,0.E0));
#6309=LINE('',#6308,#6307);
#6310=DIRECTION('',(0.E0,0.E0,-1.E0));
#6311=VECTOR('',#6310,1.E-1);
#6312=CARTESIAN_POINT('',(-4.87E0,4.5E-1,0.E0));
#6313=LINE('',#6312,#6311);
#6314=DIRECTION('',(0.E0,0.E0,-1.E0));
#6315=VECTOR('',#6314,1.E-1);
#6316=CARTESIAN_POINT('',(-4.87E0,1.05E0,0.E0));
#6317=LINE('',#6316,#6315);
#6318=DIRECTION('',(0.E0,0.E0,-1.E0));
#6319=VECTOR('',#6318,1.E-1);
#6320=CARTESIAN_POINT('',(-4.645E0,1.05E0,0.E0));
#6321=LINE('',#6320,#6319);
#6322=DIRECTION('',(0.E0,0.E0,-1.E0));
#6323=VECTOR('',#6322,1.E-1);
#6324=CARTESIAN_POINT('',(-4.645E0,1.5E0,0.E0));
#6325=LINE('',#6324,#6323);
#6326=DIRECTION('',(0.E0,0.E0,-1.E0));
#6327=VECTOR('',#6326,1.E-1);
#6328=CARTESIAN_POINT('',(-4.245E0,1.5E0,0.E0));
#6329=LINE('',#6328,#6327);
#6330=DIRECTION('',(0.E0,0.E0,-1.E0));
#6331=VECTOR('',#6330,1.E-1);
#6332=CARTESIAN_POINT('',(-4.245E0,1.05E0,0.E0));
#6333=LINE('',#6332,#6331);
#6334=DIRECTION('',(0.E0,0.E0,-1.E0));
#6335=VECTOR('',#6334,1.E-1);
#6336=CARTESIAN_POINT('',(-4.02E0,1.05E0,0.E0));
#6337=LINE('',#6336,#6335);
#6338=DIRECTION('',(0.E0,0.E0,-1.E0));
#6339=VECTOR('',#6338,1.E-1);
#6340=CARTESIAN_POINT('',(-4.02E0,4.5E-1,0.E0));
#6341=LINE('',#6340,#6339);
#6342=DIRECTION('',(0.E0,0.E0,-1.E0));
#6343=VECTOR('',#6342,1.E-1);
#6344=CARTESIAN_POINT('',(-4.245E0,4.5E-1,0.E0));
#6345=LINE('',#6344,#6343);
#6346=DIRECTION('',(0.E0,0.E0,-1.E0));
#6347=VECTOR('',#6346,1.E-1);
#6348=CARTESIAN_POINT('',(-4.245E0,0.E0,0.E0));
#6349=LINE('',#6348,#6347);
#6350=DIRECTION('',(0.E0,0.E0,-1.E0));
#6351=VECTOR('',#6350,9.582097206668E-1);
#6352=CARTESIAN_POINT('',(6.865E0,-1.E0,-2.E-1));
#6353=LINE('',#6352,#6351);
#6354=DIRECTION('',(0.E0,0.E0,1.E0));
#6355=VECTOR('',#6354,1.5E-1);
#6356=CARTESIAN_POINT('',(6.375E0,1.E0,-8.4E-1));
#6357=LINE('',#6356,#6355);
#6358=DIRECTION('',(0.E0,0.E0,1.E0));
#6359=VECTOR('',#6358,1.5E-1);
#6360=CARTESIAN_POINT('',(6.375E0,5.E-1,-8.4E-1));
#6361=LINE('',#6360,#6359);
#6362=DIRECTION('',(0.E0,1.E0,0.E0));
#6363=VECTOR('',#6362,5.E-1);
#6364=CARTESIAN_POINT('',(6.375E0,5.E-1,-8.4E-1));
#6365=LINE('',#6364,#6363);
#6366=DIRECTION('',(0.E0,0.E0,1.E0));
#6367=VECTOR('',#6366,1.5E-1);
#6368=CARTESIAN_POINT('',(6.375E0,-5.E-1,-8.4E-1));
#6369=LINE('',#6368,#6367);
#6370=DIRECTION('',(0.E0,0.E0,1.E0));
#6371=VECTOR('',#6370,1.5E-1);
#6372=CARTESIAN_POINT('',(6.375E0,-1.E0,-8.4E-1));
#6373=LINE('',#6372,#6371);
#6374=DIRECTION('',(0.E0,1.E0,0.E0));
#6375=VECTOR('',#6374,5.E-1);
#6376=CARTESIAN_POINT('',(6.375E0,-1.E0,-8.4E-1));
#6377=LINE('',#6376,#6375);
#6378=DIRECTION('',(0.E0,0.E0,-1.E0));
#6379=VECTOR('',#6378,9.582097206668E-1);
#6380=CARTESIAN_POINT('',(6.865E0,5.E-1,-2.E-1));
#6381=LINE('',#6380,#6379);
#6382=CARTESIAN_POINT('',(-7.315E0,-1.925E0,0.E0));
#6383=CARTESIAN_POINT('',(-7.315E0,-2.E0,-1.9E0));
#6384=VERTEX_POINT('',#6382);
#6385=VERTEX_POINT('',#6383);
#6386=CARTESIAN_POINT('',(-7.315E0,-2.5E0,-1.9E0));
#6387=VERTEX_POINT('',#6386);
#6388=CARTESIAN_POINT('',(-7.315E0,-2.5E0,-3.5E0));
#6389=VERTEX_POINT('',#6388);
#6390=CARTESIAN_POINT('',(-7.315E0,-1.5E0,-3.5E0));
#6391=VERTEX_POINT('',#6390);
#6392=CARTESIAN_POINT('',(-7.315E0,-1.5E0,-5.E0));
#6393=VERTEX_POINT('',#6392);
#6394=CARTESIAN_POINT('',(-7.315E0,-1.127350269190E0,-5.E0));
#6395=VERTEX_POINT('',#6394);
#6396=CARTESIAN_POINT('',(-7.315E0,-5.5E-1,-4.E0));
#6397=VERTEX_POINT('',#6396);
#6398=CARTESIAN_POINT('',(-7.315E0,5.5E-1,-4.E0));
#6399=VERTEX_POINT('',#6398);
#6400=CARTESIAN_POINT('',(-7.315E0,1.127350269190E0,-5.E0));
#6401=VERTEX_POINT('',#6400);
#6402=CARTESIAN_POINT('',(-7.315E0,1.5E0,-5.E0));
#6403=VERTEX_POINT('',#6402);
#6404=CARTESIAN_POINT('',(-7.315E0,1.5E0,-3.5E0));
#6405=VERTEX_POINT('',#6404);
#6406=CARTESIAN_POINT('',(-7.315E0,2.5E0,-3.5E0));
#6407=VERTEX_POINT('',#6406);
#6408=CARTESIAN_POINT('',(-7.315E0,2.5E0,-1.9E0));
#6409=VERTEX_POINT('',#6408);
#6410=CARTESIAN_POINT('',(-7.315E0,2.E0,-1.9E0));
#6411=VERTEX_POINT('',#6410);
#6412=CARTESIAN_POINT('',(-7.315E0,1.925E0,0.E0));
#6413=VERTEX_POINT('',#6412);
#6414=CARTESIAN_POINT('',(7.315E0,-1.925E0,0.E0));
#6415=CARTESIAN_POINT('',(7.315E0,-2.E0,-1.9E0));
#6416=VERTEX_POINT('',#6414);
#6417=VERTEX_POINT('',#6415);
#6418=CARTESIAN_POINT('',(7.315E0,-2.5E0,-1.9E0));
#6419=VERTEX_POINT('',#6418);
#6420=CARTESIAN_POINT('',(7.315E0,-2.5E0,-3.5E0));
#6421=VERTEX_POINT('',#6420);
#6422=CARTESIAN_POINT('',(7.315E0,2.5E0,-3.5E0));
#6423=CARTESIAN_POINT('',(7.315E0,2.5E0,-1.9E0));
#6424=VERTEX_POINT('',#6422);
#6425=VERTEX_POINT('',#6423);
#6426=CARTESIAN_POINT('',(7.315E0,2.E0,-1.9E0));
#6427=VERTEX_POINT('',#6426);
#6428=CARTESIAN_POINT('',(7.315E0,1.925E0,0.E0));
#6429=VERTEX_POINT('',#6428);
#6430=CARTESIAN_POINT('',(5.345E0,-1.925E0,0.E0));
#6431=CARTESIAN_POINT('',(5.345E0,-2.E0,-1.9E0));
#6432=VERTEX_POINT('',#6430);
#6433=VERTEX_POINT('',#6431);
#6434=CARTESIAN_POINT('',(-5.345E0,-1.925E0,0.E0));
#6435=CARTESIAN_POINT('',(-5.345E0,-2.E0,-1.9E0));
#6436=VERTEX_POINT('',#6434);
#6437=VERTEX_POINT('',#6435);
#6438=CARTESIAN_POINT('',(6.865E0,-2.E0,-1.9E0));
#6439=CARTESIAN_POINT('',(6.865E0,-2.5E0,-1.9E0));
#6440=VERTEX_POINT('',#6438);
#6441=VERTEX_POINT('',#6439);
#6442=CARTESIAN_POINT('',(-6.865E0,-2.E0,-1.9E0));
#6443=CARTESIAN_POINT('',(-6.865E0,-2.5E0,-1.9E0));
#6444=VERTEX_POINT('',#6442);
#6445=VERTEX_POINT('',#6443);
#6446=CARTESIAN_POINT('',(6.045E0,-2.5E0,-1.9E0));
#6447=CARTESIAN_POINT('',(6.045E0,-2.5E0,-2.5E0));
#6448=VERTEX_POINT('',#6446);
#6449=VERTEX_POINT('',#6447);
#6450=CARTESIAN_POINT('',(6.345E0,-2.5E0,-2.8E0));
#6451=VERTEX_POINT('',#6450);
#6452=CARTESIAN_POINT('',(6.565E0,-2.5E0,-2.8E0));
#6453=VERTEX_POINT('',#6452);
#6454=CARTESIAN_POINT('',(6.865E0,-2.5E0,-2.5E0));
#6455=VERTEX_POINT('',#6454);
#6456=CARTESIAN_POINT('',(-6.865E0,-2.5E0,-2.5E0));
#6457=VERTEX_POINT('',#6456);
#6458=CARTESIAN_POINT('',(-6.565E0,-2.5E0,-2.8E0));
#6459=VERTEX_POINT('',#6458);
#6460=CARTESIAN_POINT('',(-6.345E0,-2.5E0,-2.8E0));
#6461=VERTEX_POINT('',#6460);
#6462=CARTESIAN_POINT('',(-6.045E0,-2.5E0,-2.5E0));
#6463=VERTEX_POINT('',#6462);
#6464=CARTESIAN_POINT('',(-6.045E0,-2.5E0,-1.9E0));
#6465=VERTEX_POINT('',#6464);
#6466=CARTESIAN_POINT('',(5.345E0,-1.5E0,-3.5E0));
#6467=CARTESIAN_POINT('',(5.345E0,-1.5E0,-5.E0));
#6468=VERTEX_POINT('',#6466);
#6469=VERTEX_POINT('',#6467);
#6470=CARTESIAN_POINT('',(-6.045E0,-1.5E0,-3.5E0));
#6471=CARTESIAN_POINT('',(-6.045E0,-1.5E0,-5.E0));
#6472=VERTEX_POINT('',#6470);
#6473=VERTEX_POINT('',#6471);
#6474=CARTESIAN_POINT('',(-6.865E0,-1.5E0,-3.5E0));
#6475=CARTESIAN_POINT('',(-6.865E0,-1.5E0,-5.E0));
#6476=VERTEX_POINT('',#6474);
#6477=VERTEX_POINT('',#6475);
#6478=CARTESIAN_POINT('',(5.345E0,-1.127350269190E0,-5.E0));
#6479=VERTEX_POINT('',#6478);
#6480=CARTESIAN_POINT('',(-6.045E0,-1.127350269190E0,-5.E0));
#6481=VERTEX_POINT('',#6480);
#6482=CARTESIAN_POINT('',(-6.865E0,-1.127350269190E0,-5.E0));
#6483=VERTEX_POINT('',#6482);
#6484=CARTESIAN_POINT('',(5.345E0,-5.5E-1,-4.E0));
#6485=VERTEX_POINT('',#6484);
#6486=CARTESIAN_POINT('',(-6.045E0,-5.5E-1,-4.E0));
#6487=VERTEX_POINT('',#6486);
#6488=CARTESIAN_POINT('',(-6.865E0,-5.5E-1,-4.E0));
#6489=VERTEX_POINT('',#6488);
#6490=CARTESIAN_POINT('',(5.345E0,5.5E-1,-4.E0));
#6491=VERTEX_POINT('',#6490);
#6492=CARTESIAN_POINT('',(-6.045E0,5.5E-1,-4.E0));
#6493=VERTEX_POINT('',#6492);
#6494=CARTESIAN_POINT('',(-6.865E0,5.5E-1,-4.E0));
#6495=VERTEX_POINT('',#6494);
#6496=CARTESIAN_POINT('',(5.345E0,1.127350269190E0,-5.E0));
#6497=VERTEX_POINT('',#6496);
#6498=CARTESIAN_POINT('',(-6.045E0,1.127350269190E0,-5.E0));
#6499=VERTEX_POINT('',#6498);
#6500=CARTESIAN_POINT('',(-6.865E0,1.127350269190E0,-5.E0));
#6501=VERTEX_POINT('',#6500);
#6502=CARTESIAN_POINT('',(5.345E0,1.5E0,-5.E0));
#6503=VERTEX_POINT('',#6502);
#6504=CARTESIAN_POINT('',(-6.045E0,1.5E0,-5.E0));
#6505=VERTEX_POINT('',#6504);
#6506=CARTESIAN_POINT('',(-6.865E0,1.5E0,-5.E0));
#6507=VERTEX_POINT('',#6506);
#6508=CARTESIAN_POINT('',(5.345E0,1.5E0,-3.5E0));
#6509=VERTEX_POINT('',#6508);
#6510=CARTESIAN_POINT('',(-6.045E0,1.5E0,-3.5E0));
#6511=VERTEX_POINT('',#6510);
#6512=CARTESIAN_POINT('',(-6.865E0,1.5E0,-3.5E0));
#6513=VERTEX_POINT('',#6512);
#6514=CARTESIAN_POINT('',(6.045E0,2.5E0,-1.9E0));
#6515=CARTESIAN_POINT('',(6.045E0,2.5E0,-2.5E0));
#6516=VERTEX_POINT('',#6514);
#6517=VERTEX_POINT('',#6515);
#6518=CARTESIAN_POINT('',(6.345E0,2.5E0,-2.8E0));
#6519=VERTEX_POINT('',#6518);
#6520=CARTESIAN_POINT('',(6.565E0,2.5E0,-2.8E0));
#6521=VERTEX_POINT('',#6520);
#6522=CARTESIAN_POINT('',(6.865E0,2.5E0,-2.5E0));
#6523=VERTEX_POINT('',#6522);
#6524=CARTESIAN_POINT('',(6.865E0,2.5E0,-1.9E0));
#6525=VERTEX_POINT('',#6524);
#6526=CARTESIAN_POINT('',(-6.865E0,2.5E0,-1.9E0));
#6527=CARTESIAN_POINT('',(-6.865E0,2.5E0,-2.5E0));
#6528=VERTEX_POINT('',#6526);
#6529=VERTEX_POINT('',#6527);
#6530=CARTESIAN_POINT('',(-6.565E0,2.5E0,-2.8E0));
#6531=VERTEX_POINT('',#6530);
#6532=CARTESIAN_POINT('',(-6.345E0,2.5E0,-2.8E0));
#6533=VERTEX_POINT('',#6532);
#6534=CARTESIAN_POINT('',(-6.045E0,2.5E0,-2.5E0));
#6535=VERTEX_POINT('',#6534);
#6536=CARTESIAN_POINT('',(-6.045E0,2.5E0,-1.9E0));
#6537=VERTEX_POINT('',#6536);
#6538=CARTESIAN_POINT('',(6.865E0,2.E0,-1.9E0));
#6539=VERTEX_POINT('',#6538);
#6540=CARTESIAN_POINT('',(-6.865E0,2.E0,-1.9E0));
#6541=VERTEX_POINT('',#6540);
#6542=CARTESIAN_POINT('',(5.345E0,2.E0,-1.9E0));
#6543=CARTESIAN_POINT('',(5.345E0,1.925E0,0.E0));
#6544=VERTEX_POINT('',#6542);
#6545=VERTEX_POINT('',#6543);
#6546=CARTESIAN_POINT('',(-5.345E0,2.E0,-1.9E0));
#6547=CARTESIAN_POINT('',(-5.345E0,1.925E0,0.E0));
#6548=VERTEX_POINT('',#6546);
#6549=VERTEX_POINT('',#6547);
#6550=CARTESIAN_POINT('',(7.065E0,1.925E0,0.E0));
#6551=CARTESIAN_POINT('',(7.065E0,-1.925E0,0.E0));
#6552=VERTEX_POINT('',#6550);
#6553=VERTEX_POINT('',#6551);
#6554=CARTESIAN_POINT('',(-7.065E0,1.925E0,0.E0));
#6555=CARTESIAN_POINT('',(-7.065E0,-1.925E0,0.E0));
#6556=VERTEX_POINT('',#6554);
#6557=VERTEX_POINT('',#6555);
#6558=CARTESIAN_POINT('',(6.045E0,-1.3E0,-1.9E0));
#6559=CARTESIAN_POINT('',(5.345E0,-1.3E0,-1.9E0));
#6560=VERTEX_POINT('',#6558);
#6561=VERTEX_POINT('',#6559);
#6562=CARTESIAN_POINT('',(5.345E0,1.3E0,-1.9E0));
#6563=CARTESIAN_POINT('',(6.045E0,1.3E0,-1.9E0));
#6564=VERTEX_POINT('',#6562);
#6565=VERTEX_POINT('',#6563);
#6566=CARTESIAN_POINT('',(-6.045E0,-1.3E0,-3.5E0));
#6567=CARTESIAN_POINT('',(-6.865E0,-1.3E0,-3.5E0));
#6568=VERTEX_POINT('',#6566);
#6569=VERTEX_POINT('',#6567);
#6570=CARTESIAN_POINT('',(-6.865E0,1.3E0,-3.5E0));
#6571=CARTESIAN_POINT('',(-6.045E0,1.3E0,-3.5E0));
#6572=VERTEX_POINT('',#6570);
#6573=VERTEX_POINT('',#6571);
#6574=CARTESIAN_POINT('',(6.865E0,1.3E0,-3.5E0));
#6575=CARTESIAN_POINT('',(6.865E0,-1.3E0,-3.5E0));
#6576=VERTEX_POINT('',#6574);
#6577=VERTEX_POINT('',#6575);
#6578=CARTESIAN_POINT('',(5.345E0,-1.3E0,-3.5E0));
#6579=VERTEX_POINT('',#6578);
#6580=CARTESIAN_POINT('',(5.345E0,1.3E0,-3.5E0));
#6581=VERTEX_POINT('',#6580);
#6582=CARTESIAN_POINT('',(6.045E0,-1.3E0,-2.5E0));
#6583=VERTEX_POINT('',#6582);
#6584=CARTESIAN_POINT('',(6.045E0,1.3E0,-2.5E0));
#6585=VERTEX_POINT('',#6584);
#6586=CARTESIAN_POINT('',(6.345E0,-1.3E0,-2.8E0));
#6587=VERTEX_POINT('',#6586);
#6588=CARTESIAN_POINT('',(6.345E0,1.3E0,-2.8E0));
#6589=VERTEX_POINT('',#6588);
#6590=CARTESIAN_POINT('',(6.565E0,-1.3E0,-2.8E0));
#6591=VERTEX_POINT('',#6590);
#6592=CARTESIAN_POINT('',(6.565E0,1.3E0,-2.8E0));
#6593=VERTEX_POINT('',#6592);
#6594=CARTESIAN_POINT('',(6.865E0,-1.3E0,-2.5E0));
#6595=VERTEX_POINT('',#6594);
#6596=CARTESIAN_POINT('',(6.865E0,1.3E0,-2.5E0));
#6597=VERTEX_POINT('',#6596);
#6598=CARTESIAN_POINT('',(-6.865E0,-1.3E0,-2.5E0));
#6599=CARTESIAN_POINT('',(-6.565E0,-1.3E0,-2.8E0));
#6600=VERTEX_POINT('',#6598);
#6601=VERTEX_POINT('',#6599);
#6602=CARTESIAN_POINT('',(-6.865E0,1.3E0,-2.5E0));
#6603=CARTESIAN_POINT('',(-6.565E0,1.3E0,-2.8E0));
#6604=VERTEX_POINT('',#6602);
#6605=VERTEX_POINT('',#6603);
#6606=CARTESIAN_POINT('',(-6.345E0,-1.3E0,-2.8E0));
#6607=VERTEX_POINT('',#6606);
#6608=CARTESIAN_POINT('',(-6.345E0,1.3E0,-2.8E0));
#6609=VERTEX_POINT('',#6608);
#6610=CARTESIAN_POINT('',(-6.045E0,-1.3E0,-2.5E0));
#6611=VERTEX_POINT('',#6610);
#6612=CARTESIAN_POINT('',(-6.045E0,1.3E0,-2.5E0));
#6613=VERTEX_POINT('',#6612);
#6614=CARTESIAN_POINT('',(6.865E0,1.E0,-1.158209720667E0));
#6615=CARTESIAN_POINT('',(6.375E0,1.E0,-8.4E-1));
#6616=VERTEX_POINT('',#6614);
#6617=VERTEX_POINT('',#6615);
#6618=CARTESIAN_POINT('',(6.865E0,-5.E-1,-1.158209720667E0));
#6619=CARTESIAN_POINT('',(6.375E0,-5.E-1,-8.4E-1));
#6620=VERTEX_POINT('',#6618);
#6621=VERTEX_POINT('',#6619);
#6622=CARTESIAN_POINT('',(6.865E0,5.E-1,-1.158209720667E0));
#6623=CARTESIAN_POINT('',(6.375E0,5.E-1,-8.4E-1));
#6624=VERTEX_POINT('',#6622);
#6625=VERTEX_POINT('',#6623);
#6626=CARTESIAN_POINT('',(6.865E0,-1.E0,-1.158209720667E0));
#6627=CARTESIAN_POINT('',(6.375E0,-1.E0,-8.4E-1));
#6628=VERTEX_POINT('',#6626);
#6629=VERTEX_POINT('',#6627);
#6630=CARTESIAN_POINT('',(6.375E0,1.E0,-6.9E-1));
#6631=VERTEX_POINT('',#6630);
#6632=CARTESIAN_POINT('',(6.375E0,-5.E-1,-6.9E-1));
#6633=VERTEX_POINT('',#6632);
#6634=CARTESIAN_POINT('',(6.375E0,5.E-1,-6.9E-1));
#6635=VERTEX_POINT('',#6634);
#6636=CARTESIAN_POINT('',(6.375E0,-1.E0,-6.9E-1));
#6637=VERTEX_POINT('',#6636);
#6638=CARTESIAN_POINT('',(6.865E0,1.E0,-2.E-1));
#6639=VERTEX_POINT('',#6638);
#6640=CARTESIAN_POINT('',(6.865E0,1.932894736842E0,-2.E-1));
#6641=VERTEX_POINT('',#6640);
#6642=CARTESIAN_POINT('',(6.865E0,-5.E-1,-2.E-1));
#6643=VERTEX_POINT('',#6642);
#6644=CARTESIAN_POINT('',(6.865E0,5.E-1,-2.E-1));
#6645=VERTEX_POINT('',#6644);
#6646=CARTESIAN_POINT('',(6.865E0,-1.932894736842E0,-2.E-1));
#6647=CARTESIAN_POINT('',(6.865E0,-1.E0,-2.E-1));
#6648=VERTEX_POINT('',#6646);
#6649=VERTEX_POINT('',#6647);
#6650=CARTESIAN_POINT('',(-6.865E0,1.932894736842E0,-2.E-1));
#6651=CARTESIAN_POINT('',(-6.865E0,1.E0,-2.E-1));
#6652=VERTEX_POINT('',#6650);
#6653=VERTEX_POINT('',#6651);
#6654=CARTESIAN_POINT('',(-6.375E0,1.E0,-6.9E-1));
#6655=VERTEX_POINT('',#6654);
#6656=CARTESIAN_POINT('',(-6.865E0,5.E-1,-2.E-1));
#6657=CARTESIAN_POINT('',(-6.865E0,-5.E-1,-2.E-1));
#6658=VERTEX_POINT('',#6656);
#6659=VERTEX_POINT('',#6657);
#6660=CARTESIAN_POINT('',(-6.375E0,-5.E-1,-6.9E-1));
#6661=VERTEX_POINT('',#6660);
#6662=CARTESIAN_POINT('',(-6.375E0,5.E-1,-6.9E-1));
#6663=VERTEX_POINT('',#6662);
#6664=CARTESIAN_POINT('',(-6.375E0,-1.E0,-6.9E-1));
#6665=CARTESIAN_POINT('',(-6.865E0,-1.E0,-2.E-1));
#6666=VERTEX_POINT('',#6664);
#6667=VERTEX_POINT('',#6665);
#6668=CARTESIAN_POINT('',(-6.865E0,-1.932894736842E0,-2.E-1));
#6669=VERTEX_POINT('',#6668);
#6670=CARTESIAN_POINT('',(-6.375E0,1.E0,-8.4E-1));
#6671=VERTEX_POINT('',#6670);
#6672=CARTESIAN_POINT('',(-6.375E0,-5.E-1,-8.4E-1));
#6673=VERTEX_POINT('',#6672);
#6674=CARTESIAN_POINT('',(-6.375E0,5.E-1,-8.4E-1));
#6675=VERTEX_POINT('',#6674);
#6676=CARTESIAN_POINT('',(-6.375E0,-1.E0,-8.4E-1));
#6677=VERTEX_POINT('',#6676);
#6678=CARTESIAN_POINT('',(-6.865E0,1.E0,-1.158209720667E0));
#6679=VERTEX_POINT('',#6678);
#6680=CARTESIAN_POINT('',(-6.865E0,-5.E-1,-1.158209720667E0));
#6681=VERTEX_POINT('',#6680);
#6682=CARTESIAN_POINT('',(-6.865E0,5.E-1,-1.158209720667E0));
#6683=VERTEX_POINT('',#6682);
#6684=CARTESIAN_POINT('',(-6.865E0,-1.E0,-1.158209720667E0));
#6685=VERTEX_POINT('',#6684);
#6686=CARTESIAN_POINT('',(5.245E0,-2.275852590392E0,-2.8E0));
#6687=CARTESIAN_POINT('',(5.245E0,-2.026047134540E0,-2.559860741678E0));
#6688=VERTEX_POINT('',#6686);
#6689=VERTEX_POINT('',#6687);
#6690=CARTESIAN_POINT('',(3.645E0,-2.275852590392E0,-2.8E0));
#6691=CARTESIAN_POINT('',(3.645E0,-2.026047134540E0,-2.559860741678E0));
#6692=VERTEX_POINT('',#6690);
#6693=VERTEX_POINT('',#6691);
#6694=CARTESIAN_POINT('',(5.245E0,-2.5E0,-1.9E0));
#6695=CARTESIAN_POINT('',(5.245E0,-2.E0,-1.9E0));
#6696=VERTEX_POINT('',#6694);
#6697=VERTEX_POINT('',#6695);
#6698=CARTESIAN_POINT('',(3.645E0,-2.5E0,-1.9E0));
#6699=CARTESIAN_POINT('',(3.645E0,-2.E0,-1.9E0));
#6700=VERTEX_POINT('',#6698);
#6701=VERTEX_POINT('',#6699);
#6702=CARTESIAN_POINT('',(5.245E0,-2.5E0,-2.8E0));
#6703=VERTEX_POINT('',#6702);
#6704=CARTESIAN_POINT('',(3.645E0,-2.5E0,-2.8E0));
#6705=VERTEX_POINT('',#6704);
#6706=CARTESIAN_POINT('',(3.975E0,2.026047134540E0,-2.559860741678E0));
#6707=CARTESIAN_POINT('',(3.975E0,2.275852590392E0,-2.8E0));
#6708=VERTEX_POINT('',#6706);
#6709=VERTEX_POINT('',#6707);
#6710=CARTESIAN_POINT('',(2.375E0,2.026047134540E0,-2.559860741678E0));
#6711=CARTESIAN_POINT('',(2.375E0,2.275852590392E0,-2.8E0));
#6712=VERTEX_POINT('',#6710);
#6713=VERTEX_POINT('',#6711);
#6714=CARTESIAN_POINT('',(3.975E0,2.5E0,-1.9E0));
#6715=CARTESIAN_POINT('',(3.975E0,2.E0,-1.9E0));
#6716=VERTEX_POINT('',#6714);
#6717=VERTEX_POINT('',#6715);
#6718=CARTESIAN_POINT('',(2.375E0,2.5E0,-1.9E0));
#6719=CARTESIAN_POINT('',(2.375E0,2.E0,-1.9E0));
#6720=VERTEX_POINT('',#6718);
#6721=VERTEX_POINT('',#6719);
#6722=CARTESIAN_POINT('',(3.975E0,2.5E0,-2.8E0));
#6723=VERTEX_POINT('',#6722);
#6724=CARTESIAN_POINT('',(2.375E0,2.5E0,-2.8E0));
#6725=VERTEX_POINT('',#6724);
#6726=CARTESIAN_POINT('',(4.87E0,-1.05E0,-1.E-1));
#6727=CARTESIAN_POINT('',(4.87E0,-4.5E-1,-1.E-1));
#6728=VERTEX_POINT('',#6726);
#6729=VERTEX_POINT('',#6727);
#6730=CARTESIAN_POINT('',(4.645E0,-4.5E-1,-1.E-1));
#6731=VERTEX_POINT('',#6730);
#6732=CARTESIAN_POINT('',(4.645E0,0.E0,-1.E-1));
#6733=VERTEX_POINT('',#6732);
#6734=CARTESIAN_POINT('',(4.245E0,0.E0,-1.E-1));
#6735=VERTEX_POINT('',#6734);
#6736=CARTESIAN_POINT('',(4.245E0,-4.5E-1,-1.E-1));
#6737=VERTEX_POINT('',#6736);
#6738=CARTESIAN_POINT('',(4.02E0,-4.5E-1,-1.E-1));
#6739=VERTEX_POINT('',#6738);
#6740=CARTESIAN_POINT('',(4.02E0,-1.05E0,-1.E-1));
#6741=VERTEX_POINT('',#6740);
#6742=CARTESIAN_POINT('',(4.245E0,-1.05E0,-1.E-1));
#6743=VERTEX_POINT('',#6742);
#6744=CARTESIAN_POINT('',(4.245E0,-1.5E0,-1.E-1));
#6745=VERTEX_POINT('',#6744);
#6746=CARTESIAN_POINT('',(4.645E0,-1.5E0,-1.E-1));
#6747=VERTEX_POINT('',#6746);
#6748=CARTESIAN_POINT('',(4.645E0,-1.05E0,-1.E-1));
#6749=VERTEX_POINT('',#6748);
#6750=CARTESIAN_POINT('',(2.975E0,0.E0,-1.E-1));
#6751=CARTESIAN_POINT('',(3.375E0,0.E0,-1.E-1));
#6752=VERTEX_POINT('',#6750);
#6753=VERTEX_POINT('',#6751);
#6754=CARTESIAN_POINT('',(3.375E0,4.5E-1,-1.E-1));
#6755=VERTEX_POINT('',#6754);
#6756=CARTESIAN_POINT('',(3.6E0,4.5E-1,-1.E-1));
#6757=VERTEX_POINT('',#6756);
#6758=CARTESIAN_POINT('',(3.6E0,1.05E0,-1.E-1));
#6759=VERTEX_POINT('',#6758);
#6760=CARTESIAN_POINT('',(3.375E0,1.05E0,-1.E-1));
#6761=VERTEX_POINT('',#6760);
#6762=CARTESIAN_POINT('',(3.375E0,1.5E0,-1.E-1));
#6763=VERTEX_POINT('',#6762);
#6764=CARTESIAN_POINT('',(2.975E0,1.5E0,-1.E-1));
#6765=VERTEX_POINT('',#6764);
#6766=CARTESIAN_POINT('',(2.975E0,1.05E0,-1.E-1));
#6767=VERTEX_POINT('',#6766);
#6768=CARTESIAN_POINT('',(2.75E0,1.05E0,-1.E-1));
#6769=VERTEX_POINT('',#6768);
#6770=CARTESIAN_POINT('',(2.75E0,4.5E-1,-1.E-1));
#6771=VERTEX_POINT('',#6770);
#6772=CARTESIAN_POINT('',(2.975E0,4.5E-1,-1.E-1));
#6773=VERTEX_POINT('',#6772);
#6774=CARTESIAN_POINT('',(4.87E0,-1.05E0,0.E0));
#6775=CARTESIAN_POINT('',(4.87E0,-4.5E-1,0.E0));
#6776=VERTEX_POINT('',#6774);
#6777=VERTEX_POINT('',#6775);
#6778=CARTESIAN_POINT('',(4.645E0,-4.5E-1,0.E0));
#6779=VERTEX_POINT('',#6778);
#6780=CARTESIAN_POINT('',(4.645E0,0.E0,0.E0));
#6781=VERTEX_POINT('',#6780);
#6782=CARTESIAN_POINT('',(4.245E0,0.E0,0.E0));
#6783=VERTEX_POINT('',#6782);
#6784=CARTESIAN_POINT('',(4.245E0,-4.5E-1,0.E0));
#6785=VERTEX_POINT('',#6784);
#6786=CARTESIAN_POINT('',(4.02E0,-4.5E-1,0.E0));
#6787=VERTEX_POINT('',#6786);
#6788=CARTESIAN_POINT('',(4.02E0,-1.05E0,0.E0));
#6789=VERTEX_POINT('',#6788);
#6790=CARTESIAN_POINT('',(4.245E0,-1.05E0,0.E0));
#6791=VERTEX_POINT('',#6790);
#6792=CARTESIAN_POINT('',(4.245E0,-1.5E0,0.E0));
#6793=VERTEX_POINT('',#6792);
#6794=CARTESIAN_POINT('',(4.645E0,-1.5E0,0.E0));
#6795=VERTEX_POINT('',#6794);
#6796=CARTESIAN_POINT('',(4.645E0,-1.05E0,0.E0));
#6797=VERTEX_POINT('',#6796);
#6798=CARTESIAN_POINT('',(2.975E0,0.E0,0.E0));
#6799=CARTESIAN_POINT('',(3.375E0,0.E0,0.E0));
#6800=VERTEX_POINT('',#6798);
#6801=VERTEX_POINT('',#6799);
#6802=CARTESIAN_POINT('',(3.375E0,4.5E-1,0.E0));
#6803=VERTEX_POINT('',#6802);
#6804=CARTESIAN_POINT('',(3.6E0,4.5E-1,0.E0));
#6805=VERTEX_POINT('',#6804);
#6806=CARTESIAN_POINT('',(3.6E0,1.05E0,0.E0));
#6807=VERTEX_POINT('',#6806);
#6808=CARTESIAN_POINT('',(3.375E0,1.05E0,0.E0));
#6809=VERTEX_POINT('',#6808);
#6810=CARTESIAN_POINT('',(3.375E0,1.5E0,0.E0));
#6811=VERTEX_POINT('',#6810);
#6812=CARTESIAN_POINT('',(2.975E0,1.5E0,0.E0));
#6813=VERTEX_POINT('',#6812);
#6814=CARTESIAN_POINT('',(2.975E0,1.05E0,0.E0));
#6815=VERTEX_POINT('',#6814);
#6816=CARTESIAN_POINT('',(2.75E0,1.05E0,0.E0));
#6817=VERTEX_POINT('',#6816);
#6818=CARTESIAN_POINT('',(2.75E0,4.5E-1,0.E0));
#6819=VERTEX_POINT('',#6818);
#6820=CARTESIAN_POINT('',(2.975E0,4.5E-1,0.E0));
#6821=VERTEX_POINT('',#6820);
#6822=CARTESIAN_POINT('',(4.32E0,-2.678163280939E0,-4.361034692792E0));
#6823=CARTESIAN_POINT('',(4.32E0,-2.820299972800E0,-4.515753674556E0));
#6824=VERTEX_POINT('',#6822);
#6825=VERTEX_POINT('',#6823);
#6826=CARTESIAN_POINT('',(4.32E0,-3.296120155950E0,-4.540474314039E0));
#6827=VERTEX_POINT('',#6826);
#6828=CARTESIAN_POINT('',(4.32E0,-3.438243829040E0,-4.684969480476E0));
#6829=VERTEX_POINT('',#6828);
#6830=CARTESIAN_POINT('',(4.32E0,-3.454213005893E0,-5.136406047787E0));
#6831=VERTEX_POINT('',#6830);
#6832=CARTESIAN_POINT('',(4.32E0,-3.296524202396E0,-5.291506820434E0));
#6833=VERTEX_POINT('',#6832);
#6834=CARTESIAN_POINT('',(4.32E0,-1.325094247350E0,-5.189083655316E0));
#6835=VERTEX_POINT('',#6834);
#6836=CARTESIAN_POINT('',(4.32E0,-1.01E0,-4.895520147902E0));
#6837=VERTEX_POINT('',#6836);
#6838=CARTESIAN_POINT('',(4.32E0,5.301042674517E-1,-4.95E0));
#6839=VERTEX_POINT('',#6838);
#6840=CARTESIAN_POINT('',(4.32E0,6.788329112097E-1,-4.844014465627E0));
#6841=VERTEX_POINT('',#6840);
#6842=CARTESIAN_POINT('',(4.32E0,6.965741593466E-1,-4.786079296080E0));
#6843=VERTEX_POINT('',#6842);
#6844=CARTESIAN_POINT('',(4.32E0,9.848888739434E-1,-4.791177143235E0));
#6845=VERTEX_POINT('',#6844);
#6846=CARTESIAN_POINT('',(4.32E0,9.976555044067E-1,-4.838822856765E0));
#6847=VERTEX_POINT('',#6846);
#6848=CARTESIAN_POINT('',(4.32E0,1.599417145877E0,-4.95E0));
#6849=CARTESIAN_POINT('',(4.32E0,1.744306019820E0,-4.838822856765E0));
#6850=VERTEX_POINT('',#6848);
#6851=VERTEX_POINT('',#6849);
#6852=CARTESIAN_POINT('',(4.32E0,1.765111126057E0,-4.761177143235E0));
#6853=VERTEX_POINT('',#6852);
#6854=CARTESIAN_POINT('',(4.32E0,2.06E0,-4.8E0));
#6855=VERTEX_POINT('',#6854);
#6856=CARTESIAN_POINT('',(4.32E0,2.06E0,-4.85E0));
#6857=CARTESIAN_POINT('',(4.32E0,2.66E0,-4.85E0));
#6858=VERTEX_POINT('',#6856);
#6859=VERTEX_POINT('',#6857);
#6860=CARTESIAN_POINT('',(4.32E0,2.66E0,-4.317106781187E0));
#6861=VERTEX_POINT('',#6860);
#6862=CARTESIAN_POINT('',(4.32E0,1.936446609407E0,-3.593553390593E0));
#6863=VERTEX_POINT('',#6862);
#6864=CARTESIAN_POINT('',(4.57E0,-2.678163280939E0,-4.361034692792E0));
#6865=CARTESIAN_POINT('',(4.57E0,-2.820299972800E0,-4.515753674556E0));
#6866=VERTEX_POINT('',#6864);
#6867=VERTEX_POINT('',#6865);
#6868=CARTESIAN_POINT('',(4.57E0,-3.296120155950E0,-4.540474314039E0));
#6869=VERTEX_POINT('',#6868);
#6870=CARTESIAN_POINT('',(4.57E0,-3.438243829040E0,-4.684969480476E0));
#6871=VERTEX_POINT('',#6870);
#6872=CARTESIAN_POINT('',(4.57E0,-3.454213005893E0,-5.136406047787E0));
#6873=VERTEX_POINT('',#6872);
#6874=CARTESIAN_POINT('',(4.57E0,-3.296524202396E0,-5.291506820434E0));
#6875=VERTEX_POINT('',#6874);
#6876=CARTESIAN_POINT('',(4.57E0,-1.325094247350E0,-5.189083655316E0));
#6877=VERTEX_POINT('',#6876);
#6878=CARTESIAN_POINT('',(4.57E0,-1.01E0,-4.895520147902E0));
#6879=VERTEX_POINT('',#6878);
#6880=CARTESIAN_POINT('',(4.57E0,5.301042674517E-1,-4.95E0));
#6881=VERTEX_POINT('',#6880);
#6882=CARTESIAN_POINT('',(4.57E0,6.788329112097E-1,-4.844014465627E0));
#6883=VERTEX_POINT('',#6882);
#6884=CARTESIAN_POINT('',(4.57E0,6.965741593466E-1,-4.786079296080E0));
#6885=VERTEX_POINT('',#6884);
#6886=CARTESIAN_POINT('',(4.57E0,9.848888739434E-1,-4.791177143235E0));
#6887=VERTEX_POINT('',#6886);
#6888=CARTESIAN_POINT('',(4.57E0,9.976555044067E-1,-4.838822856765E0));
#6889=VERTEX_POINT('',#6888);
#6890=CARTESIAN_POINT('',(4.57E0,1.599417145877E0,-4.95E0));
#6891=CARTESIAN_POINT('',(4.57E0,1.744306019820E0,-4.838822856765E0));
#6892=VERTEX_POINT('',#6890);
#6893=VERTEX_POINT('',#6891);
#6894=CARTESIAN_POINT('',(4.57E0,1.765111126057E0,-4.761177143235E0));
#6895=VERTEX_POINT('',#6894);
#6896=CARTESIAN_POINT('',(4.57E0,2.06E0,-4.8E0));
#6897=VERTEX_POINT('',#6896);
#6898=CARTESIAN_POINT('',(4.57E0,2.06E0,-4.85E0));
#6899=CARTESIAN_POINT('',(4.57E0,2.66E0,-4.85E0));
#6900=VERTEX_POINT('',#6898);
#6901=VERTEX_POINT('',#6899);
#6902=CARTESIAN_POINT('',(4.57E0,2.66E0,-4.317106781187E0));
#6903=VERTEX_POINT('',#6902);
#6904=CARTESIAN_POINT('',(4.57E0,1.936446609407E0,-3.593553390593E0));
#6905=VERTEX_POINT('',#6904);
#6906=CARTESIAN_POINT('',(4.32E0,-1.61E0,-3.55E0));
#6907=CARTESIAN_POINT('',(4.57E0,-1.61E0,-3.55E0));
#6908=VERTEX_POINT('',#6906);
#6909=VERTEX_POINT('',#6907);
#6910=CARTESIAN_POINT('',(4.32E0,6.177825652032E-1,-4.189797969542E0));
#6911=CARTESIAN_POINT('',(4.57E0,6.177825652032E-1,-4.189797969542E0));
#6912=VERTEX_POINT('',#6910);
#6913=VERTEX_POINT('',#6911);
#6914=CARTESIAN_POINT('',(4.32E0,-1.61E0,-3.5E0));
#6915=CARTESIAN_POINT('',(4.32E0,-1.5E0,-3.5E0));
#6916=VERTEX_POINT('',#6914);
#6917=VERTEX_POINT('',#6915);
#6918=CARTESIAN_POINT('',(4.57E0,-1.61E0,-3.5E0));
#6919=CARTESIAN_POINT('',(4.57E0,-1.5E0,-3.5E0));
#6920=VERTEX_POINT('',#6918);
#6921=VERTEX_POINT('',#6919);
#6922=CARTESIAN_POINT('',(4.32E0,1.862916869919E0,-3.5E0));
#6923=VERTEX_POINT('',#6922);
#6924=CARTESIAN_POINT('',(4.57E0,1.862916869919E0,-3.5E0));
#6925=VERTEX_POINT('',#6924);
#6926=CARTESIAN_POINT('',(3.05E0,-1.931446609407E0,-3.596446609407E0));
#6927=CARTESIAN_POINT('',(3.05E0,-2.655E0,-4.32E0));
#6928=VERTEX_POINT('',#6926);
#6929=VERTEX_POINT('',#6927);
#6930=CARTESIAN_POINT('',(3.05E0,-2.655E0,-4.85E0));
#6931=VERTEX_POINT('',#6930);
#6932=CARTESIAN_POINT('',(3.05E0,-2.055E0,-4.85E0));
#6933=VERTEX_POINT('',#6932);
#6934=CARTESIAN_POINT('',(3.05E0,-2.055E0,-4.8E0));
#6935=CARTESIAN_POINT('',(3.05E0,-1.760111126057E0,-4.761177143235E0));
#6936=VERTEX_POINT('',#6934);
#6937=VERTEX_POINT('',#6935);
#6938=CARTESIAN_POINT('',(3.05E0,-1.739306019820E0,-4.838822856765E0));
#6939=VERTEX_POINT('',#6938);
#6940=CARTESIAN_POINT('',(3.05E0,-1.594417145877E0,-4.95E0));
#6941=VERTEX_POINT('',#6940);
#6942=CARTESIAN_POINT('',(3.05E0,-9.926555044066E-1,-4.838822856765E0));
#6943=CARTESIAN_POINT('',(3.05E0,-9.798888739434E-1,-4.791177143235E0));
#6944=VERTEX_POINT('',#6942);
#6945=VERTEX_POINT('',#6943);
#6946=CARTESIAN_POINT('',(3.05E0,-6.915919388160E-1,-4.786021278015E0));
#6947=VERTEX_POINT('',#6946);
#6948=CARTESIAN_POINT('',(3.05E0,-6.737888062933E-1,-4.844074641160E0));
#6949=VERTEX_POINT('',#6948);
#6950=CARTESIAN_POINT('',(3.05E0,-5.250172991923E-1,-4.95E0));
#6951=VERTEX_POINT('',#6950);
#6952=CARTESIAN_POINT('',(3.05E0,1.015E0,-4.894899435359E0));
#6953=VERTEX_POINT('',#6952);
#6954=CARTESIAN_POINT('',(3.05E0,1.332055554303E0,-5.190050727336E0));
#6955=CARTESIAN_POINT('',(3.05E0,3.307278034881E0,-5.291869729480E0));
#6956=VERTEX_POINT('',#6954);
#6957=VERTEX_POINT('',#6955);
#6958=CARTESIAN_POINT('',(3.05E0,3.465E0,-5.142068623827E0));
#6959=VERTEX_POINT('',#6958);
#6960=CARTESIAN_POINT('',(3.05E0,3.465E0,-4.691471148555E0));
#6961=VERTEX_POINT('',#6960);
#6962=CARTESIAN_POINT('',(3.05E0,3.322721965119E0,-4.541670042903E0));
#6963=VERTEX_POINT('',#6962);
#6964=CARTESIAN_POINT('',(3.05E0,2.857135833886E0,-4.517669953920E0));
#6965=VERTEX_POINT('',#6964);
#6966=CARTESIAN_POINT('',(3.05E0,2.715E0,-4.361338911258E0));
#6967=VERTEX_POINT('',#6966);
#6968=CARTESIAN_POINT('',(3.05E0,1.588603896932E0,-3.8E0));
#6969=CARTESIAN_POINT('',(3.05E0,1.906801948466E0,-3.668198051534E0));
#6970=VERTEX_POINT('',#6968);
#6971=VERTEX_POINT('',#6969);
#6972=CARTESIAN_POINT('',(3.05E0,2.025E0,-3.55E0));
#6973=VERTEX_POINT('',#6972);
#6974=CARTESIAN_POINT('',(3.3E0,-1.931446609407E0,-3.596446609407E0));
#6975=CARTESIAN_POINT('',(3.3E0,-2.655E0,-4.32E0));
#6976=VERTEX_POINT('',#6974);
#6977=VERTEX_POINT('',#6975);
#6978=CARTESIAN_POINT('',(3.3E0,-2.655E0,-4.85E0));
#6979=VERTEX_POINT('',#6978);
#6980=CARTESIAN_POINT('',(3.3E0,-2.055E0,-4.85E0));
#6981=VERTEX_POINT('',#6980);
#6982=CARTESIAN_POINT('',(3.3E0,-2.055E0,-4.8E0));
#6983=CARTESIAN_POINT('',(3.3E0,-1.760111126057E0,-4.761177143235E0));
#6984=VERTEX_POINT('',#6982);
#6985=VERTEX_POINT('',#6983);
#6986=CARTESIAN_POINT('',(3.3E0,-1.739306019820E0,-4.838822856765E0));
#6987=VERTEX_POINT('',#6986);
#6988=CARTESIAN_POINT('',(3.3E0,-1.594417145877E0,-4.95E0));
#6989=VERTEX_POINT('',#6988);
#6990=CARTESIAN_POINT('',(3.3E0,-9.926555044066E-1,-4.838822856765E0));
#6991=CARTESIAN_POINT('',(3.3E0,-9.798888739434E-1,-4.791177143235E0));
#6992=VERTEX_POINT('',#6990);
#6993=VERTEX_POINT('',#6991);
#6994=CARTESIAN_POINT('',(3.3E0,-6.915919388160E-1,-4.786021278015E0));
#6995=VERTEX_POINT('',#6994);
#6996=CARTESIAN_POINT('',(3.3E0,-6.737888062933E-1,-4.844074641160E0));
#6997=VERTEX_POINT('',#6996);
#6998=CARTESIAN_POINT('',(3.3E0,-5.250172991923E-1,-4.95E0));
#6999=VERTEX_POINT('',#6998);
#7000=CARTESIAN_POINT('',(3.3E0,1.015E0,-4.894899435359E0));
#7001=VERTEX_POINT('',#7000);
#7002=CARTESIAN_POINT('',(3.3E0,1.332055554303E0,-5.190050727336E0));
#7003=CARTESIAN_POINT('',(3.3E0,3.307278034881E0,-5.291869729480E0));
#7004=VERTEX_POINT('',#7002);
#7005=VERTEX_POINT('',#7003);
#7006=CARTESIAN_POINT('',(3.3E0,3.465E0,-5.142068623827E0));
#7007=VERTEX_POINT('',#7006);
#7008=CARTESIAN_POINT('',(3.3E0,3.465E0,-4.691471148555E0));
#7009=VERTEX_POINT('',#7008);
#7010=CARTESIAN_POINT('',(3.3E0,3.322721965119E0,-4.541670042903E0));
#7011=VERTEX_POINT('',#7010);
#7012=CARTESIAN_POINT('',(3.3E0,2.857135833886E0,-4.517669953920E0));
#7013=VERTEX_POINT('',#7012);
#7014=CARTESIAN_POINT('',(3.3E0,2.715E0,-4.361338911258E0));
#7015=VERTEX_POINT('',#7014);
#7016=CARTESIAN_POINT('',(3.3E0,1.588603896932E0,-3.8E0));
#7017=CARTESIAN_POINT('',(3.3E0,1.906801948466E0,-3.668198051534E0));
#7018=VERTEX_POINT('',#7016);
#7019=VERTEX_POINT('',#7017);
#7020=CARTESIAN_POINT('',(3.3E0,2.025E0,-3.55E0));
#7021=VERTEX_POINT('',#7020);
#7022=CARTESIAN_POINT('',(3.05E0,-6.127219651191E-1,-4.189801105652E0));
#7023=CARTESIAN_POINT('',(3.3E0,-6.127219651191E-1,-4.189801105652E0));
#7024=VERTEX_POINT('',#7022);
#7025=VERTEX_POINT('',#7023);
#7026=CARTESIAN_POINT('',(3.05E0,-1.856168910796E0,-3.5E0));
#7027=CARTESIAN_POINT('',(3.05E0,-1.5E0,-3.5E0));
#7028=VERTEX_POINT('',#7026);
#7029=VERTEX_POINT('',#7027);
#7030=CARTESIAN_POINT('',(3.3E0,-1.856168910796E0,-3.5E0));
#7031=CARTESIAN_POINT('',(3.3E0,-1.5E0,-3.5E0));
#7032=VERTEX_POINT('',#7030);
#7033=VERTEX_POINT('',#7031);
#7034=CARTESIAN_POINT('',(3.05E0,2.025E0,-3.5E0));
#7035=CARTESIAN_POINT('',(3.3E0,2.025E0,-3.5E0));
#7036=VERTEX_POINT('',#7034);
#7037=VERTEX_POINT('',#7035);
#7038=CARTESIAN_POINT('',(4.32E0,1.5E0,-3.5E0));
#7039=VERTEX_POINT('',#7038);
#7040=CARTESIAN_POINT('',(4.57E0,1.5E0,-3.5E0));
#7041=VERTEX_POINT('',#7040);
#7042=CARTESIAN_POINT('',(4.32E0,-1.5E0,-3.66E0));
#7043=VERTEX_POINT('',#7042);
#7044=CARTESIAN_POINT('',(4.32E0,-1.5E0,-4.299824700547E0));
#7045=CARTESIAN_POINT('',(4.32E0,-1.5E0,-5.E0));
#7046=VERTEX_POINT('',#7044);
#7047=VERTEX_POINT('',#7045);
#7048=CARTESIAN_POINT('',(4.57E0,-1.5E0,-3.66E0));
#7049=VERTEX_POINT('',#7048);
#7050=CARTESIAN_POINT('',(4.57E0,-1.5E0,-4.299824700547E0));
#7051=CARTESIAN_POINT('',(4.57E0,-1.5E0,-5.E0));
#7052=VERTEX_POINT('',#7050);
#7053=VERTEX_POINT('',#7051);
#7054=CARTESIAN_POINT('',(4.32E0,-1.127350269190E0,-5.E0));
#7055=CARTESIAN_POINT('',(4.32E0,-6.990798656955E-1,-4.258213901770E0));
#7056=VERTEX_POINT('',#7054);
#7057=VERTEX_POINT('',#7055);
#7058=CARTESIAN_POINT('',(4.57E0,-1.127350269190E0,-5.E0));
#7059=CARTESIAN_POINT('',(4.57E0,-6.990798656955E-1,-4.258213901770E0));
#7060=VERTEX_POINT('',#7058);
#7061=VERTEX_POINT('',#7059);
#7062=CARTESIAN_POINT('',(4.32E0,6.555981666236E-1,-4.182901389778E0));
#7063=CARTESIAN_POINT('',(4.32E0,1.093778251239E0,-4.941851559197E0));
#7064=VERTEX_POINT('',#7062);
#7065=VERTEX_POINT('',#7063);
#7066=CARTESIAN_POINT('',(4.57E0,6.555981666236E-1,-4.182901389778E0));
#7067=CARTESIAN_POINT('',(4.57E0,1.093778251239E0,-4.941851559197E0));
#7068=VERTEX_POINT('',#7066);
#7069=VERTEX_POINT('',#7067);
#7070=CARTESIAN_POINT('',(4.32E0,1.5E0,-4.95E0));
#7071=VERTEX_POINT('',#7070);
#7072=CARTESIAN_POINT('',(4.57E0,1.5E0,-4.95E0));
#7073=VERTEX_POINT('',#7072);
#7074=CARTESIAN_POINT('',(3.05E0,1.5E0,-3.5E0));
#7075=VERTEX_POINT('',#7074);
#7076=CARTESIAN_POINT('',(3.3E0,1.5E0,-3.5E0));
#7077=VERTEX_POINT('',#7076);
#7078=CARTESIAN_POINT('',(3.05E0,-1.5E0,-4.95E0));
#7079=VERTEX_POINT('',#7078);
#7080=CARTESIAN_POINT('',(3.3E0,-1.5E0,-4.95E0));
#7081=VERTEX_POINT('',#7080);
#7082=CARTESIAN_POINT('',(3.05E0,-1.094911148825E0,-4.943813795375E0));
#7083=CARTESIAN_POINT('',(3.05E0,-6.547870358838E-1,-4.181496470125E0));
#7084=VERTEX_POINT('',#7082);
#7085=VERTEX_POINT('',#7083);
#7086=CARTESIAN_POINT('',(3.3E0,-1.094911148825E0,-4.943813795375E0));
#7087=CARTESIAN_POINT('',(3.3E0,-6.547870358838E-1,-4.181496470125E0));
#7088=VERTEX_POINT('',#7086);
#7089=VERTEX_POINT('',#7087);
#7090=CARTESIAN_POINT('',(3.05E0,6.986086494748E-1,-4.257397731335E0));
#7091=CARTESIAN_POINT('',(3.05E0,1.126710948503E0,-4.998892664088E0));
#7092=VERTEX_POINT('',#7090);
#7093=VERTEX_POINT('',#7091);
#7094=CARTESIAN_POINT('',(3.3E0,6.986086494748E-1,-4.257397731335E0));
#7095=CARTESIAN_POINT('',(3.3E0,1.126710948503E0,-4.998892664088E0));
#7096=VERTEX_POINT('',#7094);
#7097=VERTEX_POINT('',#7095);
#7098=CARTESIAN_POINT('',(3.05E0,1.5E0,-5.E0));
#7099=CARTESIAN_POINT('',(3.05E0,1.5E0,-4.298707947495E0));
#7100=VERTEX_POINT('',#7098);
#7101=VERTEX_POINT('',#7099);
#7102=CARTESIAN_POINT('',(3.05E0,1.5E0,-3.8E0));
#7103=VERTEX_POINT('',#7102);
#7104=CARTESIAN_POINT('',(3.3E0,1.5E0,-5.E0));
#7105=CARTESIAN_POINT('',(3.3E0,1.5E0,-4.298707947495E0));
#7106=VERTEX_POINT('',#7104);
#7107=VERTEX_POINT('',#7105);
#7108=CARTESIAN_POINT('',(3.3E0,1.5E0,-3.8E0));
#7109=VERTEX_POINT('',#7108);
#7110=CARTESIAN_POINT('',(3.05E0,1.127900463883E0,-5.E0));
#7111=VERTEX_POINT('',#7110);
#7112=CARTESIAN_POINT('',(3.3E0,1.127900463883E0,-5.E0));
#7113=VERTEX_POINT('',#7112);
#7114=CARTESIAN_POINT('',(2.33E0,-1.05E0,-1.E-1));
#7115=CARTESIAN_POINT('',(2.33E0,-4.5E-1,-1.E-1));
#7116=VERTEX_POINT('',#7114);
#7117=VERTEX_POINT('',#7115);
#7118=CARTESIAN_POINT('',(2.105E0,-4.5E-1,-1.E-1));
#7119=VERTEX_POINT('',#7118);
#7120=CARTESIAN_POINT('',(2.105E0,0.E0,-1.E-1));
#7121=VERTEX_POINT('',#7120);
#7122=CARTESIAN_POINT('',(1.705E0,0.E0,-1.E-1));
#7123=VERTEX_POINT('',#7122);
#7124=CARTESIAN_POINT('',(1.705E0,-4.5E-1,-1.E-1));
#7125=VERTEX_POINT('',#7124);
#7126=CARTESIAN_POINT('',(1.48E0,-4.5E-1,-1.E-1));
#7127=VERTEX_POINT('',#7126);
#7128=CARTESIAN_POINT('',(1.48E0,-1.05E0,-1.E-1));
#7129=VERTEX_POINT('',#7128);
#7130=CARTESIAN_POINT('',(1.705E0,-1.05E0,-1.E-1));
#7131=VERTEX_POINT('',#7130);
#7132=CARTESIAN_POINT('',(1.705E0,-1.5E0,-1.E-1));
#7133=VERTEX_POINT('',#7132);
#7134=CARTESIAN_POINT('',(2.105E0,-1.5E0,-1.E-1));
#7135=VERTEX_POINT('',#7134);
#7136=CARTESIAN_POINT('',(2.105E0,-1.05E0,-1.E-1));
#7137=VERTEX_POINT('',#7136);
#7138=CARTESIAN_POINT('',(4.35E-1,0.E0,-1.E-1));
#7139=CARTESIAN_POINT('',(8.35E-1,0.E0,-1.E-1));
#7140=VERTEX_POINT('',#7138);
#7141=VERTEX_POINT('',#7139);
#7142=CARTESIAN_POINT('',(8.35E-1,4.5E-1,-1.E-1));
#7143=VERTEX_POINT('',#7142);
#7144=CARTESIAN_POINT('',(1.06E0,4.5E-1,-1.E-1));
#7145=VERTEX_POINT('',#7144);
#7146=CARTESIAN_POINT('',(1.06E0,1.05E0,-1.E-1));
#7147=VERTEX_POINT('',#7146);
#7148=CARTESIAN_POINT('',(8.35E-1,1.05E0,-1.E-1));
#7149=VERTEX_POINT('',#7148);
#7150=CARTESIAN_POINT('',(8.35E-1,1.5E0,-1.E-1));
#7151=VERTEX_POINT('',#7150);
#7152=CARTESIAN_POINT('',(4.35E-1,1.5E0,-1.E-1));
#7153=VERTEX_POINT('',#7152);
#7154=CARTESIAN_POINT('',(4.35E-1,1.05E0,-1.E-1));
#7155=VERTEX_POINT('',#7154);
#7156=CARTESIAN_POINT('',(2.1E-1,1.05E0,-1.E-1));
#7157=VERTEX_POINT('',#7156);
#7158=CARTESIAN_POINT('',(2.1E-1,4.5E-1,-1.E-1));
#7159=VERTEX_POINT('',#7158);
#7160=CARTESIAN_POINT('',(4.35E-1,4.5E-1,-1.E-1));
#7161=VERTEX_POINT('',#7160);
#7162=CARTESIAN_POINT('',(2.33E0,-1.05E0,0.E0));
#7163=VERTEX_POINT('',#7162);
#7164=CARTESIAN_POINT('',(2.33E0,-4.5E-1,0.E0));
#7165=VERTEX_POINT('',#7164);
#7166=CARTESIAN_POINT('',(2.105E0,-4.5E-1,0.E0));
#7167=VERTEX_POINT('',#7166);
#7168=CARTESIAN_POINT('',(2.105E0,0.E0,0.E0));
#7169=VERTEX_POINT('',#7168);
#7170=CARTESIAN_POINT('',(1.705E0,0.E0,0.E0));
#7171=VERTEX_POINT('',#7170);
#7172=CARTESIAN_POINT('',(1.705E0,-4.5E-1,0.E0));
#7173=VERTEX_POINT('',#7172);
#7174=CARTESIAN_POINT('',(1.48E0,-4.5E-1,0.E0));
#7175=VERTEX_POINT('',#7174);
#7176=CARTESIAN_POINT('',(1.48E0,-1.05E0,0.E0));
#7177=VERTEX_POINT('',#7176);
#7178=CARTESIAN_POINT('',(1.705E0,-1.05E0,0.E0));
#7179=VERTEX_POINT('',#7178);
#7180=CARTESIAN_POINT('',(1.705E0,-1.5E0,0.E0));
#7181=VERTEX_POINT('',#7180);
#7182=CARTESIAN_POINT('',(2.105E0,-1.5E0,0.E0));
#7183=VERTEX_POINT('',#7182);
#7184=CARTESIAN_POINT('',(2.105E0,-1.05E0,0.E0));
#7185=VERTEX_POINT('',#7184);
#7186=CARTESIAN_POINT('',(4.35E-1,0.E0,0.E0));
#7187=VERTEX_POINT('',#7186);
#7188=CARTESIAN_POINT('',(8.35E-1,0.E0,0.E0));
#7189=VERTEX_POINT('',#7188);
#7190=CARTESIAN_POINT('',(8.35E-1,4.5E-1,0.E0));
#7191=VERTEX_POINT('',#7190);
#7192=CARTESIAN_POINT('',(1.06E0,4.5E-1,0.E0));
#7193=VERTEX_POINT('',#7192);
#7194=CARTESIAN_POINT('',(1.06E0,1.05E0,0.E0));
#7195=VERTEX_POINT('',#7194);
#7196=CARTESIAN_POINT('',(8.35E-1,1.05E0,0.E0));
#7197=VERTEX_POINT('',#7196);
#7198=CARTESIAN_POINT('',(8.35E-1,1.5E0,0.E0));
#7199=VERTEX_POINT('',#7198);
#7200=CARTESIAN_POINT('',(4.35E-1,1.5E0,0.E0));
#7201=VERTEX_POINT('',#7200);
#7202=CARTESIAN_POINT('',(4.35E-1,1.05E0,0.E0));
#7203=VERTEX_POINT('',#7202);
#7204=CARTESIAN_POINT('',(2.1E-1,1.05E0,0.E0));
#7205=VERTEX_POINT('',#7204);
#7206=CARTESIAN_POINT('',(2.1E-1,4.5E-1,0.E0));
#7207=VERTEX_POINT('',#7206);
#7208=CARTESIAN_POINT('',(4.35E-1,4.5E-1,0.E0));
#7209=VERTEX_POINT('',#7208);
#7210=CARTESIAN_POINT('',(2.705E0,-2.275852590392E0,-2.8E0));
#7211=CARTESIAN_POINT('',(2.705E0,-2.026047134540E0,-2.559860741678E0));
#7212=VERTEX_POINT('',#7210);
#7213=VERTEX_POINT('',#7211);
#7214=CARTESIAN_POINT('',(1.105E0,-2.275852590392E0,-2.8E0));
#7215=CARTESIAN_POINT('',(1.105E0,-2.026047134540E0,-2.559860741678E0));
#7216=VERTEX_POINT('',#7214);
#7217=VERTEX_POINT('',#7215);
#7218=CARTESIAN_POINT('',(2.705E0,-2.5E0,-2.8E0));
#7219=VERTEX_POINT('',#7218);
#7220=CARTESIAN_POINT('',(2.705E0,-2.E0,-1.9E0));
#7221=VERTEX_POINT('',#7220);
#7222=CARTESIAN_POINT('',(1.105E0,-2.5E0,-2.8E0));
#7223=VERTEX_POINT('',#7222);
#7224=CARTESIAN_POINT('',(1.105E0,-2.E0,-1.9E0));
#7225=VERTEX_POINT('',#7224);
#7226=CARTESIAN_POINT('',(1.435E0,2.026047134540E0,-2.559860741678E0));
#7227=CARTESIAN_POINT('',(1.435E0,2.275852590392E0,-2.8E0));
#7228=VERTEX_POINT('',#7226);
#7229=VERTEX_POINT('',#7227);
#7230=CARTESIAN_POINT('',(-1.65E-1,2.026047134540E0,-2.559860741678E0));
#7231=CARTESIAN_POINT('',(-1.65E-1,2.275852590392E0,-2.8E0));
#7232=VERTEX_POINT('',#7230);
#7233=VERTEX_POINT('',#7231);
#7234=CARTESIAN_POINT('',(1.435E0,2.E0,-1.9E0));
#7235=VERTEX_POINT('',#7234);
#7236=CARTESIAN_POINT('',(1.435E0,2.5E0,-2.8E0));
#7237=VERTEX_POINT('',#7236);
#7238=CARTESIAN_POINT('',(-1.65E-1,2.E0,-1.9E0));
#7239=VERTEX_POINT('',#7238);
#7240=CARTESIAN_POINT('',(-1.65E-1,2.5E0,-2.8E0));
#7241=VERTEX_POINT('',#7240);
#7242=CARTESIAN_POINT('',(1.78E0,-2.678163280939E0,-4.361034692792E0));
#7243=CARTESIAN_POINT('',(1.78E0,-2.820299972800E0,-4.515753674556E0));
#7244=VERTEX_POINT('',#7242);
#7245=VERTEX_POINT('',#7243);
#7246=CARTESIAN_POINT('',(1.78E0,-3.296120155950E0,-4.540474314039E0));
#7247=VERTEX_POINT('',#7246);
#7248=CARTESIAN_POINT('',(1.78E0,-3.438243829040E0,-4.684969480476E0));
#7249=VERTEX_POINT('',#7248);
#7250=CARTESIAN_POINT('',(1.78E0,-3.454213005893E0,-5.136406047787E0));
#7251=VERTEX_POINT('',#7250);
#7252=CARTESIAN_POINT('',(1.78E0,-3.296524202396E0,-5.291506820434E0));
#7253=VERTEX_POINT('',#7252);
#7254=CARTESIAN_POINT('',(1.78E0,-1.325094247350E0,-5.189083655316E0));
#7255=VERTEX_POINT('',#7254);
#7256=CARTESIAN_POINT('',(1.78E0,-1.01E0,-4.895520147902E0));
#7257=VERTEX_POINT('',#7256);
#7258=CARTESIAN_POINT('',(1.78E0,5.301042674517E-1,-4.95E0));
#7259=VERTEX_POINT('',#7258);
#7260=CARTESIAN_POINT('',(1.78E0,6.788329112097E-1,-4.844014465627E0));
#7261=VERTEX_POINT('',#7260);
#7262=CARTESIAN_POINT('',(1.78E0,6.965741593466E-1,-4.786079296080E0));
#7263=VERTEX_POINT('',#7262);
#7264=CARTESIAN_POINT('',(1.78E0,9.848888739434E-1,-4.791177143235E0));
#7265=VERTEX_POINT('',#7264);
#7266=CARTESIAN_POINT('',(1.78E0,9.976555044067E-1,-4.838822856765E0));
#7267=VERTEX_POINT('',#7266);
#7268=CARTESIAN_POINT('',(1.78E0,1.599417145877E0,-4.95E0));
#7269=CARTESIAN_POINT('',(1.78E0,1.744306019820E0,-4.838822856765E0));
#7270=VERTEX_POINT('',#7268);
#7271=VERTEX_POINT('',#7269);
#7272=CARTESIAN_POINT('',(1.78E0,1.765111126057E0,-4.761177143235E0));
#7273=VERTEX_POINT('',#7272);
#7274=CARTESIAN_POINT('',(1.78E0,2.06E0,-4.8E0));
#7275=VERTEX_POINT('',#7274);
#7276=CARTESIAN_POINT('',(1.78E0,2.06E0,-4.85E0));
#7277=CARTESIAN_POINT('',(1.78E0,2.66E0,-4.85E0));
#7278=VERTEX_POINT('',#7276);
#7279=VERTEX_POINT('',#7277);
#7280=CARTESIAN_POINT('',(1.78E0,2.66E0,-4.317106781187E0));
#7281=VERTEX_POINT('',#7280);
#7282=CARTESIAN_POINT('',(1.78E0,1.936446609407E0,-3.593553390593E0));
#7283=VERTEX_POINT('',#7282);
#7284=CARTESIAN_POINT('',(2.03E0,-2.678163280939E0,-4.361034692792E0));
#7285=CARTESIAN_POINT('',(2.03E0,-2.820299972800E0,-4.515753674556E0));
#7286=VERTEX_POINT('',#7284);
#7287=VERTEX_POINT('',#7285);
#7288=CARTESIAN_POINT('',(2.03E0,-3.296120155950E0,-4.540474314039E0));
#7289=VERTEX_POINT('',#7288);
#7290=CARTESIAN_POINT('',(2.03E0,-3.438243829040E0,-4.684969480476E0));
#7291=VERTEX_POINT('',#7290);
#7292=CARTESIAN_POINT('',(2.03E0,-3.454213005893E0,-5.136406047787E0));
#7293=VERTEX_POINT('',#7292);
#7294=CARTESIAN_POINT('',(2.03E0,-3.296524202396E0,-5.291506820434E0));
#7295=VERTEX_POINT('',#7294);
#7296=CARTESIAN_POINT('',(2.03E0,-1.325094247350E0,-5.189083655316E0));
#7297=VERTEX_POINT('',#7296);
#7298=CARTESIAN_POINT('',(2.03E0,-1.01E0,-4.895520147902E0));
#7299=VERTEX_POINT('',#7298);
#7300=CARTESIAN_POINT('',(2.03E0,5.301042674517E-1,-4.95E0));
#7301=VERTEX_POINT('',#7300);
#7302=CARTESIAN_POINT('',(2.03E0,6.788329112097E-1,-4.844014465627E0));
#7303=VERTEX_POINT('',#7302);
#7304=CARTESIAN_POINT('',(2.03E0,6.965741593466E-1,-4.786079296080E0));
#7305=VERTEX_POINT('',#7304);
#7306=CARTESIAN_POINT('',(2.03E0,9.848888739434E-1,-4.791177143235E0));
#7307=VERTEX_POINT('',#7306);
#7308=CARTESIAN_POINT('',(2.03E0,9.976555044067E-1,-4.838822856765E0));
#7309=VERTEX_POINT('',#7308);
#7310=CARTESIAN_POINT('',(2.03E0,1.599417145877E0,-4.95E0));
#7311=CARTESIAN_POINT('',(2.03E0,1.744306019820E0,-4.838822856765E0));
#7312=VERTEX_POINT('',#7310);
#7313=VERTEX_POINT('',#7311);
#7314=CARTESIAN_POINT('',(2.03E0,1.765111126057E0,-4.761177143235E0));
#7315=VERTEX_POINT('',#7314);
#7316=CARTESIAN_POINT('',(2.03E0,2.06E0,-4.8E0));
#7317=VERTEX_POINT('',#7316);
#7318=CARTESIAN_POINT('',(2.03E0,2.06E0,-4.85E0));
#7319=CARTESIAN_POINT('',(2.03E0,2.66E0,-4.85E0));
#7320=VERTEX_POINT('',#7318);
#7321=VERTEX_POINT('',#7319);
#7322=CARTESIAN_POINT('',(2.03E0,2.66E0,-4.317106781187E0));
#7323=VERTEX_POINT('',#7322);
#7324=CARTESIAN_POINT('',(2.03E0,1.936446609407E0,-3.593553390593E0));
#7325=VERTEX_POINT('',#7324);
#7326=CARTESIAN_POINT('',(1.78E0,-1.61E0,-3.55E0));
#7327=CARTESIAN_POINT('',(2.03E0,-1.61E0,-3.55E0));
#7328=VERTEX_POINT('',#7326);
#7329=VERTEX_POINT('',#7327);
#7330=CARTESIAN_POINT('',(1.78E0,6.177825652032E-1,-4.189797969542E0));
#7331=CARTESIAN_POINT('',(2.03E0,6.177825652032E-1,-4.189797969542E0));
#7332=VERTEX_POINT('',#7330);
#7333=VERTEX_POINT('',#7331);
#7334=CARTESIAN_POINT('',(1.78E0,1.862916869919E0,-3.5E0));
#7335=VERTEX_POINT('',#7334);
#7336=CARTESIAN_POINT('',(1.78E0,-1.61E0,-3.5E0));
#7337=VERTEX_POINT('',#7336);
#7338=CARTESIAN_POINT('',(2.03E0,1.862916869919E0,-3.5E0));
#7339=VERTEX_POINT('',#7338);
#7340=CARTESIAN_POINT('',(2.03E0,-1.61E0,-3.5E0));
#7341=VERTEX_POINT('',#7340);
#7342=CARTESIAN_POINT('',(1.78E0,-1.5E0,-3.66E0));
#7343=VERTEX_POINT('',#7342);
#7344=CARTESIAN_POINT('',(1.78E0,6.555981666236E-1,-4.182901389778E0));
#7345=VERTEX_POINT('',#7344);
#7346=CARTESIAN_POINT('',(1.78E0,-6.990798656955E-1,-4.258213901770E0));
#7347=VERTEX_POINT('',#7346);
#7348=CARTESIAN_POINT('',(1.78E0,-1.5E0,-4.299824700547E0));
#7349=VERTEX_POINT('',#7348);
#7350=CARTESIAN_POINT('',(2.03E0,-1.5E0,-3.66E0));
#7351=VERTEX_POINT('',#7350);
#7352=CARTESIAN_POINT('',(2.03E0,6.555981666236E-1,-4.182901389778E0));
#7353=VERTEX_POINT('',#7352);
#7354=CARTESIAN_POINT('',(2.03E0,-6.990798656955E-1,-4.258213901770E0));
#7355=VERTEX_POINT('',#7354);
#7356=CARTESIAN_POINT('',(2.03E0,-1.5E0,-4.299824700547E0));
#7357=VERTEX_POINT('',#7356);
#7358=CARTESIAN_POINT('',(1.78E0,1.093778251239E0,-4.941851559197E0));
#7359=VERTEX_POINT('',#7358);
#7360=CARTESIAN_POINT('',(1.78E0,1.5E0,-4.95E0));
#7361=VERTEX_POINT('',#7360);
#7362=CARTESIAN_POINT('',(2.03E0,1.093778251239E0,-4.941851559197E0));
#7363=VERTEX_POINT('',#7362);
#7364=CARTESIAN_POINT('',(2.03E0,1.5E0,-4.95E0));
#7365=VERTEX_POINT('',#7364);
#7366=CARTESIAN_POINT('',(5.1E-1,-1.931446609407E0,-3.596446609407E0));
#7367=CARTESIAN_POINT('',(5.1E-1,-2.655E0,-4.32E0));
#7368=VERTEX_POINT('',#7366);
#7369=VERTEX_POINT('',#7367);
#7370=CARTESIAN_POINT('',(5.1E-1,-2.655E0,-4.85E0));
#7371=VERTEX_POINT('',#7370);
#7372=CARTESIAN_POINT('',(5.1E-1,-2.055E0,-4.85E0));
#7373=VERTEX_POINT('',#7372);
#7374=CARTESIAN_POINT('',(5.1E-1,-2.055E0,-4.8E0));
#7375=CARTESIAN_POINT('',(5.1E-1,-1.760111126057E0,-4.761177143235E0));
#7376=VERTEX_POINT('',#7374);
#7377=VERTEX_POINT('',#7375);
#7378=CARTESIAN_POINT('',(5.1E-1,-1.739306019820E0,-4.838822856765E0));
#7379=VERTEX_POINT('',#7378);
#7380=CARTESIAN_POINT('',(5.1E-1,-1.594417145877E0,-4.95E0));
#7381=VERTEX_POINT('',#7380);
#7382=CARTESIAN_POINT('',(5.1E-1,-9.926555044066E-1,-4.838822856765E0));
#7383=CARTESIAN_POINT('',(5.1E-1,-9.798888739434E-1,-4.791177143235E0));
#7384=VERTEX_POINT('',#7382);
#7385=VERTEX_POINT('',#7383);
#7386=CARTESIAN_POINT('',(5.1E-1,-6.915919388160E-1,-4.786021278015E0));
#7387=VERTEX_POINT('',#7386);
#7388=CARTESIAN_POINT('',(5.1E-1,-6.737888062933E-1,-4.844074641160E0));
#7389=VERTEX_POINT('',#7388);
#7390=CARTESIAN_POINT('',(5.1E-1,-5.250172991923E-1,-4.95E0));
#7391=VERTEX_POINT('',#7390);
#7392=CARTESIAN_POINT('',(5.1E-1,1.015E0,-4.894899435359E0));
#7393=VERTEX_POINT('',#7392);
#7394=CARTESIAN_POINT('',(5.1E-1,1.332055554303E0,-5.190050727336E0));
#7395=CARTESIAN_POINT('',(5.1E-1,3.307278034881E0,-5.291869729480E0));
#7396=VERTEX_POINT('',#7394);
#7397=VERTEX_POINT('',#7395);
#7398=CARTESIAN_POINT('',(5.1E-1,3.465E0,-5.142068623827E0));
#7399=VERTEX_POINT('',#7398);
#7400=CARTESIAN_POINT('',(5.1E-1,3.465E0,-4.691471148555E0));
#7401=VERTEX_POINT('',#7400);
#7402=CARTESIAN_POINT('',(5.1E-1,3.322721965119E0,-4.541670042903E0));
#7403=VERTEX_POINT('',#7402);
#7404=CARTESIAN_POINT('',(5.1E-1,2.857135833886E0,-4.517669953920E0));
#7405=VERTEX_POINT('',#7404);
#7406=CARTESIAN_POINT('',(5.1E-1,2.715E0,-4.361338911258E0));
#7407=VERTEX_POINT('',#7406);
#7408=CARTESIAN_POINT('',(5.1E-1,1.588603896932E0,-3.8E0));
#7409=CARTESIAN_POINT('',(5.1E-1,1.906801948466E0,-3.668198051534E0));
#7410=VERTEX_POINT('',#7408);
#7411=VERTEX_POINT('',#7409);
#7412=CARTESIAN_POINT('',(5.1E-1,2.025E0,-3.55E0));
#7413=VERTEX_POINT('',#7412);
#7414=CARTESIAN_POINT('',(7.6E-1,-1.931446609407E0,-3.596446609407E0));
#7415=CARTESIAN_POINT('',(7.6E-1,-2.655E0,-4.32E0));
#7416=VERTEX_POINT('',#7414);
#7417=VERTEX_POINT('',#7415);
#7418=CARTESIAN_POINT('',(7.6E-1,-2.655E0,-4.85E0));
#7419=VERTEX_POINT('',#7418);
#7420=CARTESIAN_POINT('',(7.6E-1,-2.055E0,-4.85E0));
#7421=VERTEX_POINT('',#7420);
#7422=CARTESIAN_POINT('',(7.6E-1,-2.055E0,-4.8E0));
#7423=CARTESIAN_POINT('',(7.6E-1,-1.760111126057E0,-4.761177143235E0));
#7424=VERTEX_POINT('',#7422);
#7425=VERTEX_POINT('',#7423);
#7426=CARTESIAN_POINT('',(7.6E-1,-1.739306019820E0,-4.838822856765E0));
#7427=VERTEX_POINT('',#7426);
#7428=CARTESIAN_POINT('',(7.6E-1,-1.594417145877E0,-4.95E0));
#7429=VERTEX_POINT('',#7428);
#7430=CARTESIAN_POINT('',(7.6E-1,-9.926555044066E-1,-4.838822856765E0));
#7431=CARTESIAN_POINT('',(7.6E-1,-9.798888739434E-1,-4.791177143235E0));
#7432=VERTEX_POINT('',#7430);
#7433=VERTEX_POINT('',#7431);
#7434=CARTESIAN_POINT('',(7.6E-1,-6.915919388160E-1,-4.786021278015E0));
#7435=VERTEX_POINT('',#7434);
#7436=CARTESIAN_POINT('',(7.6E-1,-6.737888062933E-1,-4.844074641160E0));
#7437=VERTEX_POINT('',#7436);
#7438=CARTESIAN_POINT('',(7.6E-1,-5.250172991923E-1,-4.95E0));
#7439=VERTEX_POINT('',#7438);
#7440=CARTESIAN_POINT('',(7.6E-1,1.015E0,-4.894899435359E0));
#7441=VERTEX_POINT('',#7440);
#7442=CARTESIAN_POINT('',(7.6E-1,1.332055554303E0,-5.190050727336E0));
#7443=CARTESIAN_POINT('',(7.6E-1,3.307278034881E0,-5.291869729480E0));
#7444=VERTEX_POINT('',#7442);
#7445=VERTEX_POINT('',#7443);
#7446=CARTESIAN_POINT('',(7.6E-1,3.465E0,-5.142068623827E0));
#7447=VERTEX_POINT('',#7446);
#7448=CARTESIAN_POINT('',(7.6E-1,3.465E0,-4.691471148555E0));
#7449=VERTEX_POINT('',#7448);
#7450=CARTESIAN_POINT('',(7.6E-1,3.322721965119E0,-4.541670042903E0));
#7451=VERTEX_POINT('',#7450);
#7452=CARTESIAN_POINT('',(7.6E-1,2.857135833886E0,-4.517669953920E0));
#7453=VERTEX_POINT('',#7452);
#7454=CARTESIAN_POINT('',(7.6E-1,2.715E0,-4.361338911258E0));
#7455=VERTEX_POINT('',#7454);
#7456=CARTESIAN_POINT('',(7.6E-1,1.588603896932E0,-3.8E0));
#7457=CARTESIAN_POINT('',(7.6E-1,1.906801948466E0,-3.668198051534E0));
#7458=VERTEX_POINT('',#7456);
#7459=VERTEX_POINT('',#7457);
#7460=CARTESIAN_POINT('',(7.6E-1,2.025E0,-3.55E0));
#7461=VERTEX_POINT('',#7460);
#7462=CARTESIAN_POINT('',(5.1E-1,-6.127219651191E-1,-4.189801105652E0));
#7463=CARTESIAN_POINT('',(7.6E-1,-6.127219651191E-1,-4.189801105652E0));
#7464=VERTEX_POINT('',#7462);
#7465=VERTEX_POINT('',#7463);
#7466=CARTESIAN_POINT('',(5.1E-1,2.025E0,-3.5E0));
#7467=VERTEX_POINT('',#7466);
#7468=CARTESIAN_POINT('',(5.1E-1,-1.856168910796E0,-3.5E0));
#7469=VERTEX_POINT('',#7468);
#7470=CARTESIAN_POINT('',(7.6E-1,2.025E0,-3.5E0));
#7471=VERTEX_POINT('',#7470);
#7472=CARTESIAN_POINT('',(7.6E-1,-1.856168910796E0,-3.5E0));
#7473=VERTEX_POINT('',#7472);
#7474=CARTESIAN_POINT('',(5.1E-1,1.5E0,-4.298707947495E0));
#7475=VERTEX_POINT('',#7474);
#7476=CARTESIAN_POINT('',(5.1E-1,6.986086494748E-1,-4.257397731335E0));
#7477=VERTEX_POINT('',#7476);
#7478=CARTESIAN_POINT('',(5.1E-1,-6.547870358838E-1,-4.181496470125E0));
#7479=VERTEX_POINT('',#7478);
#7480=CARTESIAN_POINT('',(5.1E-1,1.5E0,-3.8E0));
#7481=VERTEX_POINT('',#7480);
#7482=CARTESIAN_POINT('',(7.6E-1,1.5E0,-4.298707947495E0));
#7483=VERTEX_POINT('',#7482);
#7484=CARTESIAN_POINT('',(7.6E-1,6.986086494748E-1,-4.257397731335E0));
#7485=VERTEX_POINT('',#7484);
#7486=CARTESIAN_POINT('',(7.6E-1,-6.547870358838E-1,-4.181496470125E0));
#7487=VERTEX_POINT('',#7486);
#7488=CARTESIAN_POINT('',(7.6E-1,1.5E0,-3.8E0));
#7489=VERTEX_POINT('',#7488);
#7490=CARTESIAN_POINT('',(5.1E-1,-1.5E0,-4.95E0));
#7491=VERTEX_POINT('',#7490);
#7492=CARTESIAN_POINT('',(5.1E-1,-1.094911148825E0,-4.943813795375E0));
#7493=VERTEX_POINT('',#7492);
#7494=CARTESIAN_POINT('',(5.1E-1,1.126710948503E0,-4.998892664088E0));
#7495=VERTEX_POINT('',#7494);
#7496=CARTESIAN_POINT('',(5.1E-1,1.127900463883E0,-5.E0));
#7497=VERTEX_POINT('',#7496);
#7498=CARTESIAN_POINT('',(7.6E-1,-1.5E0,-4.95E0));
#7499=VERTEX_POINT('',#7498);
#7500=CARTESIAN_POINT('',(7.6E-1,-1.094911148825E0,-4.943813795375E0));
#7501=VERTEX_POINT('',#7500);
#7502=CARTESIAN_POINT('',(7.6E-1,1.126710948503E0,-4.998892664088E0));
#7503=VERTEX_POINT('',#7502);
#7504=CARTESIAN_POINT('',(7.6E-1,1.127900463883E0,-5.E0));
#7505=VERTEX_POINT('',#7504);
#7506=CARTESIAN_POINT('',(-2.1E-1,-1.05E0,-1.E-1));
#7507=CARTESIAN_POINT('',(-2.1E-1,-4.5E-1,-1.E-1));
#7508=VERTEX_POINT('',#7506);
#7509=VERTEX_POINT('',#7507);
#7510=CARTESIAN_POINT('',(-4.35E-1,-4.5E-1,-1.E-1));
#7511=VERTEX_POINT('',#7510);
#7512=CARTESIAN_POINT('',(-4.35E-1,0.E0,-1.E-1));
#7513=VERTEX_POINT('',#7512);
#7514=CARTESIAN_POINT('',(-8.35E-1,0.E0,-1.E-1));
#7515=VERTEX_POINT('',#7514);
#7516=CARTESIAN_POINT('',(-8.35E-1,-4.5E-1,-1.E-1));
#7517=VERTEX_POINT('',#7516);
#7518=CARTESIAN_POINT('',(-1.06E0,-4.5E-1,-1.E-1));
#7519=VERTEX_POINT('',#7518);
#7520=CARTESIAN_POINT('',(-1.06E0,-1.05E0,-1.E-1));
#7521=VERTEX_POINT('',#7520);
#7522=CARTESIAN_POINT('',(-8.35E-1,-1.05E0,-1.E-1));
#7523=VERTEX_POINT('',#7522);
#7524=CARTESIAN_POINT('',(-8.35E-1,-1.5E0,-1.E-1));
#7525=VERTEX_POINT('',#7524);
#7526=CARTESIAN_POINT('',(-4.35E-1,-1.5E0,-1.E-1));
#7527=VERTEX_POINT('',#7526);
#7528=CARTESIAN_POINT('',(-4.35E-1,-1.05E0,-1.E-1));
#7529=VERTEX_POINT('',#7528);
#7530=CARTESIAN_POINT('',(-2.105E0,0.E0,-1.E-1));
#7531=CARTESIAN_POINT('',(-1.705E0,0.E0,-1.E-1));
#7532=VERTEX_POINT('',#7530);
#7533=VERTEX_POINT('',#7531);
#7534=CARTESIAN_POINT('',(-1.705E0,4.5E-1,-1.E-1));
#7535=VERTEX_POINT('',#7534);
#7536=CARTESIAN_POINT('',(-1.48E0,4.5E-1,-1.E-1));
#7537=VERTEX_POINT('',#7536);
#7538=CARTESIAN_POINT('',(-1.48E0,1.05E0,-1.E-1));
#7539=VERTEX_POINT('',#7538);
#7540=CARTESIAN_POINT('',(-1.705E0,1.05E0,-1.E-1));
#7541=VERTEX_POINT('',#7540);
#7542=CARTESIAN_POINT('',(-1.705E0,1.5E0,-1.E-1));
#7543=VERTEX_POINT('',#7542);
#7544=CARTESIAN_POINT('',(-2.105E0,1.5E0,-1.E-1));
#7545=VERTEX_POINT('',#7544);
#7546=CARTESIAN_POINT('',(-2.105E0,1.05E0,-1.E-1));
#7547=VERTEX_POINT('',#7546);
#7548=CARTESIAN_POINT('',(-2.33E0,1.05E0,-1.E-1));
#7549=VERTEX_POINT('',#7548);
#7550=CARTESIAN_POINT('',(-2.33E0,4.5E-1,-1.E-1));
#7551=VERTEX_POINT('',#7550);
#7552=CARTESIAN_POINT('',(-2.105E0,4.5E-1,-1.E-1));
#7553=VERTEX_POINT('',#7552);
#7554=CARTESIAN_POINT('',(-2.1E-1,-1.05E0,0.E0));
#7555=VERTEX_POINT('',#7554);
#7556=CARTESIAN_POINT('',(-2.1E-1,-4.5E-1,0.E0));
#7557=VERTEX_POINT('',#7556);
#7558=CARTESIAN_POINT('',(-4.35E-1,-4.5E-1,0.E0));
#7559=VERTEX_POINT('',#7558);
#7560=CARTESIAN_POINT('',(-4.35E-1,0.E0,0.E0));
#7561=VERTEX_POINT('',#7560);
#7562=CARTESIAN_POINT('',(-8.35E-1,0.E0,0.E0));
#7563=VERTEX_POINT('',#7562);
#7564=CARTESIAN_POINT('',(-8.35E-1,-4.5E-1,0.E0));
#7565=VERTEX_POINT('',#7564);
#7566=CARTESIAN_POINT('',(-1.06E0,-4.5E-1,0.E0));
#7567=VERTEX_POINT('',#7566);
#7568=CARTESIAN_POINT('',(-1.06E0,-1.05E0,0.E0));
#7569=VERTEX_POINT('',#7568);
#7570=CARTESIAN_POINT('',(-8.35E-1,-1.05E0,0.E0));
#7571=VERTEX_POINT('',#7570);
#7572=CARTESIAN_POINT('',(-8.35E-1,-1.5E0,0.E0));
#7573=VERTEX_POINT('',#7572);
#7574=CARTESIAN_POINT('',(-4.35E-1,-1.5E0,0.E0));
#7575=VERTEX_POINT('',#7574);
#7576=CARTESIAN_POINT('',(-4.35E-1,-1.05E0,0.E0));
#7577=VERTEX_POINT('',#7576);
#7578=CARTESIAN_POINT('',(-2.105E0,0.E0,0.E0));
#7579=VERTEX_POINT('',#7578);
#7580=CARTESIAN_POINT('',(-1.705E0,0.E0,0.E0));
#7581=VERTEX_POINT('',#7580);
#7582=CARTESIAN_POINT('',(-1.705E0,4.5E-1,0.E0));
#7583=VERTEX_POINT('',#7582);
#7584=CARTESIAN_POINT('',(-1.48E0,4.5E-1,0.E0));
#7585=VERTEX_POINT('',#7584);
#7586=CARTESIAN_POINT('',(-1.48E0,1.05E0,0.E0));
#7587=VERTEX_POINT('',#7586);
#7588=CARTESIAN_POINT('',(-1.705E0,1.05E0,0.E0));
#7589=VERTEX_POINT('',#7588);
#7590=CARTESIAN_POINT('',(-1.705E0,1.5E0,0.E0));
#7591=VERTEX_POINT('',#7590);
#7592=CARTESIAN_POINT('',(-2.105E0,1.5E0,0.E0));
#7593=VERTEX_POINT('',#7592);
#7594=CARTESIAN_POINT('',(-2.105E0,1.05E0,0.E0));
#7595=VERTEX_POINT('',#7594);
#7596=CARTESIAN_POINT('',(-2.33E0,1.05E0,0.E0));
#7597=VERTEX_POINT('',#7596);
#7598=CARTESIAN_POINT('',(-2.33E0,4.5E-1,0.E0));
#7599=VERTEX_POINT('',#7598);
#7600=CARTESIAN_POINT('',(-2.105E0,4.5E-1,0.E0));
#7601=VERTEX_POINT('',#7600);
#7602=CARTESIAN_POINT('',(1.65E-1,-2.275852590392E0,-2.8E0));
#7603=CARTESIAN_POINT('',(1.65E-1,-2.026047134540E0,-2.559860741678E0));
#7604=VERTEX_POINT('',#7602);
#7605=VERTEX_POINT('',#7603);
#7606=CARTESIAN_POINT('',(-1.435E0,-2.275852590392E0,-2.8E0));
#7607=CARTESIAN_POINT('',(-1.435E0,-2.026047134540E0,-2.559860741678E0));
#7608=VERTEX_POINT('',#7606);
#7609=VERTEX_POINT('',#7607);
#7610=CARTESIAN_POINT('',(1.65E-1,-2.5E0,-2.8E0));
#7611=VERTEX_POINT('',#7610);
#7612=CARTESIAN_POINT('',(1.65E-1,-2.E0,-1.9E0));
#7613=VERTEX_POINT('',#7612);
#7614=CARTESIAN_POINT('',(-1.435E0,-2.5E0,-2.8E0));
#7615=VERTEX_POINT('',#7614);
#7616=CARTESIAN_POINT('',(-1.435E0,-2.E0,-1.9E0));
#7617=VERTEX_POINT('',#7616);
#7618=CARTESIAN_POINT('',(-1.105E0,2.026047134540E0,-2.559860741678E0));
#7619=CARTESIAN_POINT('',(-1.105E0,2.275852590392E0,-2.8E0));
#7620=VERTEX_POINT('',#7618);
#7621=VERTEX_POINT('',#7619);
#7622=CARTESIAN_POINT('',(-2.705E0,2.026047134540E0,-2.559860741678E0));
#7623=CARTESIAN_POINT('',(-2.705E0,2.275852590392E0,-2.8E0));
#7624=VERTEX_POINT('',#7622);
#7625=VERTEX_POINT('',#7623);
#7626=CARTESIAN_POINT('',(-1.105E0,2.E0,-1.9E0));
#7627=VERTEX_POINT('',#7626);
#7628=CARTESIAN_POINT('',(-1.105E0,2.5E0,-2.8E0));
#7629=VERTEX_POINT('',#7628);
#7630=CARTESIAN_POINT('',(-2.705E0,2.E0,-1.9E0));
#7631=VERTEX_POINT('',#7630);
#7632=CARTESIAN_POINT('',(-2.705E0,2.5E0,-2.8E0));
#7633=VERTEX_POINT('',#7632);
#7634=CARTESIAN_POINT('',(-7.6E-1,-2.678163280939E0,-4.361034692792E0));
#7635=CARTESIAN_POINT('',(-7.6E-1,-2.820299972800E0,-4.515753674556E0));
#7636=VERTEX_POINT('',#7634);
#7637=VERTEX_POINT('',#7635);
#7638=CARTESIAN_POINT('',(-7.6E-1,-3.296120155950E0,-4.540474314039E0));
#7639=VERTEX_POINT('',#7638);
#7640=CARTESIAN_POINT('',(-7.6E-1,-3.438243829040E0,-4.684969480476E0));
#7641=VERTEX_POINT('',#7640);
#7642=CARTESIAN_POINT('',(-7.6E-1,-3.454213005893E0,-5.136406047787E0));
#7643=VERTEX_POINT('',#7642);
#7644=CARTESIAN_POINT('',(-7.6E-1,-3.296524202396E0,-5.291506820434E0));
#7645=VERTEX_POINT('',#7644);
#7646=CARTESIAN_POINT('',(-7.6E-1,-1.325094247350E0,-5.189083655316E0));
#7647=VERTEX_POINT('',#7646);
#7648=CARTESIAN_POINT('',(-7.6E-1,-1.01E0,-4.895520147902E0));
#7649=VERTEX_POINT('',#7648);
#7650=CARTESIAN_POINT('',(-7.6E-1,5.301042674517E-1,-4.95E0));
#7651=VERTEX_POINT('',#7650);
#7652=CARTESIAN_POINT('',(-7.6E-1,6.788329112097E-1,-4.844014465627E0));
#7653=VERTEX_POINT('',#7652);
#7654=CARTESIAN_POINT('',(-7.6E-1,6.965741593466E-1,-4.786079296080E0));
#7655=VERTEX_POINT('',#7654);
#7656=CARTESIAN_POINT('',(-7.6E-1,9.848888739434E-1,-4.791177143235E0));
#7657=VERTEX_POINT('',#7656);
#7658=CARTESIAN_POINT('',(-7.6E-1,9.976555044067E-1,-4.838822856765E0));
#7659=VERTEX_POINT('',#7658);
#7660=CARTESIAN_POINT('',(-7.6E-1,1.599417145877E0,-4.95E0));
#7661=CARTESIAN_POINT('',(-7.6E-1,1.744306019820E0,-4.838822856765E0));
#7662=VERTEX_POINT('',#7660);
#7663=VERTEX_POINT('',#7661);
#7664=CARTESIAN_POINT('',(-7.6E-1,1.765111126057E0,-4.761177143235E0));
#7665=VERTEX_POINT('',#7664);
#7666=CARTESIAN_POINT('',(-7.6E-1,2.06E0,-4.8E0));
#7667=VERTEX_POINT('',#7666);
#7668=CARTESIAN_POINT('',(-7.6E-1,2.06E0,-4.85E0));
#7669=CARTESIAN_POINT('',(-7.6E-1,2.66E0,-4.85E0));
#7670=VERTEX_POINT('',#7668);
#7671=VERTEX_POINT('',#7669);
#7672=CARTESIAN_POINT('',(-7.6E-1,2.66E0,-4.317106781187E0));
#7673=VERTEX_POINT('',#7672);
#7674=CARTESIAN_POINT('',(-7.6E-1,1.936446609407E0,-3.593553390593E0));
#7675=VERTEX_POINT('',#7674);
#7676=CARTESIAN_POINT('',(-5.1E-1,-2.678163280939E0,-4.361034692792E0));
#7677=CARTESIAN_POINT('',(-5.1E-1,-2.820299972800E0,-4.515753674556E0));
#7678=VERTEX_POINT('',#7676);
#7679=VERTEX_POINT('',#7677);
#7680=CARTESIAN_POINT('',(-5.1E-1,-3.296120155950E0,-4.540474314039E0));
#7681=VERTEX_POINT('',#7680);
#7682=CARTESIAN_POINT('',(-5.1E-1,-3.438243829040E0,-4.684969480476E0));
#7683=VERTEX_POINT('',#7682);
#7684=CARTESIAN_POINT('',(-5.1E-1,-3.454213005893E0,-5.136406047787E0));
#7685=VERTEX_POINT('',#7684);
#7686=CARTESIAN_POINT('',(-5.1E-1,-3.296524202396E0,-5.291506820434E0));
#7687=VERTEX_POINT('',#7686);
#7688=CARTESIAN_POINT('',(-5.1E-1,-1.325094247350E0,-5.189083655316E0));
#7689=VERTEX_POINT('',#7688);
#7690=CARTESIAN_POINT('',(-5.1E-1,-1.01E0,-4.895520147902E0));
#7691=VERTEX_POINT('',#7690);
#7692=CARTESIAN_POINT('',(-5.1E-1,5.301042674517E-1,-4.95E0));
#7693=VERTEX_POINT('',#7692);
#7694=CARTESIAN_POINT('',(-5.1E-1,6.788329112097E-1,-4.844014465627E0));
#7695=VERTEX_POINT('',#7694);
#7696=CARTESIAN_POINT('',(-5.1E-1,6.965741593466E-1,-4.786079296080E0));
#7697=VERTEX_POINT('',#7696);
#7698=CARTESIAN_POINT('',(-5.1E-1,9.848888739434E-1,-4.791177143235E0));
#7699=VERTEX_POINT('',#7698);
#7700=CARTESIAN_POINT('',(-5.1E-1,9.976555044067E-1,-4.838822856765E0));
#7701=VERTEX_POINT('',#7700);
#7702=CARTESIAN_POINT('',(-5.1E-1,1.599417145877E0,-4.95E0));
#7703=CARTESIAN_POINT('',(-5.1E-1,1.744306019820E0,-4.838822856765E0));
#7704=VERTEX_POINT('',#7702);
#7705=VERTEX_POINT('',#7703);
#7706=CARTESIAN_POINT('',(-5.1E-1,1.765111126057E0,-4.761177143235E0));
#7707=VERTEX_POINT('',#7706);
#7708=CARTESIAN_POINT('',(-5.1E-1,2.06E0,-4.8E0));
#7709=VERTEX_POINT('',#7708);
#7710=CARTESIAN_POINT('',(-5.1E-1,2.06E0,-4.85E0));
#7711=CARTESIAN_POINT('',(-5.1E-1,2.66E0,-4.85E0));
#7712=VERTEX_POINT('',#7710);
#7713=VERTEX_POINT('',#7711);
#7714=CARTESIAN_POINT('',(-5.1E-1,2.66E0,-4.317106781187E0));
#7715=VERTEX_POINT('',#7714);
#7716=CARTESIAN_POINT('',(-5.1E-1,1.936446609407E0,-3.593553390593E0));
#7717=VERTEX_POINT('',#7716);
#7718=CARTESIAN_POINT('',(-7.6E-1,-1.61E0,-3.55E0));
#7719=CARTESIAN_POINT('',(-5.1E-1,-1.61E0,-3.55E0));
#7720=VERTEX_POINT('',#7718);
#7721=VERTEX_POINT('',#7719);
#7722=CARTESIAN_POINT('',(-7.6E-1,6.177825652032E-1,-4.189797969542E0));
#7723=CARTESIAN_POINT('',(-5.1E-1,6.177825652032E-1,-4.189797969542E0));
#7724=VERTEX_POINT('',#7722);
#7725=VERTEX_POINT('',#7723);
#7726=CARTESIAN_POINT('',(-7.6E-1,1.862916869919E0,-3.5E0));
#7727=VERTEX_POINT('',#7726);
#7728=CARTESIAN_POINT('',(-7.6E-1,-1.61E0,-3.5E0));
#7729=VERTEX_POINT('',#7728);
#7730=CARTESIAN_POINT('',(-5.1E-1,1.862916869919E0,-3.5E0));
#7731=VERTEX_POINT('',#7730);
#7732=CARTESIAN_POINT('',(-5.1E-1,-1.61E0,-3.5E0));
#7733=VERTEX_POINT('',#7732);
#7734=CARTESIAN_POINT('',(-7.6E-1,-1.5E0,-3.66E0));
#7735=VERTEX_POINT('',#7734);
#7736=CARTESIAN_POINT('',(-7.6E-1,6.555981666236E-1,-4.182901389778E0));
#7737=VERTEX_POINT('',#7736);
#7738=CARTESIAN_POINT('',(-7.6E-1,-6.990798656955E-1,-4.258213901770E0));
#7739=VERTEX_POINT('',#7738);
#7740=CARTESIAN_POINT('',(-7.6E-1,-1.5E0,-4.299824700547E0));
#7741=VERTEX_POINT('',#7740);
#7742=CARTESIAN_POINT('',(-5.1E-1,-1.5E0,-3.66E0));
#7743=VERTEX_POINT('',#7742);
#7744=CARTESIAN_POINT('',(-5.1E-1,6.555981666236E-1,-4.182901389778E0));
#7745=VERTEX_POINT('',#7744);
#7746=CARTESIAN_POINT('',(-5.1E-1,-6.990798656955E-1,-4.258213901770E0));
#7747=VERTEX_POINT('',#7746);
#7748=CARTESIAN_POINT('',(-5.1E-1,-1.5E0,-4.299824700547E0));
#7749=VERTEX_POINT('',#7748);
#7750=CARTESIAN_POINT('',(-7.6E-1,1.093778251239E0,-4.941851559197E0));
#7751=VERTEX_POINT('',#7750);
#7752=CARTESIAN_POINT('',(-7.6E-1,1.5E0,-4.95E0));
#7753=VERTEX_POINT('',#7752);
#7754=CARTESIAN_POINT('',(-5.1E-1,1.093778251239E0,-4.941851559197E0));
#7755=VERTEX_POINT('',#7754);
#7756=CARTESIAN_POINT('',(-5.1E-1,1.5E0,-4.95E0));
#7757=VERTEX_POINT('',#7756);
#7758=CARTESIAN_POINT('',(-2.03E0,-1.931446609407E0,-3.596446609407E0));
#7759=CARTESIAN_POINT('',(-2.03E0,-2.655E0,-4.32E0));
#7760=VERTEX_POINT('',#7758);
#7761=VERTEX_POINT('',#7759);
#7762=CARTESIAN_POINT('',(-2.03E0,-2.655E0,-4.85E0));
#7763=VERTEX_POINT('',#7762);
#7764=CARTESIAN_POINT('',(-2.03E0,-2.055E0,-4.85E0));
#7765=VERTEX_POINT('',#7764);
#7766=CARTESIAN_POINT('',(-2.03E0,-2.055E0,-4.8E0));
#7767=CARTESIAN_POINT('',(-2.03E0,-1.760111126057E0,-4.761177143235E0));
#7768=VERTEX_POINT('',#7766);
#7769=VERTEX_POINT('',#7767);
#7770=CARTESIAN_POINT('',(-2.03E0,-1.739306019820E0,-4.838822856765E0));
#7771=VERTEX_POINT('',#7770);
#7772=CARTESIAN_POINT('',(-2.03E0,-1.594417145877E0,-4.95E0));
#7773=VERTEX_POINT('',#7772);
#7774=CARTESIAN_POINT('',(-2.03E0,-9.926555044066E-1,-4.838822856765E0));
#7775=CARTESIAN_POINT('',(-2.03E0,-9.798888739434E-1,-4.791177143235E0));
#7776=VERTEX_POINT('',#7774);
#7777=VERTEX_POINT('',#7775);
#7778=CARTESIAN_POINT('',(-2.03E0,-6.915919388160E-1,-4.786021278015E0));
#7779=VERTEX_POINT('',#7778);
#7780=CARTESIAN_POINT('',(-2.03E0,-6.737888062933E-1,-4.844074641160E0));
#7781=VERTEX_POINT('',#7780);
#7782=CARTESIAN_POINT('',(-2.03E0,-5.250172991923E-1,-4.95E0));
#7783=VERTEX_POINT('',#7782);
#7784=CARTESIAN_POINT('',(-2.03E0,1.015E0,-4.894899435359E0));
#7785=VERTEX_POINT('',#7784);
#7786=CARTESIAN_POINT('',(-2.03E0,1.332055554303E0,-5.190050727336E0));
#7787=CARTESIAN_POINT('',(-2.03E0,3.307278034881E0,-5.291869729480E0));
#7788=VERTEX_POINT('',#7786);
#7789=VERTEX_POINT('',#7787);
#7790=CARTESIAN_POINT('',(-2.03E0,3.465E0,-5.142068623827E0));
#7791=VERTEX_POINT('',#7790);
#7792=CARTESIAN_POINT('',(-2.03E0,3.465E0,-4.691471148555E0));
#7793=VERTEX_POINT('',#7792);
#7794=CARTESIAN_POINT('',(-2.03E0,3.322721965119E0,-4.541670042903E0));
#7795=VERTEX_POINT('',#7794);
#7796=CARTESIAN_POINT('',(-2.03E0,2.857135833886E0,-4.517669953920E0));
#7797=VERTEX_POINT('',#7796);
#7798=CARTESIAN_POINT('',(-2.03E0,2.715E0,-4.361338911258E0));
#7799=VERTEX_POINT('',#7798);
#7800=CARTESIAN_POINT('',(-2.03E0,1.588603896932E0,-3.8E0));
#7801=CARTESIAN_POINT('',(-2.03E0,1.906801948466E0,-3.668198051534E0));
#7802=VERTEX_POINT('',#7800);
#7803=VERTEX_POINT('',#7801);
#7804=CARTESIAN_POINT('',(-2.03E0,2.025E0,-3.55E0));
#7805=VERTEX_POINT('',#7804);
#7806=CARTESIAN_POINT('',(-1.78E0,-1.931446609407E0,-3.596446609407E0));
#7807=CARTESIAN_POINT('',(-1.78E0,-2.655E0,-4.32E0));
#7808=VERTEX_POINT('',#7806);
#7809=VERTEX_POINT('',#7807);
#7810=CARTESIAN_POINT('',(-1.78E0,-2.655E0,-4.85E0));
#7811=VERTEX_POINT('',#7810);
#7812=CARTESIAN_POINT('',(-1.78E0,-2.055E0,-4.85E0));
#7813=VERTEX_POINT('',#7812);
#7814=CARTESIAN_POINT('',(-1.78E0,-2.055E0,-4.8E0));
#7815=CARTESIAN_POINT('',(-1.78E0,-1.760111126057E0,-4.761177143235E0));
#7816=VERTEX_POINT('',#7814);
#7817=VERTEX_POINT('',#7815);
#7818=CARTESIAN_POINT('',(-1.78E0,-1.739306019820E0,-4.838822856765E0));
#7819=VERTEX_POINT('',#7818);
#7820=CARTESIAN_POINT('',(-1.78E0,-1.594417145877E0,-4.95E0));
#7821=VERTEX_POINT('',#7820);
#7822=CARTESIAN_POINT('',(-1.78E0,-9.926555044066E-1,-4.838822856765E0));
#7823=CARTESIAN_POINT('',(-1.78E0,-9.798888739434E-1,-4.791177143235E0));
#7824=VERTEX_POINT('',#7822);
#7825=VERTEX_POINT('',#7823);
#7826=CARTESIAN_POINT('',(-1.78E0,-6.915919388160E-1,-4.786021278015E0));
#7827=VERTEX_POINT('',#7826);
#7828=CARTESIAN_POINT('',(-1.78E0,-6.737888062933E-1,-4.844074641160E0));
#7829=VERTEX_POINT('',#7828);
#7830=CARTESIAN_POINT('',(-1.78E0,-5.250172991923E-1,-4.95E0));
#7831=VERTEX_POINT('',#7830);
#7832=CARTESIAN_POINT('',(-1.78E0,1.015E0,-4.894899435359E0));
#7833=VERTEX_POINT('',#7832);
#7834=CARTESIAN_POINT('',(-1.78E0,1.332055554303E0,-5.190050727336E0));
#7835=CARTESIAN_POINT('',(-1.78E0,3.307278034881E0,-5.291869729480E0));
#7836=VERTEX_POINT('',#7834);
#7837=VERTEX_POINT('',#7835);
#7838=CARTESIAN_POINT('',(-1.78E0,3.465E0,-5.142068623827E0));
#7839=VERTEX_POINT('',#7838);
#7840=CARTESIAN_POINT('',(-1.78E0,3.465E0,-4.691471148555E0));
#7841=VERTEX_POINT('',#7840);
#7842=CARTESIAN_POINT('',(-1.78E0,3.322721965119E0,-4.541670042903E0));
#7843=VERTEX_POINT('',#7842);
#7844=CARTESIAN_POINT('',(-1.78E0,2.857135833886E0,-4.517669953920E0));
#7845=VERTEX_POINT('',#7844);
#7846=CARTESIAN_POINT('',(-1.78E0,2.715E0,-4.361338911258E0));
#7847=VERTEX_POINT('',#7846);
#7848=CARTESIAN_POINT('',(-1.78E0,1.588603896932E0,-3.8E0));
#7849=CARTESIAN_POINT('',(-1.78E0,1.906801948466E0,-3.668198051534E0));
#7850=VERTEX_POINT('',#7848);
#7851=VERTEX_POINT('',#7849);
#7852=CARTESIAN_POINT('',(-1.78E0,2.025E0,-3.55E0));
#7853=VERTEX_POINT('',#7852);
#7854=CARTESIAN_POINT('',(-2.03E0,-6.127219651191E-1,-4.189801105652E0));
#7855=CARTESIAN_POINT('',(-1.78E0,-6.127219651191E-1,-4.189801105652E0));
#7856=VERTEX_POINT('',#7854);
#7857=VERTEX_POINT('',#7855);
#7858=CARTESIAN_POINT('',(-2.03E0,2.025E0,-3.5E0));
#7859=VERTEX_POINT('',#7858);
#7860=CARTESIAN_POINT('',(-2.03E0,-1.856168910796E0,-3.5E0));
#7861=VERTEX_POINT('',#7860);
#7862=CARTESIAN_POINT('',(-1.78E0,2.025E0,-3.5E0));
#7863=VERTEX_POINT('',#7862);
#7864=CARTESIAN_POINT('',(-1.78E0,-1.856168910796E0,-3.5E0));
#7865=VERTEX_POINT('',#7864);
#7866=CARTESIAN_POINT('',(-2.03E0,1.5E0,-4.298707947495E0));
#7867=VERTEX_POINT('',#7866);
#7868=CARTESIAN_POINT('',(-2.03E0,6.986086494748E-1,-4.257397731335E0));
#7869=VERTEX_POINT('',#7868);
#7870=CARTESIAN_POINT('',(-2.03E0,-6.547870358838E-1,-4.181496470125E0));
#7871=VERTEX_POINT('',#7870);
#7872=CARTESIAN_POINT('',(-2.03E0,1.5E0,-3.8E0));
#7873=VERTEX_POINT('',#7872);
#7874=CARTESIAN_POINT('',(-1.78E0,1.5E0,-4.298707947495E0));
#7875=VERTEX_POINT('',#7874);
#7876=CARTESIAN_POINT('',(-1.78E0,6.986086494748E-1,-4.257397731335E0));
#7877=VERTEX_POINT('',#7876);
#7878=CARTESIAN_POINT('',(-1.78E0,-6.547870358838E-1,-4.181496470125E0));
#7879=VERTEX_POINT('',#7878);
#7880=CARTESIAN_POINT('',(-1.78E0,1.5E0,-3.8E0));
#7881=VERTEX_POINT('',#7880);
#7882=CARTESIAN_POINT('',(-2.03E0,-1.5E0,-4.95E0));
#7883=VERTEX_POINT('',#7882);
#7884=CARTESIAN_POINT('',(-2.03E0,-1.094911148825E0,-4.943813795375E0));
#7885=VERTEX_POINT('',#7884);
#7886=CARTESIAN_POINT('',(-2.03E0,1.126710948503E0,-4.998892664088E0));
#7887=VERTEX_POINT('',#7886);
#7888=CARTESIAN_POINT('',(-2.03E0,1.127900463883E0,-5.E0));
#7889=VERTEX_POINT('',#7888);
#7890=CARTESIAN_POINT('',(-1.78E0,-1.5E0,-4.95E0));
#7891=VERTEX_POINT('',#7890);
#7892=CARTESIAN_POINT('',(-1.78E0,-1.094911148825E0,-4.943813795375E0));
#7893=VERTEX_POINT('',#7892);
#7894=CARTESIAN_POINT('',(-1.78E0,1.126710948503E0,-4.998892664088E0));
#7895=VERTEX_POINT('',#7894);
#7896=CARTESIAN_POINT('',(-1.78E0,1.127900463883E0,-5.E0));
#7897=VERTEX_POINT('',#7896);
#7898=CARTESIAN_POINT('',(-2.75E0,-1.05E0,-1.E-1));
#7899=CARTESIAN_POINT('',(-2.75E0,-4.5E-1,-1.E-1));
#7900=VERTEX_POINT('',#7898);
#7901=VERTEX_POINT('',#7899);
#7902=CARTESIAN_POINT('',(-2.975E0,-4.5E-1,-1.E-1));
#7903=VERTEX_POINT('',#7902);
#7904=CARTESIAN_POINT('',(-2.975E0,0.E0,-1.E-1));
#7905=VERTEX_POINT('',#7904);
#7906=CARTESIAN_POINT('',(-3.375E0,0.E0,-1.E-1));
#7907=VERTEX_POINT('',#7906);
#7908=CARTESIAN_POINT('',(-3.375E0,-4.5E-1,-1.E-1));
#7909=VERTEX_POINT('',#7908);
#7910=CARTESIAN_POINT('',(-3.6E0,-4.5E-1,-1.E-1));
#7911=VERTEX_POINT('',#7910);
#7912=CARTESIAN_POINT('',(-3.6E0,-1.05E0,-1.E-1));
#7913=VERTEX_POINT('',#7912);
#7914=CARTESIAN_POINT('',(-3.375E0,-1.05E0,-1.E-1));
#7915=VERTEX_POINT('',#7914);
#7916=CARTESIAN_POINT('',(-3.375E0,-1.5E0,-1.E-1));
#7917=VERTEX_POINT('',#7916);
#7918=CARTESIAN_POINT('',(-2.975E0,-1.5E0,-1.E-1));
#7919=VERTEX_POINT('',#7918);
#7920=CARTESIAN_POINT('',(-2.975E0,-1.05E0,-1.E-1));
#7921=VERTEX_POINT('',#7920);
#7922=CARTESIAN_POINT('',(-4.645E0,0.E0,-1.E-1));
#7923=CARTESIAN_POINT('',(-4.245E0,0.E0,-1.E-1));
#7924=VERTEX_POINT('',#7922);
#7925=VERTEX_POINT('',#7923);
#7926=CARTESIAN_POINT('',(-4.245E0,4.5E-1,-1.E-1));
#7927=VERTEX_POINT('',#7926);
#7928=CARTESIAN_POINT('',(-4.02E0,4.5E-1,-1.E-1));
#7929=VERTEX_POINT('',#7928);
#7930=CARTESIAN_POINT('',(-4.02E0,1.05E0,-1.E-1));
#7931=VERTEX_POINT('',#7930);
#7932=CARTESIAN_POINT('',(-4.245E0,1.05E0,-1.E-1));
#7933=VERTEX_POINT('',#7932);
#7934=CARTESIAN_POINT('',(-4.245E0,1.5E0,-1.E-1));
#7935=VERTEX_POINT('',#7934);
#7936=CARTESIAN_POINT('',(-4.645E0,1.5E0,-1.E-1));
#7937=VERTEX_POINT('',#7936);
#7938=CARTESIAN_POINT('',(-4.645E0,1.05E0,-1.E-1));
#7939=VERTEX_POINT('',#7938);
#7940=CARTESIAN_POINT('',(-4.87E0,1.05E0,-1.E-1));
#7941=VERTEX_POINT('',#7940);
#7942=CARTESIAN_POINT('',(-4.87E0,4.5E-1,-1.E-1));
#7943=VERTEX_POINT('',#7942);
#7944=CARTESIAN_POINT('',(-4.645E0,4.5E-1,-1.E-1));
#7945=VERTEX_POINT('',#7944);
#7946=CARTESIAN_POINT('',(-2.75E0,-1.05E0,0.E0));
#7947=VERTEX_POINT('',#7946);
#7948=CARTESIAN_POINT('',(-2.75E0,-4.5E-1,0.E0));
#7949=VERTEX_POINT('',#7948);
#7950=CARTESIAN_POINT('',(-2.975E0,-4.5E-1,0.E0));
#7951=VERTEX_POINT('',#7950);
#7952=CARTESIAN_POINT('',(-2.975E0,0.E0,0.E0));
#7953=VERTEX_POINT('',#7952);
#7954=CARTESIAN_POINT('',(-3.375E0,0.E0,0.E0));
#7955=VERTEX_POINT('',#7954);
#7956=CARTESIAN_POINT('',(-3.375E0,-4.5E-1,0.E0));
#7957=VERTEX_POINT('',#7956);
#7958=CARTESIAN_POINT('',(-3.6E0,-4.5E-1,0.E0));
#7959=VERTEX_POINT('',#7958);
#7960=CARTESIAN_POINT('',(-3.6E0,-1.05E0,0.E0));
#7961=VERTEX_POINT('',#7960);
#7962=CARTESIAN_POINT('',(-3.375E0,-1.05E0,0.E0));
#7963=VERTEX_POINT('',#7962);
#7964=CARTESIAN_POINT('',(-3.375E0,-1.5E0,0.E0));
#7965=VERTEX_POINT('',#7964);
#7966=CARTESIAN_POINT('',(-2.975E0,-1.5E0,0.E0));
#7967=VERTEX_POINT('',#7966);
#7968=CARTESIAN_POINT('',(-2.975E0,-1.05E0,0.E0));
#7969=VERTEX_POINT('',#7968);
#7970=CARTESIAN_POINT('',(-4.645E0,0.E0,0.E0));
#7971=VERTEX_POINT('',#7970);
#7972=CARTESIAN_POINT('',(-4.245E0,0.E0,0.E0));
#7973=VERTEX_POINT('',#7972);
#7974=CARTESIAN_POINT('',(-4.245E0,4.5E-1,0.E0));
#7975=VERTEX_POINT('',#7974);
#7976=CARTESIAN_POINT('',(-4.02E0,4.5E-1,0.E0));
#7977=VERTEX_POINT('',#7976);
#7978=CARTESIAN_POINT('',(-4.02E0,1.05E0,0.E0));
#7979=VERTEX_POINT('',#7978);
#7980=CARTESIAN_POINT('',(-4.245E0,1.05E0,0.E0));
#7981=VERTEX_POINT('',#7980);
#7982=CARTESIAN_POINT('',(-4.245E0,1.5E0,0.E0));
#7983=VERTEX_POINT('',#7982);
#7984=CARTESIAN_POINT('',(-4.645E0,1.5E0,0.E0));
#7985=VERTEX_POINT('',#7984);
#7986=CARTESIAN_POINT('',(-4.645E0,1.05E0,0.E0));
#7987=VERTEX_POINT('',#7986);
#7988=CARTESIAN_POINT('',(-4.87E0,1.05E0,0.E0));
#7989=VERTEX_POINT('',#7988);
#7990=CARTESIAN_POINT('',(-4.87E0,4.5E-1,0.E0));
#7991=VERTEX_POINT('',#7990);
#7992=CARTESIAN_POINT('',(-4.645E0,4.5E-1,0.E0));
#7993=VERTEX_POINT('',#7992);
#7994=CARTESIAN_POINT('',(-2.375E0,-2.275852590392E0,-2.8E0));
#7995=CARTESIAN_POINT('',(-2.375E0,-2.026047134540E0,-2.559860741678E0));
#7996=VERTEX_POINT('',#7994);
#7997=VERTEX_POINT('',#7995);
#7998=CARTESIAN_POINT('',(-3.975E0,-2.275852590392E0,-2.8E0));
#7999=CARTESIAN_POINT('',(-3.975E0,-2.026047134540E0,-2.559860741678E0));
#8000=VERTEX_POINT('',#7998);
#8001=VERTEX_POINT('',#7999);
#8002=CARTESIAN_POINT('',(-2.375E0,-2.5E0,-2.8E0));
#8003=VERTEX_POINT('',#8002);
#8004=CARTESIAN_POINT('',(-2.375E0,-2.E0,-1.9E0));
#8005=VERTEX_POINT('',#8004);
#8006=CARTESIAN_POINT('',(-3.975E0,-2.5E0,-2.8E0));
#8007=VERTEX_POINT('',#8006);
#8008=CARTESIAN_POINT('',(-3.975E0,-2.E0,-1.9E0));
#8009=VERTEX_POINT('',#8008);
#8010=CARTESIAN_POINT('',(-3.645E0,2.026047134540E0,-2.559860741678E0));
#8011=CARTESIAN_POINT('',(-3.645E0,2.275852590392E0,-2.8E0));
#8012=VERTEX_POINT('',#8010);
#8013=VERTEX_POINT('',#8011);
#8014=CARTESIAN_POINT('',(-5.245E0,2.026047134540E0,-2.559860741678E0));
#8015=CARTESIAN_POINT('',(-5.245E0,2.275852590392E0,-2.8E0));
#8016=VERTEX_POINT('',#8014);
#8017=VERTEX_POINT('',#8015);
#8018=CARTESIAN_POINT('',(-3.645E0,2.E0,-1.9E0));
#8019=VERTEX_POINT('',#8018);
#8020=CARTESIAN_POINT('',(-3.645E0,2.5E0,-2.8E0));
#8021=VERTEX_POINT('',#8020);
#8022=CARTESIAN_POINT('',(-5.245E0,2.E0,-1.9E0));
#8023=VERTEX_POINT('',#8022);
#8024=CARTESIAN_POINT('',(-5.245E0,2.5E0,-2.8E0));
#8025=VERTEX_POINT('',#8024);
#8026=CARTESIAN_POINT('',(-3.3E0,-2.678163280939E0,-4.361034692792E0));
#8027=CARTESIAN_POINT('',(-3.3E0,-2.820299972800E0,-4.515753674556E0));
#8028=VERTEX_POINT('',#8026);
#8029=VERTEX_POINT('',#8027);
#8030=CARTESIAN_POINT('',(-3.3E0,-3.296120155950E0,-4.540474314039E0));
#8031=VERTEX_POINT('',#8030);
#8032=CARTESIAN_POINT('',(-3.3E0,-3.438243829040E0,-4.684969480476E0));
#8033=VERTEX_POINT('',#8032);
#8034=CARTESIAN_POINT('',(-3.3E0,-3.454213005893E0,-5.136406047787E0));
#8035=VERTEX_POINT('',#8034);
#8036=CARTESIAN_POINT('',(-3.3E0,-3.296524202396E0,-5.291506820434E0));
#8037=VERTEX_POINT('',#8036);
#8038=CARTESIAN_POINT('',(-3.3E0,-1.325094247350E0,-5.189083655316E0));
#8039=VERTEX_POINT('',#8038);
#8040=CARTESIAN_POINT('',(-3.3E0,-1.01E0,-4.895520147902E0));
#8041=VERTEX_POINT('',#8040);
#8042=CARTESIAN_POINT('',(-3.3E0,5.301042674517E-1,-4.95E0));
#8043=VERTEX_POINT('',#8042);
#8044=CARTESIAN_POINT('',(-3.3E0,6.788329112097E-1,-4.844014465627E0));
#8045=VERTEX_POINT('',#8044);
#8046=CARTESIAN_POINT('',(-3.3E0,6.965741593466E-1,-4.786079296080E0));
#8047=VERTEX_POINT('',#8046);
#8048=CARTESIAN_POINT('',(-3.3E0,9.848888739434E-1,-4.791177143235E0));
#8049=VERTEX_POINT('',#8048);
#8050=CARTESIAN_POINT('',(-3.3E0,9.976555044067E-1,-4.838822856765E0));
#8051=VERTEX_POINT('',#8050);
#8052=CARTESIAN_POINT('',(-3.3E0,1.599417145877E0,-4.95E0));
#8053=CARTESIAN_POINT('',(-3.3E0,1.744306019820E0,-4.838822856765E0));
#8054=VERTEX_POINT('',#8052);
#8055=VERTEX_POINT('',#8053);
#8056=CARTESIAN_POINT('',(-3.3E0,1.765111126057E0,-4.761177143235E0));
#8057=VERTEX_POINT('',#8056);
#8058=CARTESIAN_POINT('',(-3.3E0,2.06E0,-4.8E0));
#8059=VERTEX_POINT('',#8058);
#8060=CARTESIAN_POINT('',(-3.3E0,2.06E0,-4.85E0));
#8061=CARTESIAN_POINT('',(-3.3E0,2.66E0,-4.85E0));
#8062=VERTEX_POINT('',#8060);
#8063=VERTEX_POINT('',#8061);
#8064=CARTESIAN_POINT('',(-3.3E0,2.66E0,-4.317106781187E0));
#8065=VERTEX_POINT('',#8064);
#8066=CARTESIAN_POINT('',(-3.3E0,1.936446609407E0,-3.593553390593E0));
#8067=VERTEX_POINT('',#8066);
#8068=CARTESIAN_POINT('',(-3.05E0,-2.678163280939E0,-4.361034692792E0));
#8069=CARTESIAN_POINT('',(-3.05E0,-2.820299972800E0,-4.515753674556E0));
#8070=VERTEX_POINT('',#8068);
#8071=VERTEX_POINT('',#8069);
#8072=CARTESIAN_POINT('',(-3.05E0,-3.296120155950E0,-4.540474314039E0));
#8073=VERTEX_POINT('',#8072);
#8074=CARTESIAN_POINT('',(-3.05E0,-3.438243829040E0,-4.684969480476E0));
#8075=VERTEX_POINT('',#8074);
#8076=CARTESIAN_POINT('',(-3.05E0,-3.454213005893E0,-5.136406047787E0));
#8077=VERTEX_POINT('',#8076);
#8078=CARTESIAN_POINT('',(-3.05E0,-3.296524202396E0,-5.291506820434E0));
#8079=VERTEX_POINT('',#8078);
#8080=CARTESIAN_POINT('',(-3.05E0,-1.325094247350E0,-5.189083655316E0));
#8081=VERTEX_POINT('',#8080);
#8082=CARTESIAN_POINT('',(-3.05E0,-1.01E0,-4.895520147902E0));
#8083=VERTEX_POINT('',#8082);
#8084=CARTESIAN_POINT('',(-3.05E0,5.301042674517E-1,-4.95E0));
#8085=VERTEX_POINT('',#8084);
#8086=CARTESIAN_POINT('',(-3.05E0,6.788329112097E-1,-4.844014465627E0));
#8087=VERTEX_POINT('',#8086);
#8088=CARTESIAN_POINT('',(-3.05E0,6.965741593466E-1,-4.786079296080E0));
#8089=VERTEX_POINT('',#8088);
#8090=CARTESIAN_POINT('',(-3.05E0,9.848888739434E-1,-4.791177143235E0));
#8091=VERTEX_POINT('',#8090);
#8092=CARTESIAN_POINT('',(-3.05E0,9.976555044067E-1,-4.838822856765E0));
#8093=VERTEX_POINT('',#8092);
#8094=CARTESIAN_POINT('',(-3.05E0,1.599417145877E0,-4.95E0));
#8095=CARTESIAN_POINT('',(-3.05E0,1.744306019820E0,-4.838822856765E0));
#8096=VERTEX_POINT('',#8094);
#8097=VERTEX_POINT('',#8095);
#8098=CARTESIAN_POINT('',(-3.05E0,1.765111126057E0,-4.761177143235E0));
#8099=VERTEX_POINT('',#8098);
#8100=CARTESIAN_POINT('',(-3.05E0,2.06E0,-4.8E0));
#8101=VERTEX_POINT('',#8100);
#8102=CARTESIAN_POINT('',(-3.05E0,2.06E0,-4.85E0));
#8103=CARTESIAN_POINT('',(-3.05E0,2.66E0,-4.85E0));
#8104=VERTEX_POINT('',#8102);
#8105=VERTEX_POINT('',#8103);
#8106=CARTESIAN_POINT('',(-3.05E0,2.66E0,-4.317106781187E0));
#8107=VERTEX_POINT('',#8106);
#8108=CARTESIAN_POINT('',(-3.05E0,1.936446609407E0,-3.593553390593E0));
#8109=VERTEX_POINT('',#8108);
#8110=CARTESIAN_POINT('',(-3.3E0,-1.61E0,-3.55E0));
#8111=CARTESIAN_POINT('',(-3.05E0,-1.61E0,-3.55E0));
#8112=VERTEX_POINT('',#8110);
#8113=VERTEX_POINT('',#8111);
#8114=CARTESIAN_POINT('',(-3.3E0,6.177825652032E-1,-4.189797969542E0));
#8115=CARTESIAN_POINT('',(-3.05E0,6.177825652032E-1,-4.189797969542E0));
#8116=VERTEX_POINT('',#8114);
#8117=VERTEX_POINT('',#8115);
#8118=CARTESIAN_POINT('',(-3.3E0,1.862916869919E0,-3.5E0));
#8119=VERTEX_POINT('',#8118);
#8120=CARTESIAN_POINT('',(-3.3E0,-1.61E0,-3.5E0));
#8121=VERTEX_POINT('',#8120);
#8122=CARTESIAN_POINT('',(-3.05E0,1.862916869919E0,-3.5E0));
#8123=VERTEX_POINT('',#8122);
#8124=CARTESIAN_POINT('',(-3.05E0,-1.61E0,-3.5E0));
#8125=VERTEX_POINT('',#8124);
#8126=CARTESIAN_POINT('',(-3.3E0,-1.5E0,-3.66E0));
#8127=VERTEX_POINT('',#8126);
#8128=CARTESIAN_POINT('',(-3.3E0,6.555981666236E-1,-4.182901389778E0));
#8129=VERTEX_POINT('',#8128);
#8130=CARTESIAN_POINT('',(-3.3E0,-6.990798656955E-1,-4.258213901770E0));
#8131=VERTEX_POINT('',#8130);
#8132=CARTESIAN_POINT('',(-3.3E0,-1.5E0,-4.299824700547E0));
#8133=VERTEX_POINT('',#8132);
#8134=CARTESIAN_POINT('',(-3.05E0,-1.5E0,-3.66E0));
#8135=VERTEX_POINT('',#8134);
#8136=CARTESIAN_POINT('',(-3.05E0,6.555981666236E-1,-4.182901389778E0));
#8137=VERTEX_POINT('',#8136);
#8138=CARTESIAN_POINT('',(-3.05E0,-6.990798656955E-1,-4.258213901770E0));
#8139=VERTEX_POINT('',#8138);
#8140=CARTESIAN_POINT('',(-3.05E0,-1.5E0,-4.299824700547E0));
#8141=VERTEX_POINT('',#8140);
#8142=CARTESIAN_POINT('',(-3.3E0,1.093778251239E0,-4.941851559197E0));
#8143=VERTEX_POINT('',#8142);
#8144=CARTESIAN_POINT('',(-3.3E0,1.5E0,-4.95E0));
#8145=VERTEX_POINT('',#8144);
#8146=CARTESIAN_POINT('',(-3.05E0,1.093778251239E0,-4.941851559197E0));
#8147=VERTEX_POINT('',#8146);
#8148=CARTESIAN_POINT('',(-3.05E0,1.5E0,-4.95E0));
#8149=VERTEX_POINT('',#8148);
#8150=CARTESIAN_POINT('',(-4.57E0,-1.931446609407E0,-3.596446609407E0));
#8151=CARTESIAN_POINT('',(-4.57E0,-2.655E0,-4.32E0));
#8152=VERTEX_POINT('',#8150);
#8153=VERTEX_POINT('',#8151);
#8154=CARTESIAN_POINT('',(-4.57E0,-2.655E0,-4.85E0));
#8155=VERTEX_POINT('',#8154);
#8156=CARTESIAN_POINT('',(-4.57E0,-2.055E0,-4.85E0));
#8157=VERTEX_POINT('',#8156);
#8158=CARTESIAN_POINT('',(-4.57E0,-2.055E0,-4.8E0));
#8159=CARTESIAN_POINT('',(-4.57E0,-1.760111126057E0,-4.761177143235E0));
#8160=VERTEX_POINT('',#8158);
#8161=VERTEX_POINT('',#8159);
#8162=CARTESIAN_POINT('',(-4.57E0,-1.739306019820E0,-4.838822856765E0));
#8163=VERTEX_POINT('',#8162);
#8164=CARTESIAN_POINT('',(-4.57E0,-1.594417145877E0,-4.95E0));
#8165=VERTEX_POINT('',#8164);
#8166=CARTESIAN_POINT('',(-4.57E0,-9.926555044066E-1,-4.838822856765E0));
#8167=CARTESIAN_POINT('',(-4.57E0,-9.798888739434E-1,-4.791177143235E0));
#8168=VERTEX_POINT('',#8166);
#8169=VERTEX_POINT('',#8167);
#8170=CARTESIAN_POINT('',(-4.57E0,-6.915919388160E-1,-4.786021278015E0));
#8171=VERTEX_POINT('',#8170);
#8172=CARTESIAN_POINT('',(-4.57E0,-6.737888062933E-1,-4.844074641160E0));
#8173=VERTEX_POINT('',#8172);
#8174=CARTESIAN_POINT('',(-4.57E0,-5.250172991923E-1,-4.95E0));
#8175=VERTEX_POINT('',#8174);
#8176=CARTESIAN_POINT('',(-4.57E0,1.015E0,-4.894899435359E0));
#8177=VERTEX_POINT('',#8176);
#8178=CARTESIAN_POINT('',(-4.57E0,1.332055554303E0,-5.190050727336E0));
#8179=CARTESIAN_POINT('',(-4.57E0,3.307278034881E0,-5.291869729480E0));
#8180=VERTEX_POINT('',#8178);
#8181=VERTEX_POINT('',#8179);
#8182=CARTESIAN_POINT('',(-4.57E0,3.465E0,-5.142068623827E0));
#8183=VERTEX_POINT('',#8182);
#8184=CARTESIAN_POINT('',(-4.57E0,3.465E0,-4.691471148555E0));
#8185=VERTEX_POINT('',#8184);
#8186=CARTESIAN_POINT('',(-4.57E0,3.322721965119E0,-4.541670042903E0));
#8187=VERTEX_POINT('',#8186);
#8188=CARTESIAN_POINT('',(-4.57E0,2.857135833886E0,-4.517669953920E0));
#8189=VERTEX_POINT('',#8188);
#8190=CARTESIAN_POINT('',(-4.57E0,2.715E0,-4.361338911258E0));
#8191=VERTEX_POINT('',#8190);
#8192=CARTESIAN_POINT('',(-4.57E0,1.588603896932E0,-3.8E0));
#8193=CARTESIAN_POINT('',(-4.57E0,1.906801948466E0,-3.668198051534E0));
#8194=VERTEX_POINT('',#8192);
#8195=VERTEX_POINT('',#8193);
#8196=CARTESIAN_POINT('',(-4.57E0,2.025E0,-3.55E0));
#8197=VERTEX_POINT('',#8196);
#8198=CARTESIAN_POINT('',(-4.32E0,-1.931446609407E0,-3.596446609407E0));
#8199=CARTESIAN_POINT('',(-4.32E0,-2.655E0,-4.32E0));
#8200=VERTEX_POINT('',#8198);
#8201=VERTEX_POINT('',#8199);
#8202=CARTESIAN_POINT('',(-4.32E0,-2.655E0,-4.85E0));
#8203=VERTEX_POINT('',#8202);
#8204=CARTESIAN_POINT('',(-4.32E0,-2.055E0,-4.85E0));
#8205=VERTEX_POINT('',#8204);
#8206=CARTESIAN_POINT('',(-4.32E0,-2.055E0,-4.8E0));
#8207=CARTESIAN_POINT('',(-4.32E0,-1.760111126057E0,-4.761177143235E0));
#8208=VERTEX_POINT('',#8206);
#8209=VERTEX_POINT('',#8207);
#8210=CARTESIAN_POINT('',(-4.32E0,-1.739306019820E0,-4.838822856765E0));
#8211=VERTEX_POINT('',#8210);
#8212=CARTESIAN_POINT('',(-4.32E0,-1.594417145877E0,-4.95E0));
#8213=VERTEX_POINT('',#8212);
#8214=CARTESIAN_POINT('',(-4.32E0,-9.926555044066E-1,-4.838822856765E0));
#8215=CARTESIAN_POINT('',(-4.32E0,-9.798888739434E-1,-4.791177143235E0));
#8216=VERTEX_POINT('',#8214);
#8217=VERTEX_POINT('',#8215);
#8218=CARTESIAN_POINT('',(-4.32E0,-6.915919388160E-1,-4.786021278015E0));
#8219=VERTEX_POINT('',#8218);
#8220=CARTESIAN_POINT('',(-4.32E0,-6.737888062933E-1,-4.844074641160E0));
#8221=VERTEX_POINT('',#8220);
#8222=CARTESIAN_POINT('',(-4.32E0,-5.250172991923E-1,-4.95E0));
#8223=VERTEX_POINT('',#8222);
#8224=CARTESIAN_POINT('',(-4.32E0,1.015E0,-4.894899435359E0));
#8225=VERTEX_POINT('',#8224);
#8226=CARTESIAN_POINT('',(-4.32E0,1.332055554303E0,-5.190050727336E0));
#8227=CARTESIAN_POINT('',(-4.32E0,3.307278034881E0,-5.291869729480E0));
#8228=VERTEX_POINT('',#8226);
#8229=VERTEX_POINT('',#8227);
#8230=CARTESIAN_POINT('',(-4.32E0,3.465E0,-5.142068623827E0));
#8231=VERTEX_POINT('',#8230);
#8232=CARTESIAN_POINT('',(-4.32E0,3.465E0,-4.691471148555E0));
#8233=VERTEX_POINT('',#8232);
#8234=CARTESIAN_POINT('',(-4.32E0,3.322721965119E0,-4.541670042903E0));
#8235=VERTEX_POINT('',#8234);
#8236=CARTESIAN_POINT('',(-4.32E0,2.857135833886E0,-4.517669953920E0));
#8237=VERTEX_POINT('',#8236);
#8238=CARTESIAN_POINT('',(-4.32E0,2.715E0,-4.361338911258E0));
#8239=VERTEX_POINT('',#8238);
#8240=CARTESIAN_POINT('',(-4.32E0,1.588603896932E0,-3.8E0));
#8241=CARTESIAN_POINT('',(-4.32E0,1.906801948466E0,-3.668198051534E0));
#8242=VERTEX_POINT('',#8240);
#8243=VERTEX_POINT('',#8241);
#8244=CARTESIAN_POINT('',(-4.32E0,2.025E0,-3.55E0));
#8245=VERTEX_POINT('',#8244);
#8246=CARTESIAN_POINT('',(-4.57E0,-6.127219651191E-1,-4.189801105652E0));
#8247=CARTESIAN_POINT('',(-4.32E0,-6.127219651191E-1,-4.189801105652E0));
#8248=VERTEX_POINT('',#8246);
#8249=VERTEX_POINT('',#8247);
#8250=CARTESIAN_POINT('',(-4.57E0,2.025E0,-3.5E0));
#8251=VERTEX_POINT('',#8250);
#8252=CARTESIAN_POINT('',(-4.57E0,-1.856168910796E0,-3.5E0));
#8253=VERTEX_POINT('',#8252);
#8254=CARTESIAN_POINT('',(-4.32E0,2.025E0,-3.5E0));
#8255=VERTEX_POINT('',#8254);
#8256=CARTESIAN_POINT('',(-4.32E0,-1.856168910796E0,-3.5E0));
#8257=VERTEX_POINT('',#8256);
#8258=CARTESIAN_POINT('',(-4.57E0,1.5E0,-4.298707947495E0));
#8259=VERTEX_POINT('',#8258);
#8260=CARTESIAN_POINT('',(-4.57E0,6.986086494748E-1,-4.257397731335E0));
#8261=VERTEX_POINT('',#8260);
#8262=CARTESIAN_POINT('',(-4.57E0,-6.547870358838E-1,-4.181496470125E0));
#8263=VERTEX_POINT('',#8262);
#8264=CARTESIAN_POINT('',(-4.57E0,1.5E0,-3.8E0));
#8265=VERTEX_POINT('',#8264);
#8266=CARTESIAN_POINT('',(-4.32E0,1.5E0,-4.298707947495E0));
#8267=VERTEX_POINT('',#8266);
#8268=CARTESIAN_POINT('',(-4.32E0,6.986086494748E-1,-4.257397731335E0));
#8269=VERTEX_POINT('',#8268);
#8270=CARTESIAN_POINT('',(-4.32E0,-6.547870358838E-1,-4.181496470125E0));
#8271=VERTEX_POINT('',#8270);
#8272=CARTESIAN_POINT('',(-4.32E0,1.5E0,-3.8E0));
#8273=VERTEX_POINT('',#8272);
#8274=CARTESIAN_POINT('',(-4.57E0,-1.5E0,-4.95E0));
#8275=VERTEX_POINT('',#8274);
#8276=CARTESIAN_POINT('',(-4.57E0,-1.094911148825E0,-4.943813795375E0));
#8277=VERTEX_POINT('',#8276);
#8278=CARTESIAN_POINT('',(-4.57E0,1.126710948503E0,-4.998892664088E0));
#8279=VERTEX_POINT('',#8278);
#8280=CARTESIAN_POINT('',(-4.57E0,1.127900463883E0,-5.E0));
#8281=VERTEX_POINT('',#8280);
#8282=CARTESIAN_POINT('',(-4.32E0,-1.5E0,-4.95E0));
#8283=VERTEX_POINT('',#8282);
#8284=CARTESIAN_POINT('',(-4.32E0,-1.094911148825E0,-4.943813795375E0));
#8285=VERTEX_POINT('',#8284);
#8286=CARTESIAN_POINT('',(-4.32E0,1.126710948503E0,-4.998892664088E0));
#8287=VERTEX_POINT('',#8286);
#8288=CARTESIAN_POINT('',(-4.32E0,1.127900463883E0,-5.E0));
#8289=VERTEX_POINT('',#8288);
#8290=CARTESIAN_POINT('',(2.705E0,-2.5E0,-1.9E0));
#8291=VERTEX_POINT('',#8290);
#8292=CARTESIAN_POINT('',(1.105E0,-2.5E0,-1.9E0));
#8293=VERTEX_POINT('',#8292);
#8294=CARTESIAN_POINT('',(1.435E0,2.5E0,-1.9E0));
#8295=VERTEX_POINT('',#8294);
#8296=CARTESIAN_POINT('',(-1.65E-1,2.5E0,-1.9E0));
#8297=VERTEX_POINT('',#8296);
#8298=CARTESIAN_POINT('',(1.78E0,-1.5E0,-3.5E0));
#8299=VERTEX_POINT('',#8298);
#8300=CARTESIAN_POINT('',(1.78E0,1.5E0,-3.5E0));
#8301=VERTEX_POINT('',#8300);
#8302=CARTESIAN_POINT('',(2.03E0,-1.5E0,-3.5E0));
#8303=VERTEX_POINT('',#8302);
#8304=CARTESIAN_POINT('',(2.03E0,1.5E0,-3.5E0));
#8305=VERTEX_POINT('',#8304);
#8306=CARTESIAN_POINT('',(1.78E0,-1.5E0,-5.E0));
#8307=VERTEX_POINT('',#8306);
#8308=CARTESIAN_POINT('',(2.03E0,-1.5E0,-5.E0));
#8309=VERTEX_POINT('',#8308);
#8310=CARTESIAN_POINT('',(1.78E0,-1.127350269190E0,-5.E0));
#8311=VERTEX_POINT('',#8310);
#8312=CARTESIAN_POINT('',(2.03E0,-1.127350269190E0,-5.E0));
#8313=VERTEX_POINT('',#8312);
#8314=CARTESIAN_POINT('',(5.1E-1,-1.5E0,-3.5E0));
#8315=VERTEX_POINT('',#8314);
#8316=CARTESIAN_POINT('',(5.1E-1,1.5E0,-3.5E0));
#8317=VERTEX_POINT('',#8316);
#8318=CARTESIAN_POINT('',(7.6E-1,-1.5E0,-3.5E0));
#8319=VERTEX_POINT('',#8318);
#8320=CARTESIAN_POINT('',(7.6E-1,1.5E0,-3.5E0));
#8321=VERTEX_POINT('',#8320);
#8322=CARTESIAN_POINT('',(5.1E-1,1.5E0,-5.E0));
#8323=VERTEX_POINT('',#8322);
#8324=CARTESIAN_POINT('',(7.6E-1,1.5E0,-5.E0));
#8325=VERTEX_POINT('',#8324);
#8326=CARTESIAN_POINT('',(1.65E-1,-2.5E0,-1.9E0));
#8327=VERTEX_POINT('',#8326);
#8328=CARTESIAN_POINT('',(-1.435E0,-2.5E0,-1.9E0));
#8329=VERTEX_POINT('',#8328);
#8330=CARTESIAN_POINT('',(-1.105E0,2.5E0,-1.9E0));
#8331=VERTEX_POINT('',#8330);
#8332=CARTESIAN_POINT('',(-2.705E0,2.5E0,-1.9E0));
#8333=VERTEX_POINT('',#8332);
#8334=CARTESIAN_POINT('',(-7.6E-1,-1.5E0,-3.5E0));
#8335=VERTEX_POINT('',#8334);
#8336=CARTESIAN_POINT('',(-7.6E-1,1.5E0,-3.5E0));
#8337=VERTEX_POINT('',#8336);
#8338=CARTESIAN_POINT('',(-5.1E-1,-1.5E0,-3.5E0));
#8339=VERTEX_POINT('',#8338);
#8340=CARTESIAN_POINT('',(-5.1E-1,1.5E0,-3.5E0));
#8341=VERTEX_POINT('',#8340);
#8342=CARTESIAN_POINT('',(-7.6E-1,-1.5E0,-5.E0));
#8343=VERTEX_POINT('',#8342);
#8344=CARTESIAN_POINT('',(-5.1E-1,-1.5E0,-5.E0));
#8345=VERTEX_POINT('',#8344);
#8346=CARTESIAN_POINT('',(-7.6E-1,-1.127350269190E0,-5.E0));
#8347=VERTEX_POINT('',#8346);
#8348=CARTESIAN_POINT('',(-5.1E-1,-1.127350269190E0,-5.E0));
#8349=VERTEX_POINT('',#8348);
#8350=CARTESIAN_POINT('',(-2.03E0,-1.5E0,-3.5E0));
#8351=VERTEX_POINT('',#8350);
#8352=CARTESIAN_POINT('',(-2.03E0,1.5E0,-3.5E0));
#8353=VERTEX_POINT('',#8352);
#8354=CARTESIAN_POINT('',(-1.78E0,-1.5E0,-3.5E0));
#8355=VERTEX_POINT('',#8354);
#8356=CARTESIAN_POINT('',(-1.78E0,1.5E0,-3.5E0));
#8357=VERTEX_POINT('',#8356);
#8358=CARTESIAN_POINT('',(-2.03E0,1.5E0,-5.E0));
#8359=VERTEX_POINT('',#8358);
#8360=CARTESIAN_POINT('',(-1.78E0,1.5E0,-5.E0));
#8361=VERTEX_POINT('',#8360);
#8362=CARTESIAN_POINT('',(-2.375E0,-2.5E0,-1.9E0));
#8363=VERTEX_POINT('',#8362);
#8364=CARTESIAN_POINT('',(-3.975E0,-2.5E0,-1.9E0));
#8365=VERTEX_POINT('',#8364);
#8366=CARTESIAN_POINT('',(-3.645E0,2.5E0,-1.9E0));
#8367=VERTEX_POINT('',#8366);
#8368=CARTESIAN_POINT('',(-5.245E0,2.5E0,-1.9E0));
#8369=VERTEX_POINT('',#8368);
#8370=CARTESIAN_POINT('',(-3.3E0,-1.5E0,-3.5E0));
#8371=VERTEX_POINT('',#8370);
#8372=CARTESIAN_POINT('',(-3.3E0,1.5E0,-3.5E0));
#8373=VERTEX_POINT('',#8372);
#8374=CARTESIAN_POINT('',(-3.05E0,-1.5E0,-3.5E0));
#8375=VERTEX_POINT('',#8374);
#8376=CARTESIAN_POINT('',(-3.05E0,1.5E0,-3.5E0));
#8377=VERTEX_POINT('',#8376);
#8378=CARTESIAN_POINT('',(-3.3E0,-1.5E0,-5.E0));
#8379=VERTEX_POINT('',#8378);
#8380=CARTESIAN_POINT('',(-3.05E0,-1.5E0,-5.E0));
#8381=VERTEX_POINT('',#8380);
#8382=CARTESIAN_POINT('',(-3.3E0,-1.127350269190E0,-5.E0));
#8383=VERTEX_POINT('',#8382);
#8384=CARTESIAN_POINT('',(-3.05E0,-1.127350269190E0,-5.E0));
#8385=VERTEX_POINT('',#8384);
#8386=CARTESIAN_POINT('',(-4.57E0,-1.5E0,-3.5E0));
#8387=VERTEX_POINT('',#8386);
#8388=CARTESIAN_POINT('',(-4.57E0,1.5E0,-3.5E0));
#8389=VERTEX_POINT('',#8388);
#8390=CARTESIAN_POINT('',(-4.32E0,-1.5E0,-3.5E0));
#8391=VERTEX_POINT('',#8390);
#8392=CARTESIAN_POINT('',(-4.32E0,1.5E0,-3.5E0));
#8393=VERTEX_POINT('',#8392);
#8394=CARTESIAN_POINT('',(-4.57E0,1.5E0,-5.E0));
#8395=VERTEX_POINT('',#8394);
#8396=CARTESIAN_POINT('',(-4.32E0,1.5E0,-5.E0));
#8397=VERTEX_POINT('',#8396);
#8398=CARTESIAN_POINT('',(-7.315E0,0.E0,0.E0));
#8399=DIRECTION('',(1.E0,0.E0,0.E0));
#8400=DIRECTION('',(0.E0,1.E0,0.E0));
#8401=AXIS2_PLACEMENT_3D('',#8398,#8399,#8400);
#8402=PLANE('',#8401);
#8404=ORIENTED_EDGE('',*,*,#8403,.T.);
#8406=ORIENTED_EDGE('',*,*,#8405,.T.);
#8408=ORIENTED_EDGE('',*,*,#8407,.T.);
#8410=ORIENTED_EDGE('',*,*,#8409,.T.);
#8412=ORIENTED_EDGE('',*,*,#8411,.T.);
#8414=ORIENTED_EDGE('',*,*,#8413,.T.);
#8416=ORIENTED_EDGE('',*,*,#8415,.T.);
#8418=ORIENTED_EDGE('',*,*,#8417,.T.);
#8420=ORIENTED_EDGE('',*,*,#8419,.T.);
#8422=ORIENTED_EDGE('',*,*,#8421,.T.);
#8424=ORIENTED_EDGE('',*,*,#8423,.T.);
#8426=ORIENTED_EDGE('',*,*,#8425,.T.);
#8428=ORIENTED_EDGE('',*,*,#8427,.T.);
#8430=ORIENTED_EDGE('',*,*,#8429,.T.);
#8432=ORIENTED_EDGE('',*,*,#8431,.T.);
#8434=ORIENTED_EDGE('',*,*,#8433,.T.);
#8435=EDGE_LOOP('',(#8404,#8406,#8408,#8410,#8412,#8414,#8416,#8418,#8420,#8422,
#8424,#8426,#8428,#8430,#8432,#8434));
#8436=FACE_OUTER_BOUND('',#8435,.F.);
#8438=CARTESIAN_POINT('',(-7.315E0,-1.925E0,0.E0));
#8439=DIRECTION('',(0.E0,-9.992218234090E-1,3.944296671351E-2));
#8440=DIRECTION('',(0.E0,-3.944296671351E-2,-9.992218234090E-1));
#8441=AXIS2_PLACEMENT_3D('',#8438,#8439,#8440);
#8442=PLANE('',#8441);
#8444=ORIENTED_EDGE('',*,*,#8443,.F.);
#8446=ORIENTED_EDGE('',*,*,#8445,.T.);
#8448=ORIENTED_EDGE('',*,*,#8447,.T.);
#8450=ORIENTED_EDGE('',*,*,#8449,.T.);
#8452=ORIENTED_EDGE('',*,*,#8451,.F.);
#8453=EDGE_LOOP('',(#8444,#8446,#8448,#8450,#8452));
#8454=FACE_OUTER_BOUND('',#8453,.F.);
#8456=CARTESIAN_POINT('',(-7.315E0,-1.925E0,0.E0));
#8457=DIRECTION('',(0.E0,-9.992218234090E-1,3.944296671351E-2));
#8458=DIRECTION('',(0.E0,-3.944296671351E-2,-9.992218234090E-1));
#8459=AXIS2_PLACEMENT_3D('',#8456,#8457,#8458);
#8460=PLANE('',#8459);
#8462=ORIENTED_EDGE('',*,*,#8461,.F.);
#8464=ORIENTED_EDGE('',*,*,#8463,.F.);
#8465=ORIENTED_EDGE('',*,*,#8403,.F.);
#8467=ORIENTED_EDGE('',*,*,#8466,.T.);
#8469=ORIENTED_EDGE('',*,*,#8468,.T.);
#8470=EDGE_LOOP('',(#8462,#8464,#8465,#8467,#8469));
#8471=FACE_OUTER_BOUND('',#8470,.F.);
#8473=CARTESIAN_POINT('',(-7.315E0,-1.925E0,0.E0));
#8474=DIRECTION('',(0.E0,-9.992218234090E-1,3.944296671351E-2));
#8475=DIRECTION('',(0.E0,-3.944296671351E-2,-9.992218234090E-1));
#8476=AXIS2_PLACEMENT_3D('',#8473,#8474,#8475);
#8477=PLANE('',#8476);
#8479=ORIENTED_EDGE('',*,*,#8478,.F.);
#8481=ORIENTED_EDGE('',*,*,#8480,.F.);
#8483=ORIENTED_EDGE('',*,*,#8482,.T.);
#8485=ORIENTED_EDGE('',*,*,#8484,.T.);
#8487=ORIENTED_EDGE('',*,*,#8486,.F.);
#8489=ORIENTED_EDGE('',*,*,#8488,.F.);
#8491=ORIENTED_EDGE('',*,*,#8490,.T.);
#8493=ORIENTED_EDGE('',*,*,#8492,.T.);
#8495=ORIENTED_EDGE('',*,*,#8494,.F.);
#8497=ORIENTED_EDGE('',*,*,#8496,.F.);
#8499=ORIENTED_EDGE('',*,*,#8498,.T.);
#8501=ORIENTED_EDGE('',*,*,#8500,.T.);
#8503=ORIENTED_EDGE('',*,*,#8502,.F.);
#8505=ORIENTED_EDGE('',*,*,#8504,.F.);
#8507=ORIENTED_EDGE('',*,*,#8506,.T.);
#8509=ORIENTED_EDGE('',*,*,#8508,.T.);
#8511=ORIENTED_EDGE('',*,*,#8510,.F.);
#8513=ORIENTED_EDGE('',*,*,#8512,.F.);
#8515=ORIENTED_EDGE('',*,*,#8514,.T.);
#8517=ORIENTED_EDGE('',*,*,#8516,.T.);
#8518=EDGE_LOOP('',(#8479,#8481,#8483,#8485,#8487,#8489,#8491,#8493,#8495,#8497,
#8499,#8501,#8503,#8505,#8507,#8509,#8511,#8513,#8515,#8517));
#8519=FACE_OUTER_BOUND('',#8518,.F.);
#8521=CARTESIAN_POINT('',(6.865E0,-3.E0,-2.5E0));
#8522=DIRECTION('',(1.E0,0.E0,0.E0));
#8523=DIRECTION('',(0.E0,0.E0,1.E0));
#8524=AXIS2_PLACEMENT_3D('',#8521,#8522,#8523);
#8525=PLANE('',#8524);
#8527=ORIENTED_EDGE('',*,*,#8526,.F.);
#8529=ORIENTED_EDGE('',*,*,#8528,.F.);
#8531=ORIENTED_EDGE('',*,*,#8530,.F.);
#8533=ORIENTED_EDGE('',*,*,#8532,.T.);
#8535=ORIENTED_EDGE('',*,*,#8534,.F.);
#8537=ORIENTED_EDGE('',*,*,#8536,.F.);
#8539=ORIENTED_EDGE('',*,*,#8538,.F.);
#8540=ORIENTED_EDGE('',*,*,#8443,.T.);
#8542=ORIENTED_EDGE('',*,*,#8541,.T.);
#8544=ORIENTED_EDGE('',*,*,#8543,.T.);
#8546=ORIENTED_EDGE('',*,*,#8545,.T.);
#8548=ORIENTED_EDGE('',*,*,#8547,.F.);
#8550=ORIENTED_EDGE('',*,*,#8549,.F.);
#8552=ORIENTED_EDGE('',*,*,#8551,.T.);
#8554=ORIENTED_EDGE('',*,*,#8553,.T.);
#8556=ORIENTED_EDGE('',*,*,#8555,.F.);
#8558=ORIENTED_EDGE('',*,*,#8557,.T.);
#8560=ORIENTED_EDGE('',*,*,#8559,.T.);
#8562=ORIENTED_EDGE('',*,*,#8561,.T.);
#8564=ORIENTED_EDGE('',*,*,#8563,.T.);
#8565=EDGE_LOOP('',(#8527,#8529,#8531,#8533,#8535,#8537,#8539,#8540,#8542,#8544,
#8546,#8548,#8550,#8552,#8554,#8556,#8558,#8560,#8562,#8564));
#8566=FACE_OUTER_BOUND('',#8565,.F.);
#8568=CARTESIAN_POINT('',(6.865E0,-3.E0,-1.158209720667E0));
#8569=DIRECTION('',(5.446390350150E-1,0.E0,8.386705679454E-1));
#8570=DIRECTION('',(-8.386705679454E-1,0.E0,5.446390350150E-1));
#8571=AXIS2_PLACEMENT_3D('',#8568,#8569,#8570);
#8572=PLANE('',#8571);
#8574=ORIENTED_EDGE('',*,*,#8573,.T.);
#8576=ORIENTED_EDGE('',*,*,#8575,.F.);
#8578=ORIENTED_EDGE('',*,*,#8577,.F.);
#8579=ORIENTED_EDGE('',*,*,#8526,.T.);
#8580=EDGE_LOOP('',(#8574,#8576,#8578,#8579));
#8581=FACE_OUTER_BOUND('',#8580,.F.);
#8583=CARTESIAN_POINT('',(6.865E0,-3.E0,-1.158209720667E0));
#8584=DIRECTION('',(5.446390350150E-1,0.E0,8.386705679454E-1));
#8585=DIRECTION('',(-8.386705679454E-1,0.E0,5.446390350150E-1));
#8586=AXIS2_PLACEMENT_3D('',#8583,#8584,#8585);
#8587=PLANE('',#8586);
#8589=ORIENTED_EDGE('',*,*,#8588,.T.);
#8591=ORIENTED_EDGE('',*,*,#8590,.F.);
#8593=ORIENTED_EDGE('',*,*,#8592,.F.);
#8594=ORIENTED_EDGE('',*,*,#8534,.T.);
#8595=EDGE_LOOP('',(#8589,#8591,#8593,#8594));
#8596=FACE_OUTER_BOUND('',#8595,.F.);
#8598=CARTESIAN_POINT('',(6.375E0,1.E0,0.E0));
#8599=DIRECTION('',(0.E0,-1.E0,0.E0));
#8600=DIRECTION('',(1.E0,0.E0,0.E0));
#8601=AXIS2_PLACEMENT_3D('',#8598,#8599,#8600);
#8602=PLANE('',#8601);
#8603=ORIENTED_EDGE('',*,*,#8573,.F.);
#8604=ORIENTED_EDGE('',*,*,#8563,.F.);
#8606=ORIENTED_EDGE('',*,*,#8605,.F.);
#8608=ORIENTED_EDGE('',*,*,#8607,.F.);
#8609=EDGE_LOOP('',(#8603,#8604,#8606,#8608));
#8610=FACE_OUTER_BOUND('',#8609,.F.);
#8612=CARTESIAN_POINT('',(6.375E0,-3.E0,-6.9E-1));
#8613=DIRECTION('',(7.071067811866E-1,0.E0,-7.071067811865E-1));
#8614=DIRECTION('',(7.071067811865E-1,0.E0,7.071067811866E-1));
#8615=AXIS2_PLACEMENT_3D('',#8612,#8613,#8614);
#8616=PLANE('',#8615);
#8617=ORIENTED_EDGE('',*,*,#8605,.T.);
#8618=ORIENTED_EDGE('',*,*,#8561,.F.);
#8620=ORIENTED_EDGE('',*,*,#8619,.T.);
#8622=ORIENTED_EDGE('',*,*,#8621,.T.);
#8623=ORIENTED_EDGE('',*,*,#8445,.F.);
#8624=ORIENTED_EDGE('',*,*,#8538,.T.);
#8626=ORIENTED_EDGE('',*,*,#8625,.F.);
#8628=ORIENTED_EDGE('',*,*,#8627,.T.);
#8630=ORIENTED_EDGE('',*,*,#8629,.T.);
#8631=ORIENTED_EDGE('',*,*,#8530,.T.);
#8633=ORIENTED_EDGE('',*,*,#8632,.F.);
#8635=ORIENTED_EDGE('',*,*,#8634,.T.);
#8636=EDGE_LOOP('',(#8617,#8618,#8620,#8622,#8623,#8624,#8626,#8628,#8630,#8631,
#8633,#8635));
#8637=FACE_OUTER_BOUND('',#8636,.F.);
#8639=CARTESIAN_POINT('',(-7.315E0,2.E0,-1.9E0));
#8640=DIRECTION('',(0.E0,9.992218234090E-1,3.944296671351E-2));
#8641=DIRECTION('',(0.E0,-3.944296671351E-2,9.992218234090E-1));
#8642=AXIS2_PLACEMENT_3D('',#8639,#8640,#8641);
#8643=PLANE('',#8642);
#8644=ORIENTED_EDGE('',*,*,#8559,.F.);
#8646=ORIENTED_EDGE('',*,*,#8645,.T.);
#8648=ORIENTED_EDGE('',*,*,#8647,.T.);
#8650=ORIENTED_EDGE('',*,*,#8649,.F.);
#8651=ORIENTED_EDGE('',*,*,#8619,.F.);
#8652=EDGE_LOOP('',(#8644,#8646,#8648,#8650,#8651));
#8653=FACE_OUTER_BOUND('',#8652,.F.);
#8655=CARTESIAN_POINT('',(-7.315E0,2.E0,-1.9E0));
#8656=DIRECTION('',(0.E0,9.992218234090E-1,3.944296671351E-2));
#8657=DIRECTION('',(0.E0,-3.944296671351E-2,9.992218234090E-1));
#8658=AXIS2_PLACEMENT_3D('',#8655,#8656,#8657);
#8659=PLANE('',#8658);
#8661=ORIENTED_EDGE('',*,*,#8660,.F.);
#8663=ORIENTED_EDGE('',*,*,#8662,.F.);
#8665=ORIENTED_EDGE('',*,*,#8664,.F.);
#8666=ORIENTED_EDGE('',*,*,#8431,.F.);
#8668=ORIENTED_EDGE('',*,*,#8667,.T.);
#8669=EDGE_LOOP('',(#8661,#8663,#8665,#8666,#8668));
#8670=FACE_OUTER_BOUND('',#8669,.F.);
#8672=CARTESIAN_POINT('',(-7.315E0,2.E0,-1.9E0));
#8673=DIRECTION('',(0.E0,9.992218234090E-1,3.944296671351E-2));
#8674=DIRECTION('',(0.E0,-3.944296671351E-2,9.992218234090E-1));
#8675=AXIS2_PLACEMENT_3D('',#8672,#8673,#8674);
#8676=PLANE('',#8675);
#8678=ORIENTED_EDGE('',*,*,#8677,.T.);
#8680=ORIENTED_EDGE('',*,*,#8679,.T.);
#8682=ORIENTED_EDGE('',*,*,#8681,.F.);
#8684=ORIENTED_EDGE('',*,*,#8683,.F.);
#8686=ORIENTED_EDGE('',*,*,#8685,.T.);
#8688=ORIENTED_EDGE('',*,*,#8687,.T.);
#8690=ORIENTED_EDGE('',*,*,#8689,.F.);
#8692=ORIENTED_EDGE('',*,*,#8691,.F.);
#8694=ORIENTED_EDGE('',*,*,#8693,.T.);
#8696=ORIENTED_EDGE('',*,*,#8695,.T.);
#8698=ORIENTED_EDGE('',*,*,#8697,.F.);
#8700=ORIENTED_EDGE('',*,*,#8699,.F.);
#8702=ORIENTED_EDGE('',*,*,#8701,.T.);
#8704=ORIENTED_EDGE('',*,*,#8703,.T.);
#8706=ORIENTED_EDGE('',*,*,#8705,.F.);
#8708=ORIENTED_EDGE('',*,*,#8707,.F.);
#8710=ORIENTED_EDGE('',*,*,#8709,.T.);
#8712=ORIENTED_EDGE('',*,*,#8711,.T.);
#8714=ORIENTED_EDGE('',*,*,#8713,.F.);
#8716=ORIENTED_EDGE('',*,*,#8715,.F.);
#8717=EDGE_LOOP('',(#8678,#8680,#8682,#8684,#8686,#8688,#8690,#8692,#8694,#8696,
#8698,#8700,#8702,#8704,#8706,#8708,#8710,#8712,#8714,#8716));
#8718=FACE_OUTER_BOUND('',#8717,.F.);
#8720=CARTESIAN_POINT('',(-7.315E0,-2.E0,-1.9E0));
#8721=DIRECTION('',(0.E0,0.E0,1.E0));
#8722=DIRECTION('',(0.E0,-1.E0,0.E0));
#8723=AXIS2_PLACEMENT_3D('',#8720,#8721,#8722);
#8724=PLANE('',#8723);
#8726=ORIENTED_EDGE('',*,*,#8725,.T.);
#8727=ORIENTED_EDGE('',*,*,#8667,.F.);
#8728=ORIENTED_EDGE('',*,*,#8429,.F.);
#8730=ORIENTED_EDGE('',*,*,#8729,.T.);
#8731=EDGE_LOOP('',(#8726,#8727,#8728,#8730));
#8732=FACE_OUTER_BOUND('',#8731,.F.);
#8734=CARTESIAN_POINT('',(-7.315E0,-2.E0,-1.9E0));
#8735=DIRECTION('',(0.E0,0.E0,1.E0));
#8736=DIRECTION('',(0.E0,-1.E0,0.E0));
#8737=AXIS2_PLACEMENT_3D('',#8734,#8735,#8736);
#8738=PLANE('',#8737);
#8739=ORIENTED_EDGE('',*,*,#8557,.F.);
#8741=ORIENTED_EDGE('',*,*,#8740,.T.);
#8743=ORIENTED_EDGE('',*,*,#8742,.T.);
#8744=ORIENTED_EDGE('',*,*,#8645,.F.);
#8745=EDGE_LOOP('',(#8739,#8741,#8743,#8744));
#8746=FACE_OUTER_BOUND('',#8745,.F.);
#8748=CARTESIAN_POINT('',(-7.315E0,-2.E0,-1.9E0));
#8749=DIRECTION('',(0.E0,0.E0,1.E0));
#8750=DIRECTION('',(0.E0,-1.E0,0.E0));
#8751=AXIS2_PLACEMENT_3D('',#8748,#8749,#8750);
#8752=PLANE('',#8751);
#8753=ORIENTED_EDGE('',*,*,#8541,.F.);
#8754=ORIENTED_EDGE('',*,*,#8451,.T.);
#8756=ORIENTED_EDGE('',*,*,#8755,.T.);
#8758=ORIENTED_EDGE('',*,*,#8757,.F.);
#8759=EDGE_LOOP('',(#8753,#8754,#8756,#8758));
#8760=FACE_OUTER_BOUND('',#8759,.F.);
#8762=CARTESIAN_POINT('',(-7.315E0,-2.E0,-1.9E0));
#8763=DIRECTION('',(0.E0,0.E0,1.E0));
#8764=DIRECTION('',(0.E0,-1.E0,0.E0));
#8765=AXIS2_PLACEMENT_3D('',#8762,#8763,#8764);
#8766=PLANE('',#8765);
#8768=ORIENTED_EDGE('',*,*,#8767,.T.);
#8770=ORIENTED_EDGE('',*,*,#8769,.F.);
#8771=ORIENTED_EDGE('',*,*,#8405,.F.);
#8772=ORIENTED_EDGE('',*,*,#8463,.T.);
#8773=EDGE_LOOP('',(#8768,#8770,#8771,#8772));
#8774=FACE_OUTER_BOUND('',#8773,.F.);
#8776=CARTESIAN_POINT('',(-7.315E0,-2.E0,-1.9E0));
#8777=DIRECTION('',(0.E0,0.E0,1.E0));
#8778=DIRECTION('',(0.E0,-1.E0,0.E0));
#8779=AXIS2_PLACEMENT_3D('',#8776,#8777,#8778);
#8780=PLANE('',#8779);
#8782=ORIENTED_EDGE('',*,*,#8781,.T.);
#8783=ORIENTED_EDGE('',*,*,#8494,.T.);
#8785=ORIENTED_EDGE('',*,*,#8784,.T.);
#8787=ORIENTED_EDGE('',*,*,#8786,.F.);
#8789=ORIENTED_EDGE('',*,*,#8788,.T.);
#8791=ORIENTED_EDGE('',*,*,#8790,.F.);
#8792=EDGE_LOOP('',(#8782,#8783,#8785,#8787,#8789,#8791));
#8793=FACE_OUTER_BOUND('',#8792,.F.);
#8795=CARTESIAN_POINT('',(-7.315E0,-2.E0,-1.9E0));
#8796=DIRECTION('',(0.E0,0.E0,1.E0));
#8797=DIRECTION('',(0.E0,-1.E0,0.E0));
#8798=AXIS2_PLACEMENT_3D('',#8795,#8796,#8797);
#8799=PLANE('',#8798);
#8801=ORIENTED_EDGE('',*,*,#8800,.F.);
#8803=ORIENTED_EDGE('',*,*,#8802,.T.);
#8805=ORIENTED_EDGE('',*,*,#8804,.T.);
#8807=ORIENTED_EDGE('',*,*,#8806,.F.);
#8809=ORIENTED_EDGE('',*,*,#8808,.T.);
#8810=ORIENTED_EDGE('',*,*,#8709,.F.);
#8811=EDGE_LOOP('',(#8801,#8803,#8805,#8807,#8809,#8810));
#8812=FACE_OUTER_BOUND('',#8811,.F.);
#8814=CARTESIAN_POINT('',(-7.315E0,-2.E0,-1.9E0));
#8815=DIRECTION('',(0.E0,0.E0,1.E0));
#8816=DIRECTION('',(0.E0,-1.E0,0.E0));
#8817=AXIS2_PLACEMENT_3D('',#8814,#8815,#8816);
#8818=PLANE('',#8817);
#8820=ORIENTED_EDGE('',*,*,#8819,.T.);
#8821=ORIENTED_EDGE('',*,*,#8502,.T.);
#8823=ORIENTED_EDGE('',*,*,#8822,.F.);
#8825=ORIENTED_EDGE('',*,*,#8824,.F.);
#8826=EDGE_LOOP('',(#8820,#8821,#8823,#8825));
#8827=FACE_OUTER_BOUND('',#8826,.F.);
#8829=CARTESIAN_POINT('',(-7.315E0,-2.E0,-1.9E0));
#8830=DIRECTION('',(0.E0,0.E0,1.E0));
#8831=DIRECTION('',(0.E0,-1.E0,0.E0));
#8832=AXIS2_PLACEMENT_3D('',#8829,#8830,#8831);
#8833=PLANE('',#8832);
#8835=ORIENTED_EDGE('',*,*,#8834,.F.);
#8837=ORIENTED_EDGE('',*,*,#8836,.T.);
#8839=ORIENTED_EDGE('',*,*,#8838,.T.);
#8840=ORIENTED_EDGE('',*,*,#8701,.F.);
#8841=EDGE_LOOP('',(#8835,#8837,#8839,#8840));
#8842=FACE_OUTER_BOUND('',#8841,.F.);
#8844=CARTESIAN_POINT('',(-7.315E0,-2.E0,-1.9E0));
#8845=DIRECTION('',(0.E0,0.E0,1.E0));
#8846=DIRECTION('',(0.E0,-1.E0,0.E0));
#8847=AXIS2_PLACEMENT_3D('',#8844,#8845,#8846);
#8848=PLANE('',#8847);
#8850=ORIENTED_EDGE('',*,*,#8849,.T.);
#8851=ORIENTED_EDGE('',*,*,#8510,.T.);
#8853=ORIENTED_EDGE('',*,*,#8852,.F.);
#8855=ORIENTED_EDGE('',*,*,#8854,.F.);
#8856=EDGE_LOOP('',(#8850,#8851,#8853,#8855));
#8857=FACE_OUTER_BOUND('',#8856,.F.);
#8859=CARTESIAN_POINT('',(-7.315E0,-2.E0,-1.9E0));
#8860=DIRECTION('',(0.E0,0.E0,1.E0));
#8861=DIRECTION('',(0.E0,-1.E0,0.E0));
#8862=AXIS2_PLACEMENT_3D('',#8859,#8860,#8861);
#8863=PLANE('',#8862);
#8865=ORIENTED_EDGE('',*,*,#8864,.F.);
#8867=ORIENTED_EDGE('',*,*,#8866,.T.);
#8869=ORIENTED_EDGE('',*,*,#8868,.T.);
#8870=ORIENTED_EDGE('',*,*,#8693,.F.);
#8871=EDGE_LOOP('',(#8865,#8867,#8869,#8870));
#8872=FACE_OUTER_BOUND('',#8871,.F.);
#8874=CARTESIAN_POINT('',(-7.315E0,-2.E0,-1.9E0));
#8875=DIRECTION('',(0.E0,0.E0,1.E0));
#8876=DIRECTION('',(0.E0,-1.E0,0.E0));
#8877=AXIS2_PLACEMENT_3D('',#8874,#8875,#8876);
#8878=PLANE('',#8877);
#8880=ORIENTED_EDGE('',*,*,#8879,.T.);
#8881=ORIENTED_EDGE('',*,*,#8478,.T.);
#8883=ORIENTED_EDGE('',*,*,#8882,.F.);
#8885=ORIENTED_EDGE('',*,*,#8884,.F.);
#8886=EDGE_LOOP('',(#8880,#8881,#8883,#8885));
#8887=FACE_OUTER_BOUND('',#8886,.F.);
#8889=CARTESIAN_POINT('',(-7.315E0,-2.E0,-1.9E0));
#8890=DIRECTION('',(0.E0,0.E0,1.E0));
#8891=DIRECTION('',(0.E0,-1.E0,0.E0));
#8892=AXIS2_PLACEMENT_3D('',#8889,#8890,#8891);
#8893=PLANE('',#8892);
#8895=ORIENTED_EDGE('',*,*,#8894,.F.);
#8897=ORIENTED_EDGE('',*,*,#8896,.T.);
#8899=ORIENTED_EDGE('',*,*,#8898,.T.);
#8900=ORIENTED_EDGE('',*,*,#8685,.F.);
#8901=EDGE_LOOP('',(#8895,#8897,#8899,#8900));
#8902=FACE_OUTER_BOUND('',#8901,.F.);
#8904=CARTESIAN_POINT('',(-7.315E0,-2.E0,-1.9E0));
#8905=DIRECTION('',(0.E0,0.E0,1.E0));
#8906=DIRECTION('',(0.E0,-1.E0,0.E0));
#8907=AXIS2_PLACEMENT_3D('',#8904,#8905,#8906);
#8908=PLANE('',#8907);
#8910=ORIENTED_EDGE('',*,*,#8909,.T.);
#8911=ORIENTED_EDGE('',*,*,#8677,.F.);
#8913=ORIENTED_EDGE('',*,*,#8912,.F.);
#8914=ORIENTED_EDGE('',*,*,#8486,.T.);
#8916=ORIENTED_EDGE('',*,*,#8915,.F.);
#8918=ORIENTED_EDGE('',*,*,#8917,.F.);
#8920=ORIENTED_EDGE('',*,*,#8919,.T.);
#8922=ORIENTED_EDGE('',*,*,#8921,.T.);
#8923=EDGE_LOOP('',(#8910,#8911,#8913,#8914,#8916,#8918,#8920,#8922));
#8924=FACE_OUTER_BOUND('',#8923,.F.);
#8926=CARTESIAN_POINT('',(-6.865E0,-3.E0,-3.5E0));
#8927=DIRECTION('',(-1.E0,0.E0,0.E0));
#8928=DIRECTION('',(0.E0,0.E0,-1.E0));
#8929=AXIS2_PLACEMENT_3D('',#8926,#8927,#8928);
#8930=PLANE('',#8929);
#8932=ORIENTED_EDGE('',*,*,#8931,.T.);
#8934=ORIENTED_EDGE('',*,*,#8933,.F.);
#8936=ORIENTED_EDGE('',*,*,#8935,.F.);
#8938=ORIENTED_EDGE('',*,*,#8937,.T.);
#8940=ORIENTED_EDGE('',*,*,#8939,.T.);
#8942=ORIENTED_EDGE('',*,*,#8941,.F.);
#8944=ORIENTED_EDGE('',*,*,#8943,.F.);
#8945=ORIENTED_EDGE('',*,*,#8660,.T.);
#8946=ORIENTED_EDGE('',*,*,#8725,.F.);
#8948=ORIENTED_EDGE('',*,*,#8947,.T.);
#8950=ORIENTED_EDGE('',*,*,#8949,.F.);
#8952=ORIENTED_EDGE('',*,*,#8951,.F.);
#8954=ORIENTED_EDGE('',*,*,#8953,.T.);
#8956=ORIENTED_EDGE('',*,*,#8955,.F.);
#8958=ORIENTED_EDGE('',*,*,#8957,.F.);
#8960=ORIENTED_EDGE('',*,*,#8959,.F.);
#8962=ORIENTED_EDGE('',*,*,#8961,.F.);
#8964=ORIENTED_EDGE('',*,*,#8963,.F.);
#8966=ORIENTED_EDGE('',*,*,#8965,.F.);
#8968=ORIENTED_EDGE('',*,*,#8967,.F.);
#8970=ORIENTED_EDGE('',*,*,#8969,.T.);
#8972=ORIENTED_EDGE('',*,*,#8971,.T.);
#8974=ORIENTED_EDGE('',*,*,#8973,.F.);
#8976=ORIENTED_EDGE('',*,*,#8975,.F.);
#8977=ORIENTED_EDGE('',*,*,#8767,.F.);
#8978=ORIENTED_EDGE('',*,*,#8461,.T.);
#8980=ORIENTED_EDGE('',*,*,#8979,.T.);
#8982=ORIENTED_EDGE('',*,*,#8981,.T.);
#8983=EDGE_LOOP('',(#8932,#8934,#8936,#8938,#8940,#8942,#8944,#8945,#8946,#8948,
#8950,#8952,#8954,#8956,#8958,#8960,#8962,#8964,#8966,#8968,#8970,#8972,#8974,
#8976,#8977,#8978,#8980,#8982));
#8984=FACE_OUTER_BOUND('',#8983,.F.);
#8986=CARTESIAN_POINT('',(-6.375E0,-3.E0,-8.4E-1));
#8987=DIRECTION('',(-5.446390350151E-1,0.E0,8.386705679454E-1));
#8988=DIRECTION('',(-8.386705679454E-1,0.E0,-5.446390350151E-1));
#8989=AXIS2_PLACEMENT_3D('',#8986,#8987,#8988);
#8990=PLANE('',#8989);
#8992=ORIENTED_EDGE('',*,*,#8991,.T.);
#8993=ORIENTED_EDGE('',*,*,#8939,.F.);
#8995=ORIENTED_EDGE('',*,*,#8994,.F.);
#8997=ORIENTED_EDGE('',*,*,#8996,.T.);
#8998=EDGE_LOOP('',(#8992,#8993,#8995,#8997));
#8999=FACE_OUTER_BOUND('',#8998,.F.);
#9001=CARTESIAN_POINT('',(-6.375E0,-3.E0,-8.4E-1));
#9002=DIRECTION('',(-5.446390350151E-1,0.E0,8.386705679454E-1));
#9003=DIRECTION('',(-8.386705679454E-1,0.E0,-5.446390350151E-1));
#9004=AXIS2_PLACEMENT_3D('',#9001,#9002,#9003);
#9005=PLANE('',#9004);
#9007=ORIENTED_EDGE('',*,*,#9006,.T.);
#9008=ORIENTED_EDGE('',*,*,#8931,.F.);
#9010=ORIENTED_EDGE('',*,*,#9009,.F.);
#9012=ORIENTED_EDGE('',*,*,#9011,.T.);
#9013=EDGE_LOOP('',(#9007,#9008,#9010,#9012));
#9014=FACE_OUTER_BOUND('',#9013,.F.);
#9016=CARTESIAN_POINT('',(-6.865E0,1.E0,0.E0));
#9017=DIRECTION('',(0.E0,-1.E0,0.E0));
#9018=DIRECTION('',(1.E0,0.E0,0.E0));
#9019=AXIS2_PLACEMENT_3D('',#9016,#9017,#9018);
#9020=PLANE('',#9019);
#9022=ORIENTED_EDGE('',*,*,#9021,.T.);
#9023=ORIENTED_EDGE('',*,*,#8941,.T.);
#9024=ORIENTED_EDGE('',*,*,#8991,.F.);
#9026=ORIENTED_EDGE('',*,*,#9025,.F.);
#9027=EDGE_LOOP('',(#9022,#9023,#9024,#9026));
#9028=FACE_OUTER_BOUND('',#9027,.F.);
#9030=CARTESIAN_POINT('',(-7.065E0,-3.E0,0.E0));
#9031=DIRECTION('',(-7.071067811865E-1,0.E0,-7.071067811866E-1));
#9032=DIRECTION('',(7.071067811866E-1,0.E0,-7.071067811865E-1));
#9033=AXIS2_PLACEMENT_3D('',#9030,#9031,#9032);
#9034=PLANE('',#9033);
#9035=ORIENTED_EDGE('',*,*,#8943,.T.);
#9036=ORIENTED_EDGE('',*,*,#9021,.F.);
#9038=ORIENTED_EDGE('',*,*,#9037,.F.);
#9040=ORIENTED_EDGE('',*,*,#9039,.T.);
#9041=ORIENTED_EDGE('',*,*,#8935,.T.);
#9043=ORIENTED_EDGE('',*,*,#9042,.F.);
#9045=ORIENTED_EDGE('',*,*,#9044,.F.);
#9047=ORIENTED_EDGE('',*,*,#9046,.T.);
#9048=ORIENTED_EDGE('',*,*,#8979,.F.);
#9049=ORIENTED_EDGE('',*,*,#8468,.F.);
#9051=ORIENTED_EDGE('',*,*,#9050,.F.);
#9052=ORIENTED_EDGE('',*,*,#8662,.T.);
#9053=EDGE_LOOP('',(#9035,#9036,#9038,#9040,#9041,#9043,#9045,#9047,#9048,#9049,
#9051,#9052));
#9054=FACE_OUTER_BOUND('',#9053,.F.);
#9056=CARTESIAN_POINT('',(-6.375E0,-3.E0,-6.9E-1));
#9057=DIRECTION('',(-1.E0,0.E0,0.E0));
#9058=DIRECTION('',(0.E0,0.E0,-1.E0));
#9059=AXIS2_PLACEMENT_3D('',#9056,#9057,#9058);
#9060=PLANE('',#9059);
#9061=ORIENTED_EDGE('',*,*,#9025,.T.);
#9062=ORIENTED_EDGE('',*,*,#8996,.F.);
#9064=ORIENTED_EDGE('',*,*,#9063,.F.);
#9065=ORIENTED_EDGE('',*,*,#9037,.T.);
#9066=EDGE_LOOP('',(#9061,#9062,#9064,#9065));
#9067=FACE_OUTER_BOUND('',#9066,.F.);
#9069=CARTESIAN_POINT('',(-6.375E0,-3.E0,-6.9E-1));
#9070=DIRECTION('',(-1.E0,0.E0,0.E0));
#9071=DIRECTION('',(0.E0,0.E0,-1.E0));
#9072=AXIS2_PLACEMENT_3D('',#9069,#9070,#9071);
#9073=PLANE('',#9072);
#9075=ORIENTED_EDGE('',*,*,#9074,.T.);
#9076=ORIENTED_EDGE('',*,*,#9011,.F.);
#9078=ORIENTED_EDGE('',*,*,#9077,.F.);
#9079=ORIENTED_EDGE('',*,*,#9044,.T.);
#9080=EDGE_LOOP('',(#9075,#9076,#9078,#9079));
#9081=FACE_OUTER_BOUND('',#9080,.F.);
#9083=CARTESIAN_POINT('',(-6.375E0,5.E-1,0.E0));
#9084=DIRECTION('',(0.E0,1.E0,0.E0));
#9085=DIRECTION('',(-1.E0,0.E0,0.E0));
#9086=AXIS2_PLACEMENT_3D('',#9083,#9084,#9085);
#9087=PLANE('',#9086);
#9088=ORIENTED_EDGE('',*,*,#9039,.F.);
#9089=ORIENTED_EDGE('',*,*,#9063,.T.);
#9090=ORIENTED_EDGE('',*,*,#8994,.T.);
#9091=ORIENTED_EDGE('',*,*,#8937,.F.);
#9092=EDGE_LOOP('',(#9088,#9089,#9090,#9091));
#9093=FACE_OUTER_BOUND('',#9092,.F.);
#9095=CARTESIAN_POINT('',(-6.865E0,-5.E-1,0.E0));
#9096=DIRECTION('',(0.E0,-1.E0,0.E0));
#9097=DIRECTION('',(1.E0,0.E0,0.E0));
#9098=AXIS2_PLACEMENT_3D('',#9095,#9096,#9097);
#9099=PLANE('',#9098);
#9100=ORIENTED_EDGE('',*,*,#9042,.T.);
#9101=ORIENTED_EDGE('',*,*,#8933,.T.);
#9102=ORIENTED_EDGE('',*,*,#9006,.F.);
#9103=ORIENTED_EDGE('',*,*,#9074,.F.);
#9104=EDGE_LOOP('',(#9100,#9101,#9102,#9103));
#9105=FACE_OUTER_BOUND('',#9104,.F.);
#9107=CARTESIAN_POINT('',(-6.375E0,-1.E0,0.E0));
#9108=DIRECTION('',(0.E0,1.E0,0.E0));
#9109=DIRECTION('',(-1.E0,0.E0,0.E0));
#9110=AXIS2_PLACEMENT_3D('',#9107,#9108,#9109);
#9111=PLANE('',#9110);
#9112=ORIENTED_EDGE('',*,*,#9046,.F.);
#9113=ORIENTED_EDGE('',*,*,#9077,.T.);
#9114=ORIENTED_EDGE('',*,*,#9009,.T.);
#9115=ORIENTED_EDGE('',*,*,#8981,.F.);
#9116=EDGE_LOOP('',(#9112,#9113,#9114,#9115));
#9117=FACE_OUTER_BOUND('',#9116,.F.);
#9119=CARTESIAN_POINT('',(-7.315E0,1.925E0,0.E0));
#9120=DIRECTION('',(0.E0,0.E0,1.E0));
#9121=DIRECTION('',(0.E0,-1.E0,0.E0));
#9122=AXIS2_PLACEMENT_3D('',#9119,#9120,#9121);
#9123=PLANE('',#9122);
#9125=ORIENTED_EDGE('',*,*,#9124,.T.);
#9126=ORIENTED_EDGE('',*,*,#8490,.F.);
#9128=ORIENTED_EDGE('',*,*,#9127,.F.);
#9129=ORIENTED_EDGE('',*,*,#8713,.T.);
#9130=EDGE_LOOP('',(#9125,#9126,#9128,#9129));
#9131=FACE_OUTER_BOUND('',#9130,.F.);
#9133=ORIENTED_EDGE('',*,*,#9132,.T.);
#9135=ORIENTED_EDGE('',*,*,#9134,.T.);
#9137=ORIENTED_EDGE('',*,*,#9136,.T.);
#9139=ORIENTED_EDGE('',*,*,#9138,.T.);
#9141=ORIENTED_EDGE('',*,*,#9140,.T.);
#9143=ORIENTED_EDGE('',*,*,#9142,.T.);
#9145=ORIENTED_EDGE('',*,*,#9144,.T.);
#9147=ORIENTED_EDGE('',*,*,#9146,.T.);
#9149=ORIENTED_EDGE('',*,*,#9148,.T.);
#9151=ORIENTED_EDGE('',*,*,#9150,.T.);
#9153=ORIENTED_EDGE('',*,*,#9152,.T.);
#9155=ORIENTED_EDGE('',*,*,#9154,.T.);
#9156=EDGE_LOOP('',(#9133,#9135,#9137,#9139,#9141,#9143,#9145,#9147,#9149,#9151,
#9153,#9155));
#9157=FACE_BOUND('',#9156,.F.);
#9159=ORIENTED_EDGE('',*,*,#9158,.T.);
#9161=ORIENTED_EDGE('',*,*,#9160,.T.);
#9163=ORIENTED_EDGE('',*,*,#9162,.T.);
#9165=ORIENTED_EDGE('',*,*,#9164,.T.);
#9167=ORIENTED_EDGE('',*,*,#9166,.T.);
#9169=ORIENTED_EDGE('',*,*,#9168,.T.);
#9171=ORIENTED_EDGE('',*,*,#9170,.T.);
#9173=ORIENTED_EDGE('',*,*,#9172,.T.);
#9175=ORIENTED_EDGE('',*,*,#9174,.T.);
#9177=ORIENTED_EDGE('',*,*,#9176,.T.);
#9179=ORIENTED_EDGE('',*,*,#9178,.T.);
#9181=ORIENTED_EDGE('',*,*,#9180,.T.);
#9182=EDGE_LOOP('',(#9159,#9161,#9163,#9165,#9167,#9169,#9171,#9173,#9175,#9177,
#9179,#9181));
#9183=FACE_BOUND('',#9182,.F.);
#9185=ORIENTED_EDGE('',*,*,#9184,.T.);
#9187=ORIENTED_EDGE('',*,*,#9186,.T.);
#9189=ORIENTED_EDGE('',*,*,#9188,.T.);
#9191=ORIENTED_EDGE('',*,*,#9190,.T.);
#9193=ORIENTED_EDGE('',*,*,#9192,.T.);
#9195=ORIENTED_EDGE('',*,*,#9194,.T.);
#9197=ORIENTED_EDGE('',*,*,#9196,.T.);
#9199=ORIENTED_EDGE('',*,*,#9198,.T.);
#9201=ORIENTED_EDGE('',*,*,#9200,.T.);
#9203=ORIENTED_EDGE('',*,*,#9202,.T.);
#9205=ORIENTED_EDGE('',*,*,#9204,.T.);
#9207=ORIENTED_EDGE('',*,*,#9206,.T.);
#9208=EDGE_LOOP('',(#9185,#9187,#9189,#9191,#9193,#9195,#9197,#9199,#9201,#9203,
#9205,#9207));
#9209=FACE_BOUND('',#9208,.F.);
#9211=ORIENTED_EDGE('',*,*,#9210,.T.);
#9213=ORIENTED_EDGE('',*,*,#9212,.T.);
#9215=ORIENTED_EDGE('',*,*,#9214,.T.);
#9217=ORIENTED_EDGE('',*,*,#9216,.T.);
#9219=ORIENTED_EDGE('',*,*,#9218,.T.);
#9221=ORIENTED_EDGE('',*,*,#9220,.T.);
#9223=ORIENTED_EDGE('',*,*,#9222,.T.);
#9225=ORIENTED_EDGE('',*,*,#9224,.T.);
#9227=ORIENTED_EDGE('',*,*,#9226,.T.);
#9229=ORIENTED_EDGE('',*,*,#9228,.T.);
#9231=ORIENTED_EDGE('',*,*,#9230,.T.);
#9233=ORIENTED_EDGE('',*,*,#9232,.T.);
#9234=EDGE_LOOP('',(#9211,#9213,#9215,#9217,#9219,#9221,#9223,#9225,#9227,#9229,
#9231,#9233));
#9235=FACE_BOUND('',#9234,.F.);
#9237=ORIENTED_EDGE('',*,*,#9236,.T.);
#9239=ORIENTED_EDGE('',*,*,#9238,.T.);
#9241=ORIENTED_EDGE('',*,*,#9240,.T.);
#9243=ORIENTED_EDGE('',*,*,#9242,.T.);
#9245=ORIENTED_EDGE('',*,*,#9244,.T.);
#9247=ORIENTED_EDGE('',*,*,#9246,.T.);
#9249=ORIENTED_EDGE('',*,*,#9248,.T.);
#9251=ORIENTED_EDGE('',*,*,#9250,.T.);
#9253=ORIENTED_EDGE('',*,*,#9252,.T.);
#9255=ORIENTED_EDGE('',*,*,#9254,.T.);
#9257=ORIENTED_EDGE('',*,*,#9256,.T.);
#9259=ORIENTED_EDGE('',*,*,#9258,.T.);
#9260=EDGE_LOOP('',(#9237,#9239,#9241,#9243,#9245,#9247,#9249,#9251,#9253,#9255,
#9257,#9259));
#9261=FACE_BOUND('',#9260,.F.);
#9263=ORIENTED_EDGE('',*,*,#9262,.T.);
#9265=ORIENTED_EDGE('',*,*,#9264,.T.);
#9267=ORIENTED_EDGE('',*,*,#9266,.T.);
#9269=ORIENTED_EDGE('',*,*,#9268,.T.);
#9271=ORIENTED_EDGE('',*,*,#9270,.T.);
#9273=ORIENTED_EDGE('',*,*,#9272,.T.);
#9275=ORIENTED_EDGE('',*,*,#9274,.T.);
#9277=ORIENTED_EDGE('',*,*,#9276,.T.);
#9279=ORIENTED_EDGE('',*,*,#9278,.T.);
#9281=ORIENTED_EDGE('',*,*,#9280,.T.);
#9283=ORIENTED_EDGE('',*,*,#9282,.T.);
#9285=ORIENTED_EDGE('',*,*,#9284,.T.);
#9286=EDGE_LOOP('',(#9263,#9265,#9267,#9269,#9271,#9273,#9275,#9277,#9279,#9281,
#9283,#9285));
#9287=FACE_BOUND('',#9286,.F.);
#9289=ORIENTED_EDGE('',*,*,#9288,.T.);
#9291=ORIENTED_EDGE('',*,*,#9290,.T.);
#9293=ORIENTED_EDGE('',*,*,#9292,.T.);
#9295=ORIENTED_EDGE('',*,*,#9294,.T.);
#9297=ORIENTED_EDGE('',*,*,#9296,.T.);
#9299=ORIENTED_EDGE('',*,*,#9298,.T.);
#9301=ORIENTED_EDGE('',*,*,#9300,.T.);
#9303=ORIENTED_EDGE('',*,*,#9302,.T.);
#9305=ORIENTED_EDGE('',*,*,#9304,.T.);
#9307=ORIENTED_EDGE('',*,*,#9306,.T.);
#9309=ORIENTED_EDGE('',*,*,#9308,.T.);
#9311=ORIENTED_EDGE('',*,*,#9310,.T.);
#9312=EDGE_LOOP('',(#9289,#9291,#9293,#9295,#9297,#9299,#9301,#9303,#9305,#9307,
#9309,#9311));
#9313=FACE_BOUND('',#9312,.F.);
#9315=ORIENTED_EDGE('',*,*,#9314,.T.);
#9317=ORIENTED_EDGE('',*,*,#9316,.T.);
#9319=ORIENTED_EDGE('',*,*,#9318,.T.);
#9321=ORIENTED_EDGE('',*,*,#9320,.T.);
#9323=ORIENTED_EDGE('',*,*,#9322,.T.);
#9325=ORIENTED_EDGE('',*,*,#9324,.T.);
#9327=ORIENTED_EDGE('',*,*,#9326,.T.);
#9329=ORIENTED_EDGE('',*,*,#9328,.T.);
#9331=ORIENTED_EDGE('',*,*,#9330,.T.);
#9333=ORIENTED_EDGE('',*,*,#9332,.T.);
#9335=ORIENTED_EDGE('',*,*,#9334,.T.);
#9337=ORIENTED_EDGE('',*,*,#9336,.T.);
#9338=EDGE_LOOP('',(#9315,#9317,#9319,#9321,#9323,#9325,#9327,#9329,#9331,#9333,
#9335,#9337));
#9339=FACE_BOUND('',#9338,.F.);
#9341=CARTESIAN_POINT('',(-7.315E0,1.925E0,0.E0));
#9342=DIRECTION('',(0.E0,0.E0,1.E0));
#9343=DIRECTION('',(0.E0,-1.E0,0.E0));
#9344=AXIS2_PLACEMENT_3D('',#9341,#9342,#9343);
#9345=PLANE('',#9344);
#9346=ORIENTED_EDGE('',*,*,#8621,.F.);
#9347=ORIENTED_EDGE('',*,*,#8649,.T.);
#9349=ORIENTED_EDGE('',*,*,#9348,.T.);
#9350=ORIENTED_EDGE('',*,*,#8447,.F.);
#9351=EDGE_LOOP('',(#9346,#9347,#9349,#9350));
#9352=FACE_OUTER_BOUND('',#9351,.F.);
#9354=CARTESIAN_POINT('',(-7.315E0,1.925E0,0.E0));
#9355=DIRECTION('',(0.E0,0.E0,1.E0));
#9356=DIRECTION('',(0.E0,-1.E0,0.E0));
#9357=AXIS2_PLACEMENT_3D('',#9354,#9355,#9356);
#9358=PLANE('',#9357);
#9359=ORIENTED_EDGE('',*,*,#9050,.T.);
#9360=ORIENTED_EDGE('',*,*,#8466,.F.);
#9361=ORIENTED_EDGE('',*,*,#8433,.F.);
#9362=ORIENTED_EDGE('',*,*,#8664,.T.);
#9363=EDGE_LOOP('',(#9359,#9360,#9361,#9362));
#9364=FACE_OUTER_BOUND('',#9363,.F.);
#9366=CARTESIAN_POINT('',(5.345E0,-3.E0,-3.5E0));
#9367=DIRECTION('',(-1.E0,0.E0,0.E0));
#9368=DIRECTION('',(0.E0,0.E0,-1.E0));
#9369=AXIS2_PLACEMENT_3D('',#9366,#9367,#9368);
#9370=PLANE('',#9369);
#9372=ORIENTED_EDGE('',*,*,#9371,.T.);
#9373=ORIENTED_EDGE('',*,*,#8784,.F.);
#9374=ORIENTED_EDGE('',*,*,#8492,.F.);
#9375=ORIENTED_EDGE('',*,*,#9124,.F.);
#9376=ORIENTED_EDGE('',*,*,#8711,.F.);
#9377=ORIENTED_EDGE('',*,*,#8808,.F.);
#9379=ORIENTED_EDGE('',*,*,#9378,.F.);
#9381=ORIENTED_EDGE('',*,*,#9380,.T.);
#9383=ORIENTED_EDGE('',*,*,#9382,.F.);
#9385=ORIENTED_EDGE('',*,*,#9384,.F.);
#9387=ORIENTED_EDGE('',*,*,#9386,.F.);
#9389=ORIENTED_EDGE('',*,*,#9388,.F.);
#9391=ORIENTED_EDGE('',*,*,#9390,.F.);
#9393=ORIENTED_EDGE('',*,*,#9392,.F.);
#9395=ORIENTED_EDGE('',*,*,#9394,.F.);
#9397=ORIENTED_EDGE('',*,*,#9396,.T.);
#9398=EDGE_LOOP('',(#9372,#9373,#9374,#9375,#9376,#9377,#9379,#9381,#9383,#9385,
#9387,#9389,#9391,#9393,#9395,#9397));
#9399=FACE_OUTER_BOUND('',#9398,.F.);
#9401=CARTESIAN_POINT('',(6.865E0,-1.3E0,-3.5E0));
#9402=DIRECTION('',(0.E0,-1.E0,0.E0));
#9403=DIRECTION('',(-1.E0,0.E0,0.E0));
#9404=AXIS2_PLACEMENT_3D('',#9401,#9402,#9403);
#9405=PLANE('',#9404);
#9406=ORIENTED_EDGE('',*,*,#8786,.T.);
#9407=ORIENTED_EDGE('',*,*,#9371,.F.);
#9409=ORIENTED_EDGE('',*,*,#9408,.F.);
#9410=ORIENTED_EDGE('',*,*,#8547,.T.);
#9412=ORIENTED_EDGE('',*,*,#9411,.F.);
#9414=ORIENTED_EDGE('',*,*,#9413,.F.);
#9416=ORIENTED_EDGE('',*,*,#9415,.F.);
#9418=ORIENTED_EDGE('',*,*,#9417,.F.);
#9419=EDGE_LOOP('',(#9406,#9407,#9409,#9410,#9412,#9414,#9416,#9418));
#9420=FACE_OUTER_BOUND('',#9419,.F.);
#9422=CARTESIAN_POINT('',(-7.315E0,-2.5E0,-3.5E0));
#9423=DIRECTION('',(0.E0,0.E0,-1.E0));
#9424=DIRECTION('',(0.E0,1.E0,0.E0));
#9425=AXIS2_PLACEMENT_3D('',#9422,#9423,#9424);
#9426=PLANE('',#9425);
#9428=ORIENTED_EDGE('',*,*,#9427,.T.);
#9430=ORIENTED_EDGE('',*,*,#9429,.F.);
#9432=ORIENTED_EDGE('',*,*,#9431,.T.);
#9434=ORIENTED_EDGE('',*,*,#9433,.T.);
#9435=ORIENTED_EDGE('',*,*,#8969,.F.);
#9437=ORIENTED_EDGE('',*,*,#9436,.F.);
#9438=ORIENTED_EDGE('',*,*,#8409,.F.);
#9440=ORIENTED_EDGE('',*,*,#9439,.T.);
#9442=ORIENTED_EDGE('',*,*,#9441,.T.);
#9444=ORIENTED_EDGE('',*,*,#9443,.F.);
#9445=ORIENTED_EDGE('',*,*,#8425,.F.);
#9447=ORIENTED_EDGE('',*,*,#9446,.T.);
#9448=ORIENTED_EDGE('',*,*,#8953,.F.);
#9450=ORIENTED_EDGE('',*,*,#9449,.T.);
#9452=ORIENTED_EDGE('',*,*,#9451,.T.);
#9454=ORIENTED_EDGE('',*,*,#9453,.T.);
#9456=ORIENTED_EDGE('',*,*,#9455,.T.);
#9458=ORIENTED_EDGE('',*,*,#9457,.T.);
#9460=ORIENTED_EDGE('',*,*,#9459,.F.);
#9462=ORIENTED_EDGE('',*,*,#9461,.T.);
#9464=ORIENTED_EDGE('',*,*,#9463,.T.);
#9466=ORIENTED_EDGE('',*,*,#9465,.T.);
#9468=ORIENTED_EDGE('',*,*,#9467,.F.);
#9470=ORIENTED_EDGE('',*,*,#9469,.T.);
#9472=ORIENTED_EDGE('',*,*,#9471,.T.);
#9474=ORIENTED_EDGE('',*,*,#9473,.T.);
#9476=ORIENTED_EDGE('',*,*,#9475,.F.);
#9478=ORIENTED_EDGE('',*,*,#9477,.T.);
#9480=ORIENTED_EDGE('',*,*,#9479,.T.);
#9482=ORIENTED_EDGE('',*,*,#9481,.T.);
#9484=ORIENTED_EDGE('',*,*,#9483,.F.);
#9486=ORIENTED_EDGE('',*,*,#9485,.T.);
#9488=ORIENTED_EDGE('',*,*,#9487,.T.);
#9490=ORIENTED_EDGE('',*,*,#9489,.T.);
#9492=ORIENTED_EDGE('',*,*,#9491,.F.);
#9494=ORIENTED_EDGE('',*,*,#9493,.T.);
#9496=ORIENTED_EDGE('',*,*,#9495,.T.);
#9498=ORIENTED_EDGE('',*,*,#9497,.T.);
#9500=ORIENTED_EDGE('',*,*,#9499,.F.);
#9502=ORIENTED_EDGE('',*,*,#9501,.T.);
#9504=ORIENTED_EDGE('',*,*,#9503,.T.);
#9506=ORIENTED_EDGE('',*,*,#9505,.T.);
#9508=ORIENTED_EDGE('',*,*,#9507,.F.);
#9510=ORIENTED_EDGE('',*,*,#9509,.T.);
#9512=ORIENTED_EDGE('',*,*,#9511,.T.);
#9514=ORIENTED_EDGE('',*,*,#9513,.T.);
#9516=ORIENTED_EDGE('',*,*,#9515,.F.);
#9518=ORIENTED_EDGE('',*,*,#9517,.T.);
#9519=ORIENTED_EDGE('',*,*,#9380,.F.);
#9521=ORIENTED_EDGE('',*,*,#9520,.T.);
#9522=ORIENTED_EDGE('',*,*,#8549,.T.);
#9523=ORIENTED_EDGE('',*,*,#9408,.T.);
#9524=ORIENTED_EDGE('',*,*,#9396,.F.);
#9526=ORIENTED_EDGE('',*,*,#9525,.F.);
#9528=ORIENTED_EDGE('',*,*,#9527,.F.);
#9530=ORIENTED_EDGE('',*,*,#9529,.F.);
#9532=ORIENTED_EDGE('',*,*,#9531,.T.);
#9534=ORIENTED_EDGE('',*,*,#9533,.F.);
#9536=ORIENTED_EDGE('',*,*,#9535,.F.);
#9538=ORIENTED_EDGE('',*,*,#9537,.F.);
#9540=ORIENTED_EDGE('',*,*,#9539,.T.);
#9542=ORIENTED_EDGE('',*,*,#9541,.F.);
#9544=ORIENTED_EDGE('',*,*,#9543,.F.);
#9546=ORIENTED_EDGE('',*,*,#9545,.F.);
#9548=ORIENTED_EDGE('',*,*,#9547,.T.);
#9550=ORIENTED_EDGE('',*,*,#9549,.F.);
#9552=ORIENTED_EDGE('',*,*,#9551,.F.);
#9554=ORIENTED_EDGE('',*,*,#9553,.F.);
#9556=ORIENTED_EDGE('',*,*,#9555,.T.);
#9558=ORIENTED_EDGE('',*,*,#9557,.F.);
#9560=ORIENTED_EDGE('',*,*,#9559,.F.);
#9562=ORIENTED_EDGE('',*,*,#9561,.F.);
#9564=ORIENTED_EDGE('',*,*,#9563,.T.);
#9566=ORIENTED_EDGE('',*,*,#9565,.F.);
#9568=ORIENTED_EDGE('',*,*,#9567,.F.);
#9570=ORIENTED_EDGE('',*,*,#9569,.F.);
#9572=ORIENTED_EDGE('',*,*,#9571,.T.);
#9574=ORIENTED_EDGE('',*,*,#9573,.F.);
#9576=ORIENTED_EDGE('',*,*,#9575,.F.);
#9578=ORIENTED_EDGE('',*,*,#9577,.F.);
#9580=ORIENTED_EDGE('',*,*,#9579,.T.);
#9582=ORIENTED_EDGE('',*,*,#9581,.F.);
#9584=ORIENTED_EDGE('',*,*,#9583,.F.);
#9586=ORIENTED_EDGE('',*,*,#9585,.F.);
#9587=EDGE_LOOP('',(#9428,#9430,#9432,#9434,#9435,#9437,#9438,#9440,#9442,#9444,
#9445,#9447,#9448,#9450,#9452,#9454,#9456,#9458,#9460,#9462,#9464,#9466,#9468,
#9470,#9472,#9474,#9476,#9478,#9480,#9482,#9484,#9486,#9488,#9490,#9492,#9494,
#9496,#9498,#9500,#9502,#9504,#9506,#9508,#9510,#9512,#9514,#9516,#9518,#9519,
#9521,#9522,#9523,#9524,#9526,#9528,#9530,#9532,#9534,#9536,#9538,#9540,#9542,
#9544,#9546,#9548,#9550,#9552,#9554,#9556,#9558,#9560,#9562,#9564,#9566,#9568,
#9570,#9572,#9574,#9576,#9578,#9580,#9582,#9584,#9586));
#9588=FACE_OUTER_BOUND('',#9587,.F.);
#9590=CARTESIAN_POINT('',(-4.57E0,7.5E-1,0.E0));
#9591=DIRECTION('',(1.E0,0.E0,0.E0));
#9592=DIRECTION('',(0.E0,1.E0,0.E0));
#9593=AXIS2_PLACEMENT_3D('',#9590,#9591,#9592);
#9594=PLANE('',#9593);
#9596=ORIENTED_EDGE('',*,*,#9595,.T.);
#9597=ORIENTED_EDGE('',*,*,#9455,.F.);
#9599=ORIENTED_EDGE('',*,*,#9598,.F.);
#9601=ORIENTED_EDGE('',*,*,#9600,.T.);
#9603=ORIENTED_EDGE('',*,*,#9602,.T.);
#9605=ORIENTED_EDGE('',*,*,#9604,.T.);
#9606=EDGE_LOOP('',(#9596,#9597,#9599,#9601,#9603,#9605));
#9607=FACE_OUTER_BOUND('',#9606,.F.);
#9609=CARTESIAN_POINT('',(-4.57E0,7.5E-1,0.E0));
#9610=DIRECTION('',(1.E0,0.E0,0.E0));
#9611=DIRECTION('',(0.E0,1.E0,0.E0));
#9612=AXIS2_PLACEMENT_3D('',#9609,#9610,#9611);
#9613=PLANE('',#9612);
#9615=ORIENTED_EDGE('',*,*,#9614,.T.);
#9617=ORIENTED_EDGE('',*,*,#9616,.T.);
#9619=ORIENTED_EDGE('',*,*,#9618,.T.);
#9621=ORIENTED_EDGE('',*,*,#9620,.T.);
#9623=ORIENTED_EDGE('',*,*,#9622,.T.);
#9625=ORIENTED_EDGE('',*,*,#9624,.T.);
#9627=ORIENTED_EDGE('',*,*,#9626,.T.);
#9629=ORIENTED_EDGE('',*,*,#9628,.T.);
#9631=ORIENTED_EDGE('',*,*,#9630,.T.);
#9633=ORIENTED_EDGE('',*,*,#9632,.F.);
#9634=ORIENTED_EDGE('',*,*,#9427,.F.);
#9635=EDGE_LOOP('',(#9615,#9617,#9619,#9621,#9623,#9625,#9627,#9629,#9631,#9633,
#9634));
#9636=FACE_OUTER_BOUND('',#9635,.F.);
#9638=CARTESIAN_POINT('',(-4.57E0,7.5E-1,0.E0));
#9639=DIRECTION('',(1.E0,0.E0,0.E0));
#9640=DIRECTION('',(0.E0,1.E0,0.E0));
#9641=AXIS2_PLACEMENT_3D('',#9638,#9639,#9640);
#9642=PLANE('',#9641);
#9644=ORIENTED_EDGE('',*,*,#9643,.T.);
#9646=ORIENTED_EDGE('',*,*,#9645,.F.);
#9648=ORIENTED_EDGE('',*,*,#9647,.F.);
#9650=ORIENTED_EDGE('',*,*,#9649,.T.);
#9652=ORIENTED_EDGE('',*,*,#9651,.T.);
#9654=ORIENTED_EDGE('',*,*,#9653,.T.);
#9656=ORIENTED_EDGE('',*,*,#9655,.T.);
#9658=ORIENTED_EDGE('',*,*,#9657,.T.);
#9660=ORIENTED_EDGE('',*,*,#9659,.T.);
#9662=ORIENTED_EDGE('',*,*,#9661,.T.);
#9663=EDGE_LOOP('',(#9644,#9646,#9648,#9650,#9652,#9654,#9656,#9658,#9660,
#9662));
#9664=FACE_OUTER_BOUND('',#9663,.F.);
#9666=CARTESIAN_POINT('',(-4.57E0,7.5E-1,0.E0));
#9667=DIRECTION('',(1.E0,0.E0,0.E0));
#9668=DIRECTION('',(0.E0,1.E0,0.E0));
#9669=AXIS2_PLACEMENT_3D('',#9666,#9667,#9668);
#9670=PLANE('',#9669);
#9672=ORIENTED_EDGE('',*,*,#9671,.T.);
#9674=ORIENTED_EDGE('',*,*,#9673,.T.);
#9676=ORIENTED_EDGE('',*,*,#9675,.F.);
#9678=ORIENTED_EDGE('',*,*,#9677,.T.);
#9680=ORIENTED_EDGE('',*,*,#9679,.T.);
#9682=ORIENTED_EDGE('',*,*,#9681,.T.);
#9684=ORIENTED_EDGE('',*,*,#9683,.T.);
#9686=ORIENTED_EDGE('',*,*,#9685,.T.);
#9688=ORIENTED_EDGE('',*,*,#9687,.T.);
#9690=ORIENTED_EDGE('',*,*,#9689,.T.);
#9692=ORIENTED_EDGE('',*,*,#9691,.F.);
#9693=EDGE_LOOP('',(#9672,#9674,#9676,#9678,#9680,#9682,#9684,#9686,#9688,#9690,
#9692));
#9694=FACE_OUTER_BOUND('',#9693,.F.);
#9696=CARTESIAN_POINT('',(-4.57E0,2.025E0,-3.55E0));
#9697=DIRECTION('',(0.E0,1.E0,0.E0));
#9698=DIRECTION('',(0.E0,0.E0,1.E0));
#9699=AXIS2_PLACEMENT_3D('',#9696,#9697,#9698);
#9700=PLANE('',#9699);
#9701=ORIENTED_EDGE('',*,*,#9595,.F.);
#9703=ORIENTED_EDGE('',*,*,#9702,.T.);
#9705=ORIENTED_EDGE('',*,*,#9704,.T.);
#9706=ORIENTED_EDGE('',*,*,#9457,.F.);
#9707=EDGE_LOOP('',(#9701,#9703,#9705,#9706));
#9708=FACE_OUTER_BOUND('',#9707,.F.);
#9710=CARTESIAN_POINT('',(-4.57E0,1.906801948466E0,-3.668198051534E0));
#9711=DIRECTION('',(0.E0,7.071067811865E-1,-7.071067811865E-1));
#9712=DIRECTION('',(0.E0,7.071067811865E-1,7.071067811865E-1));
#9713=AXIS2_PLACEMENT_3D('',#9710,#9711,#9712);
#9714=PLANE('',#9713);
#9715=ORIENTED_EDGE('',*,*,#9604,.F.);
#9717=ORIENTED_EDGE('',*,*,#9716,.T.);
#9719=ORIENTED_EDGE('',*,*,#9718,.T.);
#9720=ORIENTED_EDGE('',*,*,#9702,.F.);
#9721=EDGE_LOOP('',(#9715,#9717,#9719,#9720));
#9722=FACE_OUTER_BOUND('',#9721,.F.);
#9724=CARTESIAN_POINT('',(-4.57E0,1.588603896932E0,-3.35E0));
#9725=DIRECTION('',(1.E0,0.E0,0.E0));
#9726=DIRECTION('',(0.E0,1.E0,0.E0));
#9727=AXIS2_PLACEMENT_3D('',#9724,#9725,#9726);
#9728=CYLINDRICAL_SURFACE('',#9727,4.5E-1);
#9729=ORIENTED_EDGE('',*,*,#9602,.F.);
#9731=ORIENTED_EDGE('',*,*,#9730,.T.);
#9733=ORIENTED_EDGE('',*,*,#9732,.T.);
#9734=ORIENTED_EDGE('',*,*,#9716,.F.);
#9735=EDGE_LOOP('',(#9729,#9731,#9733,#9734));
#9736=FACE_OUTER_BOUND('',#9735,.F.);
#9738=CARTESIAN_POINT('',(-4.57E0,2.35E-1,-3.8E0));
#9739=DIRECTION('',(0.E0,0.E0,-1.E0));
#9740=DIRECTION('',(0.E0,1.E0,0.E0));
#9741=AXIS2_PLACEMENT_3D('',#9738,#9739,#9740);
#9742=PLANE('',#9741);
#9743=ORIENTED_EDGE('',*,*,#9600,.F.);
#9745=ORIENTED_EDGE('',*,*,#9744,.T.);
#9747=ORIENTED_EDGE('',*,*,#9746,.T.);
#9748=ORIENTED_EDGE('',*,*,#9730,.F.);
#9749=EDGE_LOOP('',(#9743,#9745,#9747,#9748));
#9750=FACE_OUTER_BOUND('',#9749,.F.);
#9752=CARTESIAN_POINT('',(-7.315E0,1.5E0,-5.E0));
#9753=DIRECTION('',(0.E0,1.E0,0.E0));
#9754=DIRECTION('',(0.E0,0.E0,1.E0));
#9755=AXIS2_PLACEMENT_3D('',#9752,#9753,#9754);
#9756=PLANE('',#9755);
#9757=ORIENTED_EDGE('',*,*,#8955,.T.);
#9758=ORIENTED_EDGE('',*,*,#9446,.F.);
#9759=ORIENTED_EDGE('',*,*,#8423,.F.);
#9761=ORIENTED_EDGE('',*,*,#9760,.T.);
#9762=EDGE_LOOP('',(#9757,#9758,#9759,#9761));
#9763=FACE_OUTER_BOUND('',#9762,.F.);
#9765=CARTESIAN_POINT('',(-7.315E0,1.5E0,-5.E0));
#9766=DIRECTION('',(0.E0,1.E0,0.E0));
#9767=DIRECTION('',(0.E0,0.E0,1.E0));
#9768=AXIS2_PLACEMENT_3D('',#9765,#9766,#9767);
#9769=PLANE('',#9768);
#9770=ORIENTED_EDGE('',*,*,#9645,.T.);
#9772=ORIENTED_EDGE('',*,*,#9771,.T.);
#9774=ORIENTED_EDGE('',*,*,#9773,.F.);
#9776=ORIENTED_EDGE('',*,*,#9775,.T.);
#9778=ORIENTED_EDGE('',*,*,#9777,.T.);
#9780=ORIENTED_EDGE('',*,*,#9779,.T.);
#9782=ORIENTED_EDGE('',*,*,#9781,.F.);
#9784=ORIENTED_EDGE('',*,*,#9783,.T.);
#9786=ORIENTED_EDGE('',*,*,#9785,.T.);
#9788=ORIENTED_EDGE('',*,*,#9787,.T.);
#9790=ORIENTED_EDGE('',*,*,#9789,.F.);
#9792=ORIENTED_EDGE('',*,*,#9791,.T.);
#9794=ORIENTED_EDGE('',*,*,#9793,.T.);
#9796=ORIENTED_EDGE('',*,*,#9795,.T.);
#9798=ORIENTED_EDGE('',*,*,#9797,.F.);
#9800=ORIENTED_EDGE('',*,*,#9799,.T.);
#9801=ORIENTED_EDGE('',*,*,#9382,.T.);
#9802=ORIENTED_EDGE('',*,*,#9517,.F.);
#9804=ORIENTED_EDGE('',*,*,#9803,.F.);
#9806=ORIENTED_EDGE('',*,*,#9805,.F.);
#9808=ORIENTED_EDGE('',*,*,#9807,.T.);
#9809=ORIENTED_EDGE('',*,*,#9509,.F.);
#9811=ORIENTED_EDGE('',*,*,#9810,.F.);
#9813=ORIENTED_EDGE('',*,*,#9812,.F.);
#9815=ORIENTED_EDGE('',*,*,#9814,.T.);
#9816=ORIENTED_EDGE('',*,*,#9501,.F.);
#9818=ORIENTED_EDGE('',*,*,#9817,.F.);
#9820=ORIENTED_EDGE('',*,*,#9819,.F.);
#9822=ORIENTED_EDGE('',*,*,#9821,.T.);
#9823=ORIENTED_EDGE('',*,*,#9493,.F.);
#9825=ORIENTED_EDGE('',*,*,#9824,.F.);
#9827=ORIENTED_EDGE('',*,*,#9826,.F.);
#9829=ORIENTED_EDGE('',*,*,#9828,.T.);
#9830=ORIENTED_EDGE('',*,*,#9485,.F.);
#9832=ORIENTED_EDGE('',*,*,#9831,.F.);
#9834=ORIENTED_EDGE('',*,*,#9833,.F.);
#9836=ORIENTED_EDGE('',*,*,#9835,.T.);
#9837=ORIENTED_EDGE('',*,*,#9477,.F.);
#9839=ORIENTED_EDGE('',*,*,#9838,.F.);
#9841=ORIENTED_EDGE('',*,*,#9840,.F.);
#9843=ORIENTED_EDGE('',*,*,#9842,.T.);
#9844=ORIENTED_EDGE('',*,*,#9469,.F.);
#9846=ORIENTED_EDGE('',*,*,#9845,.F.);
#9848=ORIENTED_EDGE('',*,*,#9847,.F.);
#9850=ORIENTED_EDGE('',*,*,#9849,.T.);
#9851=ORIENTED_EDGE('',*,*,#9461,.F.);
#9853=ORIENTED_EDGE('',*,*,#9852,.F.);
#9854=ORIENTED_EDGE('',*,*,#9744,.F.);
#9855=ORIENTED_EDGE('',*,*,#9598,.T.);
#9856=ORIENTED_EDGE('',*,*,#9453,.F.);
#9858=ORIENTED_EDGE('',*,*,#9857,.F.);
#9860=ORIENTED_EDGE('',*,*,#9859,.T.);
#9861=EDGE_LOOP('',(#9770,#9772,#9774,#9776,#9778,#9780,#9782,#9784,#9786,#9788,
#9790,#9792,#9794,#9796,#9798,#9800,#9801,#9802,#9804,#9806,#9808,#9809,#9811,
#9813,#9815,#9816,#9818,#9820,#9822,#9823,#9825,#9827,#9829,#9830,#9832,#9834,
#9836,#9837,#9839,#9841,#9843,#9844,#9846,#9848,#9850,#9851,#9853,#9854,#9855,
#9856,#9858,#9860));
#9862=FACE_OUTER_BOUND('',#9861,.F.);
#9864=CARTESIAN_POINT('',(-7.315E0,1.127350269190E0,-5.E0));
#9865=DIRECTION('',(0.E0,0.E0,-1.E0));
#9866=DIRECTION('',(0.E0,1.E0,0.E0));
#9867=AXIS2_PLACEMENT_3D('',#9864,#9865,#9866);
#9868=PLANE('',#9867);
#9869=ORIENTED_EDGE('',*,*,#8957,.T.);
#9870=ORIENTED_EDGE('',*,*,#9760,.F.);
#9871=ORIENTED_EDGE('',*,*,#8421,.F.);
#9873=ORIENTED_EDGE('',*,*,#9872,.T.);
#9874=EDGE_LOOP('',(#9869,#9870,#9871,#9873));
#9875=FACE_OUTER_BOUND('',#9874,.F.);
#9877=CARTESIAN_POINT('',(-7.315E0,1.127350269190E0,-5.E0));
#9878=DIRECTION('',(0.E0,0.E0,-1.E0));
#9879=DIRECTION('',(0.E0,1.E0,0.E0));
#9880=AXIS2_PLACEMENT_3D('',#9877,#9878,#9879);
#9881=PLANE('',#9880);
#9882=ORIENTED_EDGE('',*,*,#9647,.T.);
#9883=ORIENTED_EDGE('',*,*,#9859,.F.);
#9885=ORIENTED_EDGE('',*,*,#9884,.F.);
#9887=ORIENTED_EDGE('',*,*,#9886,.T.);
#9888=ORIENTED_EDGE('',*,*,#9384,.T.);
#9889=ORIENTED_EDGE('',*,*,#9799,.F.);
#9891=ORIENTED_EDGE('',*,*,#9890,.F.);
#9893=ORIENTED_EDGE('',*,*,#9892,.F.);
#9895=ORIENTED_EDGE('',*,*,#9894,.T.);
#9896=ORIENTED_EDGE('',*,*,#9791,.F.);
#9898=ORIENTED_EDGE('',*,*,#9897,.F.);
#9900=ORIENTED_EDGE('',*,*,#9899,.F.);
#9902=ORIENTED_EDGE('',*,*,#9901,.T.);
#9903=ORIENTED_EDGE('',*,*,#9783,.F.);
#9905=ORIENTED_EDGE('',*,*,#9904,.F.);
#9907=ORIENTED_EDGE('',*,*,#9906,.F.);
#9909=ORIENTED_EDGE('',*,*,#9908,.T.);
#9910=ORIENTED_EDGE('',*,*,#9775,.F.);
#9912=ORIENTED_EDGE('',*,*,#9911,.F.);
#9914=ORIENTED_EDGE('',*,*,#9913,.F.);
#9915=EDGE_LOOP('',(#9882,#9883,#9885,#9887,#9888,#9889,#9891,#9893,#9895,#9896,
#9898,#9900,#9902,#9903,#9905,#9907,#9909,#9910,#9912,#9914));
#9916=FACE_OUTER_BOUND('',#9915,.F.);
#9918=CARTESIAN_POINT('',(-7.315E0,5.5E-1,-4.E0));
#9919=DIRECTION('',(0.E0,-8.660254037844E-1,-5.E-1));
#9920=DIRECTION('',(0.E0,5.E-1,-8.660254037844E-1));
#9921=AXIS2_PLACEMENT_3D('',#9918,#9919,#9920);
#9922=PLANE('',#9921);
#9923=ORIENTED_EDGE('',*,*,#9386,.T.);
#9924=ORIENTED_EDGE('',*,*,#9886,.F.);
#9926=ORIENTED_EDGE('',*,*,#9925,.F.);
#9928=ORIENTED_EDGE('',*,*,#9927,.T.);
#9929=EDGE_LOOP('',(#9923,#9924,#9926,#9928));
#9930=FACE_OUTER_BOUND('',#9929,.F.);
#9932=ORIENTED_EDGE('',*,*,#9931,.T.);
#9934=ORIENTED_EDGE('',*,*,#9933,.T.);
#9936=ORIENTED_EDGE('',*,*,#9935,.F.);
#9938=ORIENTED_EDGE('',*,*,#9937,.F.);
#9939=EDGE_LOOP('',(#9932,#9934,#9936,#9938));
#9940=FACE_BOUND('',#9939,.F.);
#9942=ORIENTED_EDGE('',*,*,#9941,.T.);
#9944=ORIENTED_EDGE('',*,*,#9943,.T.);
#9946=ORIENTED_EDGE('',*,*,#9945,.F.);
#9948=ORIENTED_EDGE('',*,*,#9947,.F.);
#9949=EDGE_LOOP('',(#9942,#9944,#9946,#9948));
#9950=FACE_BOUND('',#9949,.F.);
#9952=ORIENTED_EDGE('',*,*,#9951,.T.);
#9954=ORIENTED_EDGE('',*,*,#9953,.T.);
#9956=ORIENTED_EDGE('',*,*,#9955,.F.);
#9958=ORIENTED_EDGE('',*,*,#9957,.F.);
#9959=EDGE_LOOP('',(#9952,#9954,#9956,#9958));
#9960=FACE_BOUND('',#9959,.F.);
#9962=ORIENTED_EDGE('',*,*,#9961,.T.);
#9964=ORIENTED_EDGE('',*,*,#9963,.T.);
#9966=ORIENTED_EDGE('',*,*,#9965,.F.);
#9968=ORIENTED_EDGE('',*,*,#9967,.F.);
#9969=EDGE_LOOP('',(#9962,#9964,#9966,#9968));
#9970=FACE_BOUND('',#9969,.F.);
#9972=ORIENTED_EDGE('',*,*,#9971,.T.);
#9974=ORIENTED_EDGE('',*,*,#9973,.T.);
#9976=ORIENTED_EDGE('',*,*,#9975,.F.);
#9978=ORIENTED_EDGE('',*,*,#9977,.F.);
#9979=EDGE_LOOP('',(#9972,#9974,#9976,#9978));
#9980=FACE_BOUND('',#9979,.F.);
#9982=ORIENTED_EDGE('',*,*,#9981,.T.);
#9984=ORIENTED_EDGE('',*,*,#9983,.T.);
#9986=ORIENTED_EDGE('',*,*,#9985,.F.);
#9988=ORIENTED_EDGE('',*,*,#9987,.F.);
#9989=EDGE_LOOP('',(#9982,#9984,#9986,#9988));
#9990=FACE_BOUND('',#9989,.F.);
#9992=ORIENTED_EDGE('',*,*,#9991,.T.);
#9994=ORIENTED_EDGE('',*,*,#9993,.T.);
#9996=ORIENTED_EDGE('',*,*,#9995,.F.);
#9998=ORIENTED_EDGE('',*,*,#9997,.F.);
#9999=EDGE_LOOP('',(#9992,#9994,#9996,#9998));
#10000=FACE_BOUND('',#9999,.F.);
#10001=ORIENTED_EDGE('',*,*,#9691,.T.);
#10003=ORIENTED_EDGE('',*,*,#10002,.T.);
#10005=ORIENTED_EDGE('',*,*,#10004,.F.);
#10007=ORIENTED_EDGE('',*,*,#10006,.F.);
#10008=EDGE_LOOP('',(#10001,#10003,#10005,#10007));
#10009=FACE_BOUND('',#10008,.F.);
#10011=CARTESIAN_POINT('',(-7.315E0,5.5E-1,-4.E0));
#10012=DIRECTION('',(0.E0,-8.660254037844E-1,-5.E-1));
#10013=DIRECTION('',(0.E0,5.E-1,-8.660254037844E-1));
#10014=AXIS2_PLACEMENT_3D('',#10011,#10012,#10013);
#10015=PLANE('',#10014);
#10016=ORIENTED_EDGE('',*,*,#8959,.T.);
#10017=ORIENTED_EDGE('',*,*,#9872,.F.);
#10018=ORIENTED_EDGE('',*,*,#8419,.F.);
#10020=ORIENTED_EDGE('',*,*,#10019,.T.);
#10021=EDGE_LOOP('',(#10016,#10017,#10018,#10020));
#10022=FACE_OUTER_BOUND('',#10021,.F.);
#10024=CARTESIAN_POINT('',(-6.045E0,-3.E0,-5.E0));
#10025=DIRECTION('',(1.E0,0.E0,0.E0));
#10026=DIRECTION('',(0.E0,0.E0,1.E0));
#10027=AXIS2_PLACEMENT_3D('',#10024,#10025,#10026);
#10028=PLANE('',#10027);
#10030=ORIENTED_EDGE('',*,*,#10029,.T.);
#10032=ORIENTED_EDGE('',*,*,#10031,.T.);
#10034=ORIENTED_EDGE('',*,*,#10033,.F.);
#10035=ORIENTED_EDGE('',*,*,#8919,.F.);
#10037=ORIENTED_EDGE('',*,*,#10036,.T.);
#10039=ORIENTED_EDGE('',*,*,#10038,.T.);
#10041=ORIENTED_EDGE('',*,*,#10040,.F.);
#10042=ORIENTED_EDGE('',*,*,#9431,.F.);
#10044=ORIENTED_EDGE('',*,*,#10043,.T.);
#10046=ORIENTED_EDGE('',*,*,#10045,.T.);
#10048=ORIENTED_EDGE('',*,*,#10047,.T.);
#10050=ORIENTED_EDGE('',*,*,#10049,.T.);
#10051=ORIENTED_EDGE('',*,*,#9925,.T.);
#10052=ORIENTED_EDGE('',*,*,#9884,.T.);
#10053=ORIENTED_EDGE('',*,*,#9857,.T.);
#10054=ORIENTED_EDGE('',*,*,#9451,.F.);
#10055=EDGE_LOOP('',(#10030,#10032,#10034,#10035,#10037,#10039,#10041,#10042,
#10044,#10046,#10048,#10050,#10051,#10052,#10053,#10054));
#10056=FACE_OUTER_BOUND('',#10055,.F.);
#10058=CARTESIAN_POINT('',(-6.865E0,1.3E0,-3.5E0));
#10059=DIRECTION('',(0.E0,1.E0,0.E0));
#10060=DIRECTION('',(1.E0,0.E0,0.E0));
#10061=AXIS2_PLACEMENT_3D('',#10058,#10059,#10060);
#10062=PLANE('',#10061);
#10063=ORIENTED_EDGE('',*,*,#9449,.F.);
#10064=ORIENTED_EDGE('',*,*,#8951,.T.);
#10066=ORIENTED_EDGE('',*,*,#10065,.T.);
#10068=ORIENTED_EDGE('',*,*,#10067,.T.);
#10070=ORIENTED_EDGE('',*,*,#10069,.T.);
#10071=ORIENTED_EDGE('',*,*,#10029,.F.);
#10072=EDGE_LOOP('',(#10063,#10064,#10066,#10068,#10070,#10071));
#10073=FACE_OUTER_BOUND('',#10072,.F.);
#10075=CARTESIAN_POINT('',(-6.565E0,-3.E0,-2.5E0));
#10076=DIRECTION('',(0.E0,-1.E0,0.E0));
#10077=DIRECTION('',(1.E0,0.E0,0.E0));
#10078=AXIS2_PLACEMENT_3D('',#10075,#10076,#10077);
#10079=CYLINDRICAL_SURFACE('',#10078,3.E-1);
#10081=ORIENTED_EDGE('',*,*,#10080,.T.);
#10083=ORIENTED_EDGE('',*,*,#10082,.F.);
#10085=ORIENTED_EDGE('',*,*,#10084,.F.);
#10086=ORIENTED_EDGE('',*,*,#8973,.T.);
#10087=EDGE_LOOP('',(#10081,#10083,#10085,#10086));
#10088=FACE_OUTER_BOUND('',#10087,.F.);
#10090=CARTESIAN_POINT('',(-6.565E0,-3.E0,-2.5E0));
#10091=DIRECTION('',(0.E0,-1.E0,0.E0));
#10092=DIRECTION('',(1.E0,0.E0,0.E0));
#10093=AXIS2_PLACEMENT_3D('',#10090,#10091,#10092);
#10094=CYLINDRICAL_SURFACE('',#10093,3.E-1);
#10095=ORIENTED_EDGE('',*,*,#10065,.F.);
#10096=ORIENTED_EDGE('',*,*,#8949,.T.);
#10098=ORIENTED_EDGE('',*,*,#10097,.T.);
#10100=ORIENTED_EDGE('',*,*,#10099,.F.);
#10101=EDGE_LOOP('',(#10095,#10096,#10098,#10100));
#10102=FACE_OUTER_BOUND('',#10101,.F.);
#10104=CARTESIAN_POINT('',(-6.045E0,-1.3E0,-3.5E0));
#10105=DIRECTION('',(0.E0,-1.E0,0.E0));
#10106=DIRECTION('',(-1.E0,0.E0,0.E0));
#10107=AXIS2_PLACEMENT_3D('',#10104,#10105,#10106);
#10108=PLANE('',#10107);
#10109=ORIENTED_EDGE('',*,*,#9433,.F.);
#10110=ORIENTED_EDGE('',*,*,#10040,.T.);
#10112=ORIENTED_EDGE('',*,*,#10111,.F.);
#10114=ORIENTED_EDGE('',*,*,#10113,.F.);
#10115=ORIENTED_EDGE('',*,*,#10080,.F.);
#10116=ORIENTED_EDGE('',*,*,#8971,.F.);
#10117=EDGE_LOOP('',(#10109,#10110,#10112,#10114,#10115,#10116));
#10118=FACE_OUTER_BOUND('',#10117,.F.);
#10120=CARTESIAN_POINT('',(-6.345E0,-3.E0,-2.5E0));
#10121=DIRECTION('',(0.E0,-1.E0,0.E0));
#10122=DIRECTION('',(1.E0,0.E0,0.E0));
#10123=AXIS2_PLACEMENT_3D('',#10120,#10121,#10122);
#10124=CYLINDRICAL_SURFACE('',#10123,3.E-1);
#10125=ORIENTED_EDGE('',*,*,#10111,.T.);
#10126=ORIENTED_EDGE('',*,*,#10038,.F.);
#10128=ORIENTED_EDGE('',*,*,#10127,.F.);
#10130=ORIENTED_EDGE('',*,*,#10129,.T.);
#10131=EDGE_LOOP('',(#10125,#10126,#10128,#10130));
#10132=FACE_OUTER_BOUND('',#10131,.F.);
#10134=CARTESIAN_POINT('',(-6.345E0,-3.E0,-2.5E0));
#10135=DIRECTION('',(0.E0,-1.E0,0.E0));
#10136=DIRECTION('',(1.E0,0.E0,0.E0));
#10137=AXIS2_PLACEMENT_3D('',#10134,#10135,#10136);
#10138=CYLINDRICAL_SURFACE('',#10137,3.E-1);
#10139=ORIENTED_EDGE('',*,*,#10069,.F.);
#10141=ORIENTED_EDGE('',*,*,#10140,.T.);
#10143=ORIENTED_EDGE('',*,*,#10142,.T.);
#10144=ORIENTED_EDGE('',*,*,#10031,.F.);
#10145=EDGE_LOOP('',(#10139,#10141,#10143,#10144));
#10146=FACE_OUTER_BOUND('',#10145,.F.);
#10148=CARTESIAN_POINT('',(-7.315E0,-2.5E0,-1.9E0));
#10149=DIRECTION('',(0.E0,-1.E0,0.E0));
#10150=DIRECTION('',(0.E0,0.E0,-1.E0));
#10151=AXIS2_PLACEMENT_3D('',#10148,#10149,#10150);
#10152=PLANE('',#10151);
#10154=ORIENTED_EDGE('',*,*,#10153,.F.);
#10155=ORIENTED_EDGE('',*,*,#8884,.T.);
#10157=ORIENTED_EDGE('',*,*,#10156,.T.);
#10159=ORIENTED_EDGE('',*,*,#10158,.T.);
#10161=ORIENTED_EDGE('',*,*,#10160,.F.);
#10162=ORIENTED_EDGE('',*,*,#8854,.T.);
#10164=ORIENTED_EDGE('',*,*,#10163,.T.);
#10166=ORIENTED_EDGE('',*,*,#10165,.T.);
#10168=ORIENTED_EDGE('',*,*,#10167,.F.);
#10169=ORIENTED_EDGE('',*,*,#8824,.T.);
#10171=ORIENTED_EDGE('',*,*,#10170,.T.);
#10173=ORIENTED_EDGE('',*,*,#10172,.T.);
#10175=ORIENTED_EDGE('',*,*,#10174,.F.);
#10176=ORIENTED_EDGE('',*,*,#8790,.T.);
#10178=ORIENTED_EDGE('',*,*,#10177,.T.);
#10180=ORIENTED_EDGE('',*,*,#10179,.T.);
#10182=ORIENTED_EDGE('',*,*,#10181,.T.);
#10184=ORIENTED_EDGE('',*,*,#10183,.T.);
#10185=ORIENTED_EDGE('',*,*,#8543,.F.);
#10186=ORIENTED_EDGE('',*,*,#8757,.T.);
#10188=ORIENTED_EDGE('',*,*,#10187,.T.);
#10189=ORIENTED_EDGE('',*,*,#9439,.F.);
#10190=ORIENTED_EDGE('',*,*,#8407,.F.);
#10191=ORIENTED_EDGE('',*,*,#8769,.T.);
#10192=ORIENTED_EDGE('',*,*,#8975,.T.);
#10193=ORIENTED_EDGE('',*,*,#10084,.T.);
#10195=ORIENTED_EDGE('',*,*,#10194,.T.);
#10196=ORIENTED_EDGE('',*,*,#10127,.T.);
#10197=ORIENTED_EDGE('',*,*,#10036,.F.);
#10198=ORIENTED_EDGE('',*,*,#8917,.T.);
#10200=ORIENTED_EDGE('',*,*,#10199,.T.);
#10202=ORIENTED_EDGE('',*,*,#10201,.T.);
#10203=EDGE_LOOP('',(#10154,#10155,#10157,#10159,#10161,#10162,#10164,#10166,
#10168,#10169,#10171,#10173,#10175,#10176,#10178,#10180,#10182,#10184,#10185,
#10186,#10188,#10189,#10190,#10191,#10192,#10193,#10195,#10196,#10197,#10198,
#10200,#10202));
#10204=FACE_OUTER_BOUND('',#10203,.F.);
#10206=CARTESIAN_POINT('',(-2.375E0,-7.5E-1,0.E0));
#10207=DIRECTION('',(1.E0,0.E0,0.E0));
#10208=DIRECTION('',(0.E0,1.E0,0.E0));
#10209=AXIS2_PLACEMENT_3D('',#10206,#10207,#10208);
#10210=PLANE('',#10209);
#10212=ORIENTED_EDGE('',*,*,#10211,.T.);
#10214=ORIENTED_EDGE('',*,*,#10213,.T.);
#10215=ORIENTED_EDGE('',*,*,#8480,.T.);
#10216=ORIENTED_EDGE('',*,*,#8879,.F.);
#10217=ORIENTED_EDGE('',*,*,#10153,.T.);
#10218=EDGE_LOOP('',(#10212,#10214,#10215,#10216,#10217));
#10219=FACE_OUTER_BOUND('',#10218,.F.);
#10221=CARTESIAN_POINT('',(-2.375E0,-2.5E0,-2.8E0));
#10222=DIRECTION('',(0.E0,0.E0,-1.E0));
#10223=DIRECTION('',(0.E0,1.E0,0.E0));
#10224=AXIS2_PLACEMENT_3D('',#10221,#10222,#10223);
#10225=PLANE('',#10224);
#10226=ORIENTED_EDGE('',*,*,#10211,.F.);
#10227=ORIENTED_EDGE('',*,*,#10201,.F.);
#10229=ORIENTED_EDGE('',*,*,#10228,.T.);
#10231=ORIENTED_EDGE('',*,*,#10230,.F.);
#10232=EDGE_LOOP('',(#10226,#10227,#10229,#10231));
#10233=FACE_OUTER_BOUND('',#10232,.F.);
#10235=CARTESIAN_POINT('',(-3.975E0,-7.5E-1,0.E0));
#10236=DIRECTION('',(1.E0,0.E0,0.E0));
#10237=DIRECTION('',(0.E0,1.E0,0.E0));
#10238=AXIS2_PLACEMENT_3D('',#10235,#10236,#10237);
#10239=PLANE('',#10238);
#10240=ORIENTED_EDGE('',*,*,#10228,.F.);
#10241=ORIENTED_EDGE('',*,*,#10199,.F.);
#10242=ORIENTED_EDGE('',*,*,#8915,.T.);
#10243=ORIENTED_EDGE('',*,*,#8484,.F.);
#10245=ORIENTED_EDGE('',*,*,#10244,.F.);
#10246=EDGE_LOOP('',(#10240,#10241,#10242,#10243,#10245));
#10247=FACE_OUTER_BOUND('',#10246,.F.);
#10249=CARTESIAN_POINT('',(-2.375E0,-2.275852590392E0,-2.55E0));
#10250=DIRECTION('',(1.E0,0.E0,0.E0));
#10251=DIRECTION('',(0.E0,1.E0,0.E0));
#10252=AXIS2_PLACEMENT_3D('',#10249,#10250,#10251);
#10253=CYLINDRICAL_SURFACE('',#10252,2.5E-1);
#10254=ORIENTED_EDGE('',*,*,#10213,.F.);
#10255=ORIENTED_EDGE('',*,*,#10230,.T.);
#10256=ORIENTED_EDGE('',*,*,#10244,.T.);
#10257=ORIENTED_EDGE('',*,*,#8482,.F.);
#10258=EDGE_LOOP('',(#10254,#10255,#10256,#10257));
#10259=FACE_OUTER_BOUND('',#10258,.F.);
#10261=CARTESIAN_POINT('',(-1.435E0,-7.5E-1,0.E0));
#10262=DIRECTION('',(1.E0,0.E0,0.E0));
#10263=DIRECTION('',(0.E0,1.E0,0.E0));
#10264=AXIS2_PLACEMENT_3D('',#10261,#10262,#10263);
#10265=PLANE('',#10264);
#10267=ORIENTED_EDGE('',*,*,#10266,.F.);
#10268=ORIENTED_EDGE('',*,*,#10156,.F.);
#10269=ORIENTED_EDGE('',*,*,#8882,.T.);
#10270=ORIENTED_EDGE('',*,*,#8516,.F.);
#10272=ORIENTED_EDGE('',*,*,#10271,.F.);
#10273=EDGE_LOOP('',(#10267,#10268,#10269,#10270,#10272));
#10274=FACE_OUTER_BOUND('',#10273,.F.);
#10276=CARTESIAN_POINT('',(1.65E-1,-2.5E0,-2.8E0));
#10277=DIRECTION('',(0.E0,0.E0,-1.E0));
#10278=DIRECTION('',(0.E0,1.E0,0.E0));
#10279=AXIS2_PLACEMENT_3D('',#10276,#10277,#10278);
#10280=PLANE('',#10279);
#10282=ORIENTED_EDGE('',*,*,#10281,.F.);
#10283=ORIENTED_EDGE('',*,*,#10158,.F.);
#10284=ORIENTED_EDGE('',*,*,#10266,.T.);
#10286=ORIENTED_EDGE('',*,*,#10285,.F.);
#10287=EDGE_LOOP('',(#10282,#10283,#10284,#10286));
#10288=FACE_OUTER_BOUND('',#10287,.F.);
#10290=CARTESIAN_POINT('',(1.65E-1,-7.5E-1,0.E0));
#10291=DIRECTION('',(1.E0,0.E0,0.E0));
#10292=DIRECTION('',(0.E0,1.E0,0.E0));
#10293=AXIS2_PLACEMENT_3D('',#10290,#10291,#10292);
#10294=PLANE('',#10293);
#10295=ORIENTED_EDGE('',*,*,#10281,.T.);
#10297=ORIENTED_EDGE('',*,*,#10296,.T.);
#10298=ORIENTED_EDGE('',*,*,#8512,.T.);
#10299=ORIENTED_EDGE('',*,*,#8849,.F.);
#10300=ORIENTED_EDGE('',*,*,#10160,.T.);
#10301=EDGE_LOOP('',(#10295,#10297,#10298,#10299,#10300));
#10302=FACE_OUTER_BOUND('',#10301,.F.);
#10304=CARTESIAN_POINT('',(1.65E-1,-2.275852590392E0,-2.55E0));
#10305=DIRECTION('',(1.E0,0.E0,0.E0));
#10306=DIRECTION('',(0.E0,1.E0,0.E0));
#10307=AXIS2_PLACEMENT_3D('',#10304,#10305,#10306);
#10308=CYLINDRICAL_SURFACE('',#10307,2.5E-1);
#10309=ORIENTED_EDGE('',*,*,#10296,.F.);
#10310=ORIENTED_EDGE('',*,*,#10285,.T.);
#10311=ORIENTED_EDGE('',*,*,#10271,.T.);
#10312=ORIENTED_EDGE('',*,*,#8514,.F.);
#10313=EDGE_LOOP('',(#10309,#10310,#10311,#10312));
#10314=FACE_OUTER_BOUND('',#10313,.F.);
#10316=CARTESIAN_POINT('',(1.105E0,-7.5E-1,0.E0));
#10317=DIRECTION('',(1.E0,0.E0,0.E0));
#10318=DIRECTION('',(0.E0,1.E0,0.E0));
#10319=AXIS2_PLACEMENT_3D('',#10316,#10317,#10318);
#10320=PLANE('',#10319);
#10322=ORIENTED_EDGE('',*,*,#10321,.F.);
#10323=ORIENTED_EDGE('',*,*,#10163,.F.);
#10324=ORIENTED_EDGE('',*,*,#8852,.T.);
#10325=ORIENTED_EDGE('',*,*,#8508,.F.);
#10327=ORIENTED_EDGE('',*,*,#10326,.F.);
#10328=EDGE_LOOP('',(#10322,#10323,#10324,#10325,#10327));
#10329=FACE_OUTER_BOUND('',#10328,.F.);
#10331=CARTESIAN_POINT('',(2.705E0,-2.5E0,-2.8E0));
#10332=DIRECTION('',(0.E0,0.E0,-1.E0));
#10333=DIRECTION('',(0.E0,1.E0,0.E0));
#10334=AXIS2_PLACEMENT_3D('',#10331,#10332,#10333);
#10335=PLANE('',#10334);
#10337=ORIENTED_EDGE('',*,*,#10336,.F.);
#10338=ORIENTED_EDGE('',*,*,#10165,.F.);
#10339=ORIENTED_EDGE('',*,*,#10321,.T.);
#10341=ORIENTED_EDGE('',*,*,#10340,.F.);
#10342=EDGE_LOOP('',(#10337,#10338,#10339,#10341));
#10343=FACE_OUTER_BOUND('',#10342,.F.);
#10345=CARTESIAN_POINT('',(2.705E0,-7.5E-1,0.E0));
#10346=DIRECTION('',(1.E0,0.E0,0.E0));
#10347=DIRECTION('',(0.E0,1.E0,0.E0));
#10348=AXIS2_PLACEMENT_3D('',#10345,#10346,#10347);
#10349=PLANE('',#10348);
#10350=ORIENTED_EDGE('',*,*,#10336,.T.);
#10352=ORIENTED_EDGE('',*,*,#10351,.T.);
#10353=ORIENTED_EDGE('',*,*,#8504,.T.);
#10354=ORIENTED_EDGE('',*,*,#8819,.F.);
#10355=ORIENTED_EDGE('',*,*,#10167,.T.);
#10356=EDGE_LOOP('',(#10350,#10352,#10353,#10354,#10355));
#10357=FACE_OUTER_BOUND('',#10356,.F.);
#10359=CARTESIAN_POINT('',(2.705E0,-2.275852590392E0,-2.55E0));
#10360=DIRECTION('',(1.E0,0.E0,0.E0));
#10361=DIRECTION('',(0.E0,1.E0,0.E0));
#10362=AXIS2_PLACEMENT_3D('',#10359,#10360,#10361);
#10363=CYLINDRICAL_SURFACE('',#10362,2.5E-1);
#10364=ORIENTED_EDGE('',*,*,#10351,.F.);
#10365=ORIENTED_EDGE('',*,*,#10340,.T.);
#10366=ORIENTED_EDGE('',*,*,#10326,.T.);
#10367=ORIENTED_EDGE('',*,*,#8506,.F.);
#10368=EDGE_LOOP('',(#10364,#10365,#10366,#10367));
#10369=FACE_OUTER_BOUND('',#10368,.F.);
#10371=CARTESIAN_POINT('',(3.645E0,-7.5E-1,0.E0));
#10372=DIRECTION('',(1.E0,0.E0,0.E0));
#10373=DIRECTION('',(0.E0,1.E0,0.E0));
#10374=AXIS2_PLACEMENT_3D('',#10371,#10372,#10373);
#10375=PLANE('',#10374);
#10376=ORIENTED_EDGE('',*,*,#8822,.T.);
#10377=ORIENTED_EDGE('',*,*,#8500,.F.);
#10379=ORIENTED_EDGE('',*,*,#10378,.F.);
#10381=ORIENTED_EDGE('',*,*,#10380,.F.);
#10382=ORIENTED_EDGE('',*,*,#10170,.F.);
#10383=EDGE_LOOP('',(#10376,#10377,#10379,#10381,#10382));
#10384=FACE_OUTER_BOUND('',#10383,.F.);
#10386=CARTESIAN_POINT('',(5.245E0,-2.275852590392E0,-2.55E0));
#10387=DIRECTION('',(1.E0,0.E0,0.E0));
#10388=DIRECTION('',(0.E0,1.E0,0.E0));
#10389=AXIS2_PLACEMENT_3D('',#10386,#10387,#10388);
#10390=CYLINDRICAL_SURFACE('',#10389,2.5E-1);
#10392=ORIENTED_EDGE('',*,*,#10391,.F.);
#10394=ORIENTED_EDGE('',*,*,#10393,.T.);
#10395=ORIENTED_EDGE('',*,*,#10378,.T.);
#10396=ORIENTED_EDGE('',*,*,#8498,.F.);
#10397=EDGE_LOOP('',(#10392,#10394,#10395,#10396));
#10398=FACE_OUTER_BOUND('',#10397,.F.);
#10400=CARTESIAN_POINT('',(5.245E0,-7.5E-1,0.E0));
#10401=DIRECTION('',(1.E0,0.E0,0.E0));
#10402=DIRECTION('',(0.E0,1.E0,0.E0));
#10403=AXIS2_PLACEMENT_3D('',#10400,#10401,#10402);
#10404=PLANE('',#10403);
#10405=ORIENTED_EDGE('',*,*,#8781,.F.);
#10406=ORIENTED_EDGE('',*,*,#10174,.T.);
#10408=ORIENTED_EDGE('',*,*,#10407,.T.);
#10409=ORIENTED_EDGE('',*,*,#10391,.T.);
#10410=ORIENTED_EDGE('',*,*,#8496,.T.);
#10411=EDGE_LOOP('',(#10405,#10406,#10408,#10409,#10410));
#10412=FACE_OUTER_BOUND('',#10411,.F.);
#10414=CARTESIAN_POINT('',(5.245E0,-2.5E0,-2.8E0));
#10415=DIRECTION('',(0.E0,0.E0,-1.E0));
#10416=DIRECTION('',(0.E0,1.E0,0.E0));
#10417=AXIS2_PLACEMENT_3D('',#10414,#10415,#10416);
#10418=PLANE('',#10417);
#10419=ORIENTED_EDGE('',*,*,#10172,.F.);
#10420=ORIENTED_EDGE('',*,*,#10380,.T.);
#10421=ORIENTED_EDGE('',*,*,#10393,.F.);
#10422=ORIENTED_EDGE('',*,*,#10407,.F.);
#10423=EDGE_LOOP('',(#10419,#10420,#10421,#10422));
#10424=FACE_OUTER_BOUND('',#10423,.F.);
#10426=CARTESIAN_POINT('',(6.045E0,-3.E0,-1.9E0));
#10427=DIRECTION('',(-1.E0,0.E0,0.E0));
#10428=DIRECTION('',(0.E0,0.E0,-1.E0));
#10429=AXIS2_PLACEMENT_3D('',#10426,#10427,#10428);
#10430=PLANE('',#10429);
#10431=ORIENTED_EDGE('',*,*,#9417,.T.);
#10433=ORIENTED_EDGE('',*,*,#10432,.F.);
#10434=ORIENTED_EDGE('',*,*,#10177,.F.);
#10435=ORIENTED_EDGE('',*,*,#8788,.F.);
#10436=EDGE_LOOP('',(#10431,#10433,#10434,#10435));
#10437=FACE_OUTER_BOUND('',#10436,.F.);
#10439=CARTESIAN_POINT('',(6.045E0,-3.E0,-1.9E0));
#10440=DIRECTION('',(-1.E0,0.E0,0.E0));
#10441=DIRECTION('',(0.E0,0.E0,-1.E0));
#10442=AXIS2_PLACEMENT_3D('',#10439,#10440,#10441);
#10443=PLANE('',#10442);
#10445=ORIENTED_EDGE('',*,*,#10444,.F.);
#10446=ORIENTED_EDGE('',*,*,#8804,.F.);
#10448=ORIENTED_EDGE('',*,*,#10447,.T.);
#10450=ORIENTED_EDGE('',*,*,#10449,.F.);
#10451=EDGE_LOOP('',(#10445,#10446,#10448,#10450));
#10452=FACE_OUTER_BOUND('',#10451,.F.);
#10454=CARTESIAN_POINT('',(6.345E0,-3.E0,-2.5E0));
#10455=DIRECTION('',(0.E0,-1.E0,0.E0));
#10456=DIRECTION('',(1.E0,0.E0,0.E0));
#10457=AXIS2_PLACEMENT_3D('',#10454,#10455,#10456);
#10458=CYLINDRICAL_SURFACE('',#10457,3.E-1);
#10459=ORIENTED_EDGE('',*,*,#9415,.T.);
#10461=ORIENTED_EDGE('',*,*,#10460,.F.);
#10462=ORIENTED_EDGE('',*,*,#10179,.F.);
#10463=ORIENTED_EDGE('',*,*,#10432,.T.);
#10464=EDGE_LOOP('',(#10459,#10461,#10462,#10463));
#10465=FACE_OUTER_BOUND('',#10464,.F.);
#10467=CARTESIAN_POINT('',(6.345E0,-3.E0,-2.5E0));
#10468=DIRECTION('',(0.E0,-1.E0,0.E0));
#10469=DIRECTION('',(1.E0,0.E0,0.E0));
#10470=AXIS2_PLACEMENT_3D('',#10467,#10468,#10469);
#10471=CYLINDRICAL_SURFACE('',#10470,3.E-1);
#10473=ORIENTED_EDGE('',*,*,#10472,.F.);
#10474=ORIENTED_EDGE('',*,*,#10449,.T.);
#10476=ORIENTED_EDGE('',*,*,#10475,.T.);
#10478=ORIENTED_EDGE('',*,*,#10477,.F.);
#10479=EDGE_LOOP('',(#10473,#10474,#10476,#10478));
#10480=FACE_OUTER_BOUND('',#10479,.F.);
#10482=CARTESIAN_POINT('',(6.345E0,-3.E0,-2.8E0));
#10483=DIRECTION('',(0.E0,0.E0,-1.E0));
#10484=DIRECTION('',(1.E0,0.E0,0.E0));
#10485=AXIS2_PLACEMENT_3D('',#10482,#10483,#10484);
#10486=PLANE('',#10485);
#10487=ORIENTED_EDGE('',*,*,#9413,.T.);
#10489=ORIENTED_EDGE('',*,*,#10488,.F.);
#10490=ORIENTED_EDGE('',*,*,#10181,.F.);
#10491=ORIENTED_EDGE('',*,*,#10460,.T.);
#10492=EDGE_LOOP('',(#10487,#10489,#10490,#10491));
#10493=FACE_OUTER_BOUND('',#10492,.F.);
#10495=CARTESIAN_POINT('',(6.345E0,-3.E0,-2.8E0));
#10496=DIRECTION('',(0.E0,0.E0,-1.E0));
#10497=DIRECTION('',(1.E0,0.E0,0.E0));
#10498=AXIS2_PLACEMENT_3D('',#10495,#10496,#10497);
#10499=PLANE('',#10498);
#10501=ORIENTED_EDGE('',*,*,#10500,.F.);
#10502=ORIENTED_EDGE('',*,*,#10477,.T.);
#10504=ORIENTED_EDGE('',*,*,#10503,.T.);
#10506=ORIENTED_EDGE('',*,*,#10505,.F.);
#10507=EDGE_LOOP('',(#10501,#10502,#10504,#10506));
#10508=FACE_OUTER_BOUND('',#10507,.F.);
#10510=CARTESIAN_POINT('',(6.565E0,-3.E0,-2.5E0));
#10511=DIRECTION('',(0.E0,-1.E0,0.E0));
#10512=DIRECTION('',(1.E0,0.E0,0.E0));
#10513=AXIS2_PLACEMENT_3D('',#10510,#10511,#10512);
#10514=CYLINDRICAL_SURFACE('',#10513,3.E-1);
#10515=ORIENTED_EDGE('',*,*,#9411,.T.);
#10516=ORIENTED_EDGE('',*,*,#8545,.F.);
#10517=ORIENTED_EDGE('',*,*,#10183,.F.);
#10518=ORIENTED_EDGE('',*,*,#10488,.T.);
#10519=EDGE_LOOP('',(#10515,#10516,#10517,#10518));
#10520=FACE_OUTER_BOUND('',#10519,.F.);
#10522=CARTESIAN_POINT('',(6.565E0,-3.E0,-2.5E0));
#10523=DIRECTION('',(0.E0,-1.E0,0.E0));
#10524=DIRECTION('',(1.E0,0.E0,0.E0));
#10525=AXIS2_PLACEMENT_3D('',#10522,#10523,#10524);
#10526=CYLINDRICAL_SURFACE('',#10525,3.E-1);
#10528=ORIENTED_EDGE('',*,*,#10527,.F.);
#10529=ORIENTED_EDGE('',*,*,#10505,.T.);
#10531=ORIENTED_EDGE('',*,*,#10530,.T.);
#10532=ORIENTED_EDGE('',*,*,#8553,.F.);
#10533=EDGE_LOOP('',(#10528,#10529,#10531,#10532));
#10534=FACE_OUTER_BOUND('',#10533,.F.);
#10536=CARTESIAN_POINT('',(5.345E0,1.3E0,-3.5E0));
#10537=DIRECTION('',(0.E0,1.E0,0.E0));
#10538=DIRECTION('',(1.E0,0.E0,0.E0));
#10539=AXIS2_PLACEMENT_3D('',#10536,#10537,#10538);
#10540=PLANE('',#10539);
#10541=ORIENTED_EDGE('',*,*,#8806,.T.);
#10542=ORIENTED_EDGE('',*,*,#10444,.T.);
#10543=ORIENTED_EDGE('',*,*,#10472,.T.);
#10544=ORIENTED_EDGE('',*,*,#10500,.T.);
#10545=ORIENTED_EDGE('',*,*,#10527,.T.);
#10546=ORIENTED_EDGE('',*,*,#8551,.F.);
#10547=ORIENTED_EDGE('',*,*,#9520,.F.);
#10548=ORIENTED_EDGE('',*,*,#9378,.T.);
#10549=EDGE_LOOP('',(#10541,#10542,#10543,#10544,#10545,#10546,#10547,#10548));
#10550=FACE_OUTER_BOUND('',#10549,.F.);
#10552=CARTESIAN_POINT('',(-7.315E0,2.5E0,-3.5E0));
#10553=DIRECTION('',(0.E0,1.E0,0.E0));
#10554=DIRECTION('',(0.E0,0.E0,1.E0));
#10555=AXIS2_PLACEMENT_3D('',#10552,#10553,#10554);
#10556=PLANE('',#10555);
#10558=ORIENTED_EDGE('',*,*,#10557,.T.);
#10560=ORIENTED_EDGE('',*,*,#10559,.F.);
#10562=ORIENTED_EDGE('',*,*,#10561,.F.);
#10563=ORIENTED_EDGE('',*,*,#8921,.F.);
#10564=ORIENTED_EDGE('',*,*,#10033,.T.);
#10565=ORIENTED_EDGE('',*,*,#10142,.F.);
#10567=ORIENTED_EDGE('',*,*,#10566,.F.);
#10568=ORIENTED_EDGE('',*,*,#10097,.F.);
#10569=ORIENTED_EDGE('',*,*,#8947,.F.);
#10570=ORIENTED_EDGE('',*,*,#8729,.F.);
#10571=ORIENTED_EDGE('',*,*,#8427,.F.);
#10572=ORIENTED_EDGE('',*,*,#9443,.T.);
#10574=ORIENTED_EDGE('',*,*,#10573,.T.);
#10575=ORIENTED_EDGE('',*,*,#8740,.F.);
#10576=ORIENTED_EDGE('',*,*,#8555,.T.);
#10577=ORIENTED_EDGE('',*,*,#10530,.F.);
#10578=ORIENTED_EDGE('',*,*,#10503,.F.);
#10579=ORIENTED_EDGE('',*,*,#10475,.F.);
#10580=ORIENTED_EDGE('',*,*,#10447,.F.);
#10581=ORIENTED_EDGE('',*,*,#8802,.F.);
#10583=ORIENTED_EDGE('',*,*,#10582,.T.);
#10585=ORIENTED_EDGE('',*,*,#10584,.F.);
#10587=ORIENTED_EDGE('',*,*,#10586,.F.);
#10588=ORIENTED_EDGE('',*,*,#8836,.F.);
#10590=ORIENTED_EDGE('',*,*,#10589,.T.);
#10592=ORIENTED_EDGE('',*,*,#10591,.F.);
#10594=ORIENTED_EDGE('',*,*,#10593,.F.);
#10595=ORIENTED_EDGE('',*,*,#8866,.F.);
#10597=ORIENTED_EDGE('',*,*,#10596,.T.);
#10599=ORIENTED_EDGE('',*,*,#10598,.F.);
#10601=ORIENTED_EDGE('',*,*,#10600,.F.);
#10602=ORIENTED_EDGE('',*,*,#8896,.F.);
#10603=EDGE_LOOP('',(#10558,#10560,#10562,#10563,#10564,#10565,#10567,#10568,
#10569,#10570,#10571,#10572,#10574,#10575,#10576,#10577,#10578,#10579,#10580,
#10581,#10583,#10585,#10587,#10588,#10590,#10592,#10594,#10595,#10597,#10599,
#10601,#10602));
#10604=FACE_OUTER_BOUND('',#10603,.F.);
#10606=CARTESIAN_POINT('',(-3.645E0,7.5E-1,0.E0));
#10607=DIRECTION('',(1.E0,0.E0,0.E0));
#10608=DIRECTION('',(0.E0,1.E0,0.E0));
#10609=AXIS2_PLACEMENT_3D('',#10606,#10607,#10608);
#10610=PLANE('',#10609);
#10611=ORIENTED_EDGE('',*,*,#8683,.T.);
#10613=ORIENTED_EDGE('',*,*,#10612,.T.);
#10615=ORIENTED_EDGE('',*,*,#10614,.T.);
#10616=ORIENTED_EDGE('',*,*,#10557,.F.);
#10617=ORIENTED_EDGE('',*,*,#8894,.T.);
#10618=EDGE_LOOP('',(#10611,#10613,#10615,#10616,#10617));
#10619=FACE_OUTER_BOUND('',#10618,.F.);
#10621=CARTESIAN_POINT('',(-3.645E0,2.275852590392E0,-2.55E0));
#10622=DIRECTION('',(1.E0,0.E0,0.E0));
#10623=DIRECTION('',(0.E0,1.E0,0.E0));
#10624=AXIS2_PLACEMENT_3D('',#10621,#10622,#10623);
#10625=CYLINDRICAL_SURFACE('',#10624,2.5E-1);
#10626=ORIENTED_EDGE('',*,*,#10612,.F.);
#10627=ORIENTED_EDGE('',*,*,#8681,.T.);
#10629=ORIENTED_EDGE('',*,*,#10628,.T.);
#10631=ORIENTED_EDGE('',*,*,#10630,.F.);
#10632=EDGE_LOOP('',(#10626,#10627,#10629,#10631));
#10633=FACE_OUTER_BOUND('',#10632,.F.);
#10635=CARTESIAN_POINT('',(-5.245E0,7.5E-1,0.E0));
#10636=DIRECTION('',(1.E0,0.E0,0.E0));
#10637=DIRECTION('',(0.E0,1.E0,0.E0));
#10638=AXIS2_PLACEMENT_3D('',#10635,#10636,#10637);
#10639=PLANE('',#10638);
#10640=ORIENTED_EDGE('',*,*,#8679,.F.);
#10641=ORIENTED_EDGE('',*,*,#8909,.F.);
#10642=ORIENTED_EDGE('',*,*,#10561,.T.);
#10644=ORIENTED_EDGE('',*,*,#10643,.F.);
#10645=ORIENTED_EDGE('',*,*,#10628,.F.);
#10646=EDGE_LOOP('',(#10640,#10641,#10642,#10644,#10645));
#10647=FACE_OUTER_BOUND('',#10646,.F.);
#10649=CARTESIAN_POINT('',(-3.645E0,2.275852590392E0,-2.8E0));
#10650=DIRECTION('',(0.E0,0.E0,-1.E0));
#10651=DIRECTION('',(0.E0,1.E0,0.E0));
#10652=AXIS2_PLACEMENT_3D('',#10649,#10650,#10651);
#10653=PLANE('',#10652);
#10654=ORIENTED_EDGE('',*,*,#10614,.F.);
#10655=ORIENTED_EDGE('',*,*,#10630,.T.);
#10656=ORIENTED_EDGE('',*,*,#10643,.T.);
#10657=ORIENTED_EDGE('',*,*,#10559,.T.);
#10658=EDGE_LOOP('',(#10654,#10655,#10656,#10657));
#10659=FACE_OUTER_BOUND('',#10658,.F.);
#10661=CARTESIAN_POINT('',(-6.565E0,-3.E0,-2.8E0));
#10662=DIRECTION('',(0.E0,0.E0,-1.E0));
#10663=DIRECTION('',(1.E0,0.E0,0.E0));
#10664=AXIS2_PLACEMENT_3D('',#10661,#10662,#10663);
#10665=PLANE('',#10664);
#10666=ORIENTED_EDGE('',*,*,#10113,.T.);
#10667=ORIENTED_EDGE('',*,*,#10129,.F.);
#10668=ORIENTED_EDGE('',*,*,#10194,.F.);
#10669=ORIENTED_EDGE('',*,*,#10082,.T.);
#10670=EDGE_LOOP('',(#10666,#10667,#10668,#10669));
#10671=FACE_OUTER_BOUND('',#10670,.F.);
#10673=CARTESIAN_POINT('',(-6.565E0,-3.E0,-2.8E0));
#10674=DIRECTION('',(0.E0,0.E0,-1.E0));
#10675=DIRECTION('',(1.E0,0.E0,0.E0));
#10676=AXIS2_PLACEMENT_3D('',#10673,#10674,#10675);
#10677=PLANE('',#10676);
#10678=ORIENTED_EDGE('',*,*,#10067,.F.);
#10679=ORIENTED_EDGE('',*,*,#10099,.T.);
#10680=ORIENTED_EDGE('',*,*,#10566,.T.);
#10681=ORIENTED_EDGE('',*,*,#10140,.F.);
#10682=EDGE_LOOP('',(#10678,#10679,#10680,#10681));
#10683=FACE_OUTER_BOUND('',#10682,.F.);
#10685=CARTESIAN_POINT('',(7.315E0,0.E0,0.E0));
#10686=DIRECTION('',(1.E0,0.E0,0.E0));
#10687=DIRECTION('',(0.E0,1.E0,0.E0));
#10688=AXIS2_PLACEMENT_3D('',#10685,#10686,#10687);
#10689=PLANE('',#10688);
#10690=ORIENTED_EDGE('',*,*,#9441,.F.);
#10691=ORIENTED_EDGE('',*,*,#10187,.F.);
#10692=ORIENTED_EDGE('',*,*,#8755,.F.);
#10693=ORIENTED_EDGE('',*,*,#8449,.F.);
#10694=ORIENTED_EDGE('',*,*,#9348,.F.);
#10695=ORIENTED_EDGE('',*,*,#8647,.F.);
#10696=ORIENTED_EDGE('',*,*,#8742,.F.);
#10697=ORIENTED_EDGE('',*,*,#10573,.F.);
#10698=EDGE_LOOP('',(#10690,#10691,#10692,#10693,#10694,#10695,#10696,#10697));
#10699=FACE_OUTER_BOUND('',#10698,.F.);
#10701=CARTESIAN_POINT('',(3.975E0,7.5E-1,0.E0));
#10702=DIRECTION('',(1.E0,0.E0,0.E0));
#10703=DIRECTION('',(0.E0,1.E0,0.E0));
#10704=AXIS2_PLACEMENT_3D('',#10701,#10702,#10703);
#10705=PLANE('',#10704);
#10706=ORIENTED_EDGE('',*,*,#8800,.T.);
#10707=ORIENTED_EDGE('',*,*,#8707,.T.);
#10709=ORIENTED_EDGE('',*,*,#10708,.T.);
#10711=ORIENTED_EDGE('',*,*,#10710,.T.);
#10712=ORIENTED_EDGE('',*,*,#10582,.F.);
#10713=EDGE_LOOP('',(#10706,#10707,#10709,#10711,#10712));
#10714=FACE_OUTER_BOUND('',#10713,.F.);
#10716=CARTESIAN_POINT('',(3.975E0,2.275852590392E0,-2.55E0));
#10717=DIRECTION('',(1.E0,0.E0,0.E0));
#10718=DIRECTION('',(0.E0,1.E0,0.E0));
#10719=AXIS2_PLACEMENT_3D('',#10716,#10717,#10718);
#10720=CYLINDRICAL_SURFACE('',#10719,2.5E-1);
#10721=ORIENTED_EDGE('',*,*,#10708,.F.);
#10722=ORIENTED_EDGE('',*,*,#8705,.T.);
#10724=ORIENTED_EDGE('',*,*,#10723,.T.);
#10726=ORIENTED_EDGE('',*,*,#10725,.F.);
#10727=EDGE_LOOP('',(#10721,#10722,#10724,#10726));
#10728=FACE_OUTER_BOUND('',#10727,.F.);
#10730=CARTESIAN_POINT('',(2.375E0,7.5E-1,0.E0));
#10731=DIRECTION('',(1.E0,0.E0,0.E0));
#10732=DIRECTION('',(0.E0,1.E0,0.E0));
#10733=AXIS2_PLACEMENT_3D('',#10730,#10731,#10732);
#10734=PLANE('',#10733);
#10735=ORIENTED_EDGE('',*,*,#8838,.F.);
#10736=ORIENTED_EDGE('',*,*,#10586,.T.);
#10738=ORIENTED_EDGE('',*,*,#10737,.F.);
#10739=ORIENTED_EDGE('',*,*,#10723,.F.);
#10740=ORIENTED_EDGE('',*,*,#8703,.F.);
#10741=EDGE_LOOP('',(#10735,#10736,#10738,#10739,#10740));
#10742=FACE_OUTER_BOUND('',#10741,.F.);
#10744=CARTESIAN_POINT('',(3.975E0,2.275852590392E0,-2.8E0));
#10745=DIRECTION('',(0.E0,0.E0,-1.E0));
#10746=DIRECTION('',(0.E0,1.E0,0.E0));
#10747=AXIS2_PLACEMENT_3D('',#10744,#10745,#10746);
#10748=PLANE('',#10747);
#10749=ORIENTED_EDGE('',*,*,#10584,.T.);
#10750=ORIENTED_EDGE('',*,*,#10710,.F.);
#10751=ORIENTED_EDGE('',*,*,#10725,.T.);
#10752=ORIENTED_EDGE('',*,*,#10737,.T.);
#10753=EDGE_LOOP('',(#10749,#10750,#10751,#10752));
#10754=FACE_OUTER_BOUND('',#10753,.F.);
#10756=CARTESIAN_POINT('',(1.435E0,7.5E-1,0.E0));
#10757=DIRECTION('',(1.E0,0.E0,0.E0));
#10758=DIRECTION('',(0.E0,1.E0,0.E0));
#10759=AXIS2_PLACEMENT_3D('',#10756,#10757,#10758);
#10760=PLANE('',#10759);
#10761=ORIENTED_EDGE('',*,*,#8699,.T.);
#10763=ORIENTED_EDGE('',*,*,#10762,.T.);
#10765=ORIENTED_EDGE('',*,*,#10764,.T.);
#10766=ORIENTED_EDGE('',*,*,#10589,.F.);
#10767=ORIENTED_EDGE('',*,*,#8834,.T.);
#10768=EDGE_LOOP('',(#10761,#10763,#10765,#10766,#10767));
#10769=FACE_OUTER_BOUND('',#10768,.F.);
#10771=CARTESIAN_POINT('',(1.435E0,2.275852590392E0,-2.55E0));
#10772=DIRECTION('',(1.E0,0.E0,0.E0));
#10773=DIRECTION('',(0.E0,1.E0,0.E0));
#10774=AXIS2_PLACEMENT_3D('',#10771,#10772,#10773);
#10775=CYLINDRICAL_SURFACE('',#10774,2.5E-1);
#10776=ORIENTED_EDGE('',*,*,#10762,.F.);
#10777=ORIENTED_EDGE('',*,*,#8697,.T.);
#10779=ORIENTED_EDGE('',*,*,#10778,.T.);
#10781=ORIENTED_EDGE('',*,*,#10780,.F.);
#10782=EDGE_LOOP('',(#10776,#10777,#10779,#10781));
#10783=FACE_OUTER_BOUND('',#10782,.F.);
#10785=CARTESIAN_POINT('',(-1.65E-1,7.5E-1,0.E0));
#10786=DIRECTION('',(1.E0,0.E0,0.E0));
#10787=DIRECTION('',(0.E0,1.E0,0.E0));
#10788=AXIS2_PLACEMENT_3D('',#10785,#10786,#10787);
#10789=PLANE('',#10788);
#10790=ORIENTED_EDGE('',*,*,#8695,.F.);
#10791=ORIENTED_EDGE('',*,*,#8868,.F.);
#10792=ORIENTED_EDGE('',*,*,#10593,.T.);
#10794=ORIENTED_EDGE('',*,*,#10793,.F.);
#10795=ORIENTED_EDGE('',*,*,#10778,.F.);
#10796=EDGE_LOOP('',(#10790,#10791,#10792,#10794,#10795));
#10797=FACE_OUTER_BOUND('',#10796,.F.);
#10799=CARTESIAN_POINT('',(1.435E0,2.275852590392E0,-2.8E0));
#10800=DIRECTION('',(0.E0,0.E0,-1.E0));
#10801=DIRECTION('',(0.E0,1.E0,0.E0));
#10802=AXIS2_PLACEMENT_3D('',#10799,#10800,#10801);
#10803=PLANE('',#10802);
#10804=ORIENTED_EDGE('',*,*,#10764,.F.);
#10805=ORIENTED_EDGE('',*,*,#10780,.T.);
#10806=ORIENTED_EDGE('',*,*,#10793,.T.);
#10807=ORIENTED_EDGE('',*,*,#10591,.T.);
#10808=EDGE_LOOP('',(#10804,#10805,#10806,#10807));
#10809=FACE_OUTER_BOUND('',#10808,.F.);
#10811=CARTESIAN_POINT('',(-1.105E0,7.5E-1,0.E0));
#10812=DIRECTION('',(1.E0,0.E0,0.E0));
#10813=DIRECTION('',(0.E0,1.E0,0.E0));
#10814=AXIS2_PLACEMENT_3D('',#10811,#10812,#10813);
#10815=PLANE('',#10814);
#10816=ORIENTED_EDGE('',*,*,#8691,.T.);
#10818=ORIENTED_EDGE('',*,*,#10817,.T.);
#10820=ORIENTED_EDGE('',*,*,#10819,.T.);
#10821=ORIENTED_EDGE('',*,*,#10596,.F.);
#10822=ORIENTED_EDGE('',*,*,#8864,.T.);
#10823=EDGE_LOOP('',(#10816,#10818,#10820,#10821,#10822));
#10824=FACE_OUTER_BOUND('',#10823,.F.);
#10826=CARTESIAN_POINT('',(-1.105E0,2.275852590392E0,-2.55E0));
#10827=DIRECTION('',(1.E0,0.E0,0.E0));
#10828=DIRECTION('',(0.E0,1.E0,0.E0));
#10829=AXIS2_PLACEMENT_3D('',#10826,#10827,#10828);
#10830=CYLINDRICAL_SURFACE('',#10829,2.5E-1);
#10831=ORIENTED_EDGE('',*,*,#10817,.F.);
#10832=ORIENTED_EDGE('',*,*,#8689,.T.);
#10834=ORIENTED_EDGE('',*,*,#10833,.T.);
#10836=ORIENTED_EDGE('',*,*,#10835,.F.);
#10837=EDGE_LOOP('',(#10831,#10832,#10834,#10836));
#10838=FACE_OUTER_BOUND('',#10837,.F.);
#10840=CARTESIAN_POINT('',(-2.705E0,7.5E-1,0.E0));
#10841=DIRECTION('',(1.E0,0.E0,0.E0));
#10842=DIRECTION('',(0.E0,1.E0,0.E0));
#10843=AXIS2_PLACEMENT_3D('',#10840,#10841,#10842);
#10844=PLANE('',#10843);
#10845=ORIENTED_EDGE('',*,*,#8687,.F.);
#10846=ORIENTED_EDGE('',*,*,#8898,.F.);
#10847=ORIENTED_EDGE('',*,*,#10600,.T.);
#10849=ORIENTED_EDGE('',*,*,#10848,.F.);
#10850=ORIENTED_EDGE('',*,*,#10833,.F.);
#10851=EDGE_LOOP('',(#10845,#10846,#10847,#10849,#10850));
#10852=FACE_OUTER_BOUND('',#10851,.F.);
#10854=CARTESIAN_POINT('',(-1.105E0,2.275852590392E0,-2.8E0));
#10855=DIRECTION('',(0.E0,0.E0,-1.E0));
#10856=DIRECTION('',(0.E0,1.E0,0.E0));
#10857=AXIS2_PLACEMENT_3D('',#10854,#10855,#10856);
#10858=PLANE('',#10857);
#10859=ORIENTED_EDGE('',*,*,#10819,.F.);
#10860=ORIENTED_EDGE('',*,*,#10835,.T.);
#10861=ORIENTED_EDGE('',*,*,#10848,.T.);
#10862=ORIENTED_EDGE('',*,*,#10598,.T.);
#10863=EDGE_LOOP('',(#10859,#10860,#10861,#10862));
#10864=FACE_OUTER_BOUND('',#10863,.F.);
#10866=CARTESIAN_POINT('',(-7.315E0,-1.5E0,-3.5E0));
#10867=DIRECTION('',(0.E0,-1.E0,0.E0));
#10868=DIRECTION('',(0.E0,0.E0,-1.E0));
#10869=AXIS2_PLACEMENT_3D('',#10866,#10867,#10868);
#10870=PLANE('',#10869);
#10871=ORIENTED_EDGE('',*,*,#8967,.T.);
#10873=ORIENTED_EDGE('',*,*,#10872,.F.);
#10874=ORIENTED_EDGE('',*,*,#8411,.F.);
#10875=ORIENTED_EDGE('',*,*,#9436,.T.);
#10876=EDGE_LOOP('',(#10871,#10873,#10874,#10875));
#10877=FACE_OUTER_BOUND('',#10876,.F.);
#10879=CARTESIAN_POINT('',(-7.315E0,-1.5E0,-3.5E0));
#10880=DIRECTION('',(0.E0,-1.E0,0.E0));
#10881=DIRECTION('',(0.E0,0.E0,-1.E0));
#10882=AXIS2_PLACEMENT_3D('',#10879,#10880,#10881);
#10883=PLANE('',#10882);
#10884=ORIENTED_EDGE('',*,*,#9632,.T.);
#10886=ORIENTED_EDGE('',*,*,#10885,.T.);
#10888=ORIENTED_EDGE('',*,*,#10887,.F.);
#10889=ORIENTED_EDGE('',*,*,#9581,.T.);
#10891=ORIENTED_EDGE('',*,*,#10890,.T.);
#10893=ORIENTED_EDGE('',*,*,#10892,.T.);
#10895=ORIENTED_EDGE('',*,*,#10894,.F.);
#10896=ORIENTED_EDGE('',*,*,#9573,.T.);
#10898=ORIENTED_EDGE('',*,*,#10897,.T.);
#10900=ORIENTED_EDGE('',*,*,#10899,.T.);
#10902=ORIENTED_EDGE('',*,*,#10901,.F.);
#10903=ORIENTED_EDGE('',*,*,#9565,.T.);
#10905=ORIENTED_EDGE('',*,*,#10904,.T.);
#10907=ORIENTED_EDGE('',*,*,#10906,.T.);
#10909=ORIENTED_EDGE('',*,*,#10908,.F.);
#10910=ORIENTED_EDGE('',*,*,#9557,.T.);
#10912=ORIENTED_EDGE('',*,*,#10911,.T.);
#10914=ORIENTED_EDGE('',*,*,#10913,.T.);
#10916=ORIENTED_EDGE('',*,*,#10915,.F.);
#10917=ORIENTED_EDGE('',*,*,#9549,.T.);
#10919=ORIENTED_EDGE('',*,*,#10918,.T.);
#10921=ORIENTED_EDGE('',*,*,#10920,.T.);
#10923=ORIENTED_EDGE('',*,*,#10922,.F.);
#10924=ORIENTED_EDGE('',*,*,#9541,.T.);
#10926=ORIENTED_EDGE('',*,*,#10925,.T.);
#10928=ORIENTED_EDGE('',*,*,#10927,.T.);
#10930=ORIENTED_EDGE('',*,*,#10929,.F.);
#10931=ORIENTED_EDGE('',*,*,#9533,.T.);
#10933=ORIENTED_EDGE('',*,*,#10932,.T.);
#10935=ORIENTED_EDGE('',*,*,#10934,.T.);
#10937=ORIENTED_EDGE('',*,*,#10936,.F.);
#10938=ORIENTED_EDGE('',*,*,#9525,.T.);
#10939=ORIENTED_EDGE('',*,*,#9394,.T.);
#10941=ORIENTED_EDGE('',*,*,#10940,.F.);
#10943=ORIENTED_EDGE('',*,*,#10942,.F.);
#10945=ORIENTED_EDGE('',*,*,#10944,.F.);
#10947=ORIENTED_EDGE('',*,*,#10946,.T.);
#10949=ORIENTED_EDGE('',*,*,#10948,.F.);
#10951=ORIENTED_EDGE('',*,*,#10950,.F.);
#10953=ORIENTED_EDGE('',*,*,#10952,.F.);
#10955=ORIENTED_EDGE('',*,*,#10954,.T.);
#10957=ORIENTED_EDGE('',*,*,#10956,.F.);
#10959=ORIENTED_EDGE('',*,*,#10958,.F.);
#10961=ORIENTED_EDGE('',*,*,#10960,.F.);
#10963=ORIENTED_EDGE('',*,*,#10962,.T.);
#10965=ORIENTED_EDGE('',*,*,#10964,.F.);
#10967=ORIENTED_EDGE('',*,*,#10966,.F.);
#10969=ORIENTED_EDGE('',*,*,#10968,.F.);
#10971=ORIENTED_EDGE('',*,*,#10970,.T.);
#10973=ORIENTED_EDGE('',*,*,#10972,.F.);
#10974=ORIENTED_EDGE('',*,*,#10043,.F.);
#10975=ORIENTED_EDGE('',*,*,#9429,.T.);
#10976=EDGE_LOOP('',(#10884,#10886,#10888,#10889,#10891,#10893,#10895,#10896,
#10898,#10900,#10902,#10903,#10905,#10907,#10909,#10910,#10912,#10914,#10916,
#10917,#10919,#10921,#10923,#10924,#10926,#10928,#10930,#10931,#10933,#10935,
#10937,#10938,#10939,#10941,#10943,#10945,#10947,#10949,#10951,#10953,#10955,
#10957,#10959,#10961,#10963,#10965,#10967,#10969,#10971,#10973,#10974,#10975));
#10977=FACE_OUTER_BOUND('',#10976,.F.);
#10979=CARTESIAN_POINT('',(-7.315E0,-1.5E0,-5.E0));
#10980=DIRECTION('',(0.E0,0.E0,-1.E0));
#10981=DIRECTION('',(0.E0,1.E0,0.E0));
#10982=AXIS2_PLACEMENT_3D('',#10979,#10980,#10981);
#10983=PLANE('',#10982);
#10984=ORIENTED_EDGE('',*,*,#8965,.T.);
#10986=ORIENTED_EDGE('',*,*,#10985,.F.);
#10987=ORIENTED_EDGE('',*,*,#8413,.F.);
#10988=ORIENTED_EDGE('',*,*,#10872,.T.);
#10989=EDGE_LOOP('',(#10984,#10986,#10987,#10988));
#10990=FACE_OUTER_BOUND('',#10989,.F.);
#10992=CARTESIAN_POINT('',(-7.315E0,-1.5E0,-5.E0));
#10993=DIRECTION('',(0.E0,0.E0,-1.E0));
#10994=DIRECTION('',(0.E0,1.E0,0.E0));
#10995=AXIS2_PLACEMENT_3D('',#10992,#10993,#10994);
#10996=PLANE('',#10995);
#10998=ORIENTED_EDGE('',*,*,#10997,.F.);
#10999=ORIENTED_EDGE('',*,*,#10940,.T.);
#11000=ORIENTED_EDGE('',*,*,#9392,.T.);
#11002=ORIENTED_EDGE('',*,*,#11001,.F.);
#11003=EDGE_LOOP('',(#10998,#10999,#11000,#11002));
#11004=FACE_OUTER_BOUND('',#11003,.F.);
#11006=CARTESIAN_POINT('',(-7.315E0,-1.5E0,-5.E0));
#11007=DIRECTION('',(0.E0,0.E0,-1.E0));
#11008=DIRECTION('',(0.E0,1.E0,0.E0));
#11009=AXIS2_PLACEMENT_3D('',#11006,#11007,#11008);
#11010=PLANE('',#11009);
#11012=ORIENTED_EDGE('',*,*,#11011,.F.);
#11013=ORIENTED_EDGE('',*,*,#10948,.T.);
#11015=ORIENTED_EDGE('',*,*,#11014,.T.);
#11017=ORIENTED_EDGE('',*,*,#11016,.F.);
#11018=EDGE_LOOP('',(#11012,#11013,#11015,#11017));
#11019=FACE_OUTER_BOUND('',#11018,.F.);
#11021=CARTESIAN_POINT('',(-7.315E0,-1.5E0,-5.E0));
#11022=DIRECTION('',(0.E0,0.E0,-1.E0));
#11023=DIRECTION('',(0.E0,1.E0,0.E0));
#11024=AXIS2_PLACEMENT_3D('',#11021,#11022,#11023);
#11025=PLANE('',#11024);
#11027=ORIENTED_EDGE('',*,*,#11026,.F.);
#11028=ORIENTED_EDGE('',*,*,#10956,.T.);
#11030=ORIENTED_EDGE('',*,*,#11029,.T.);
#11032=ORIENTED_EDGE('',*,*,#11031,.F.);
#11033=EDGE_LOOP('',(#11027,#11028,#11030,#11032));
#11034=FACE_OUTER_BOUND('',#11033,.F.);
#11036=CARTESIAN_POINT('',(-7.315E0,-1.5E0,-5.E0));
#11037=DIRECTION('',(0.E0,0.E0,-1.E0));
#11038=DIRECTION('',(0.E0,1.E0,0.E0));
#11039=AXIS2_PLACEMENT_3D('',#11036,#11037,#11038);
#11040=PLANE('',#11039);
#11042=ORIENTED_EDGE('',*,*,#11041,.T.);
#11044=ORIENTED_EDGE('',*,*,#11043,.F.);
#11045=ORIENTED_EDGE('',*,*,#10045,.F.);
#11046=ORIENTED_EDGE('',*,*,#10972,.T.);
#11047=EDGE_LOOP('',(#11042,#11044,#11045,#11046));
#11048=FACE_OUTER_BOUND('',#11047,.F.);
#11050=CARTESIAN_POINT('',(-7.315E0,-1.5E0,-5.E0));
#11051=DIRECTION('',(0.E0,0.E0,-1.E0));
#11052=DIRECTION('',(0.E0,1.E0,0.E0));
#11053=AXIS2_PLACEMENT_3D('',#11050,#11051,#11052);
#11054=PLANE('',#11053);
#11056=ORIENTED_EDGE('',*,*,#11055,.F.);
#11057=ORIENTED_EDGE('',*,*,#10964,.T.);
#11059=ORIENTED_EDGE('',*,*,#11058,.T.);
#11061=ORIENTED_EDGE('',*,*,#11060,.F.);
#11062=EDGE_LOOP('',(#11056,#11057,#11059,#11061));
#11063=FACE_OUTER_BOUND('',#11062,.F.);
#11065=CARTESIAN_POINT('',(-7.315E0,-1.127350269190E0,-5.E0));
#11066=DIRECTION('',(0.E0,8.660254037844E-1,-5.E-1));
#11067=DIRECTION('',(0.E0,5.E-1,8.660254037844E-1));
#11068=AXIS2_PLACEMENT_3D('',#11065,#11066,#11067);
#11069=PLANE('',#11068);
#11070=ORIENTED_EDGE('',*,*,#8963,.T.);
#11072=ORIENTED_EDGE('',*,*,#11071,.F.);
#11073=ORIENTED_EDGE('',*,*,#8415,.F.);
#11074=ORIENTED_EDGE('',*,*,#10985,.T.);
#11075=EDGE_LOOP('',(#11070,#11072,#11073,#11074));
#11076=FACE_OUTER_BOUND('',#11075,.F.);
#11078=CARTESIAN_POINT('',(-7.315E0,-1.127350269190E0,-5.E0));
#11079=DIRECTION('',(0.E0,8.660254037844E-1,-5.E-1));
#11080=DIRECTION('',(0.E0,5.E-1,8.660254037844E-1));
#11081=AXIS2_PLACEMENT_3D('',#11078,#11079,#11080);
#11082=PLANE('',#11081);
#11084=ORIENTED_EDGE('',*,*,#11083,.T.);
#11086=ORIENTED_EDGE('',*,*,#11085,.T.);
#11088=ORIENTED_EDGE('',*,*,#11087,.F.);
#11089=ORIENTED_EDGE('',*,*,#11060,.T.);
#11091=ORIENTED_EDGE('',*,*,#11090,.T.);
#11093=ORIENTED_EDGE('',*,*,#11092,.T.);
#11095=ORIENTED_EDGE('',*,*,#11094,.F.);
#11096=ORIENTED_EDGE('',*,*,#11031,.T.);
#11098=ORIENTED_EDGE('',*,*,#11097,.T.);
#11100=ORIENTED_EDGE('',*,*,#11099,.T.);
#11102=ORIENTED_EDGE('',*,*,#11101,.F.);
#11103=ORIENTED_EDGE('',*,*,#11016,.T.);
#11105=ORIENTED_EDGE('',*,*,#11104,.T.);
#11107=ORIENTED_EDGE('',*,*,#11106,.T.);
#11109=ORIENTED_EDGE('',*,*,#11108,.F.);
#11110=ORIENTED_EDGE('',*,*,#11001,.T.);
#11111=ORIENTED_EDGE('',*,*,#9390,.T.);
#11113=ORIENTED_EDGE('',*,*,#11112,.F.);
#11114=ORIENTED_EDGE('',*,*,#10047,.F.);
#11115=ORIENTED_EDGE('',*,*,#11043,.T.);
#11116=EDGE_LOOP('',(#11084,#11086,#11088,#11089,#11091,#11093,#11095,#11096,
#11098,#11100,#11102,#11103,#11105,#11107,#11109,#11110,#11111,#11113,#11114,
#11115));
#11117=FACE_OUTER_BOUND('',#11116,.F.);
#11119=ORIENTED_EDGE('',*,*,#11118,.T.);
#11121=ORIENTED_EDGE('',*,*,#11120,.T.);
#11123=ORIENTED_EDGE('',*,*,#11122,.F.);
#11125=ORIENTED_EDGE('',*,*,#11124,.F.);
#11126=EDGE_LOOP('',(#11119,#11121,#11123,#11125));
#11127=FACE_BOUND('',#11126,.F.);
#11129=ORIENTED_EDGE('',*,*,#11128,.T.);
#11131=ORIENTED_EDGE('',*,*,#11130,.T.);
#11133=ORIENTED_EDGE('',*,*,#11132,.F.);
#11135=ORIENTED_EDGE('',*,*,#11134,.F.);
#11136=EDGE_LOOP('',(#11129,#11131,#11133,#11135));
#11137=FACE_BOUND('',#11136,.F.);
#11139=ORIENTED_EDGE('',*,*,#11138,.T.);
#11141=ORIENTED_EDGE('',*,*,#11140,.T.);
#11143=ORIENTED_EDGE('',*,*,#11142,.F.);
#11145=ORIENTED_EDGE('',*,*,#11144,.F.);
#11146=EDGE_LOOP('',(#11139,#11141,#11143,#11145));
#11147=FACE_BOUND('',#11146,.F.);
#11148=ORIENTED_EDGE('',*,*,#9675,.T.);
#11150=ORIENTED_EDGE('',*,*,#11149,.T.);
#11152=ORIENTED_EDGE('',*,*,#11151,.F.);
#11154=ORIENTED_EDGE('',*,*,#11153,.F.);
#11155=EDGE_LOOP('',(#11148,#11150,#11152,#11154));
#11156=FACE_BOUND('',#11155,.F.);
#11158=CARTESIAN_POINT('',(-7.315E0,-5.5E-1,-4.E0));
#11159=DIRECTION('',(0.E0,0.E0,-1.E0));
#11160=DIRECTION('',(0.E0,1.E0,0.E0));
#11161=AXIS2_PLACEMENT_3D('',#11158,#11159,#11160);
#11162=PLANE('',#11161);
#11163=ORIENTED_EDGE('',*,*,#9388,.T.);
#11164=ORIENTED_EDGE('',*,*,#9927,.F.);
#11165=ORIENTED_EDGE('',*,*,#10049,.F.);
#11166=ORIENTED_EDGE('',*,*,#11112,.T.);
#11167=EDGE_LOOP('',(#11163,#11164,#11165,#11166));
#11168=FACE_OUTER_BOUND('',#11167,.F.);
#11170=CARTESIAN_POINT('',(-7.315E0,-5.5E-1,-4.E0));
#11171=DIRECTION('',(0.E0,0.E0,-1.E0));
#11172=DIRECTION('',(0.E0,1.E0,0.E0));
#11173=AXIS2_PLACEMENT_3D('',#11170,#11171,#11172);
#11174=PLANE('',#11173);
#11175=ORIENTED_EDGE('',*,*,#8961,.T.);
#11176=ORIENTED_EDGE('',*,*,#10019,.F.);
#11177=ORIENTED_EDGE('',*,*,#8417,.F.);
#11178=ORIENTED_EDGE('',*,*,#11071,.T.);
#11179=EDGE_LOOP('',(#11175,#11176,#11177,#11178));
#11180=FACE_OUTER_BOUND('',#11179,.F.);
#11182=CARTESIAN_POINT('',(3.05E0,7.5E-1,0.E0));
#11183=DIRECTION('',(1.E0,0.E0,0.E0));
#11184=DIRECTION('',(0.E0,1.E0,0.E0));
#11185=AXIS2_PLACEMENT_3D('',#11182,#11183,#11184);
#11186=PLANE('',#11185);
#11187=ORIENTED_EDGE('',*,*,#9539,.F.);
#11189=ORIENTED_EDGE('',*,*,#11188,.T.);
#11191=ORIENTED_EDGE('',*,*,#11190,.T.);
#11193=ORIENTED_EDGE('',*,*,#11192,.T.);
#11195=ORIENTED_EDGE('',*,*,#11194,.T.);
#11197=ORIENTED_EDGE('',*,*,#11196,.T.);
#11199=ORIENTED_EDGE('',*,*,#11198,.T.);
#11201=ORIENTED_EDGE('',*,*,#11200,.T.);
#11203=ORIENTED_EDGE('',*,*,#11202,.T.);
#11205=ORIENTED_EDGE('',*,*,#11204,.T.);
#11206=ORIENTED_EDGE('',*,*,#10925,.F.);
#11207=EDGE_LOOP('',(#11187,#11189,#11191,#11193,#11195,#11197,#11199,#11201,
#11203,#11205,#11206));
#11208=FACE_OUTER_BOUND('',#11207,.F.);
#11210=CARTESIAN_POINT('',(3.05E0,7.5E-1,0.E0));
#11211=DIRECTION('',(1.E0,0.E0,0.E0));
#11212=DIRECTION('',(0.E0,1.E0,0.E0));
#11213=AXIS2_PLACEMENT_3D('',#11210,#11211,#11212);
#11214=PLANE('',#11213);
#11216=ORIENTED_EDGE('',*,*,#11215,.T.);
#11217=ORIENTED_EDGE('',*,*,#9503,.F.);
#11218=ORIENTED_EDGE('',*,*,#9814,.F.);
#11220=ORIENTED_EDGE('',*,*,#11219,.T.);
#11222=ORIENTED_EDGE('',*,*,#11221,.T.);
#11224=ORIENTED_EDGE('',*,*,#11223,.T.);
#11225=EDGE_LOOP('',(#11216,#11217,#11218,#11220,#11222,#11224));
#11226=FACE_OUTER_BOUND('',#11225,.F.);
#11228=CARTESIAN_POINT('',(3.05E0,7.5E-1,0.E0));
#11229=DIRECTION('',(1.E0,0.E0,0.E0));
#11230=DIRECTION('',(0.E0,1.E0,0.E0));
#11231=AXIS2_PLACEMENT_3D('',#11228,#11229,#11230);
#11232=PLANE('',#11231);
#11233=ORIENTED_EDGE('',*,*,#11118,.F.);
#11235=ORIENTED_EDGE('',*,*,#11234,.T.);
#11237=ORIENTED_EDGE('',*,*,#11236,.T.);
#11239=ORIENTED_EDGE('',*,*,#11238,.T.);
#11241=ORIENTED_EDGE('',*,*,#11240,.T.);
#11243=ORIENTED_EDGE('',*,*,#11242,.T.);
#11245=ORIENTED_EDGE('',*,*,#11244,.T.);
#11247=ORIENTED_EDGE('',*,*,#11246,.T.);
#11248=ORIENTED_EDGE('',*,*,#9941,.F.);
#11250=ORIENTED_EDGE('',*,*,#11249,.T.);
#11252=ORIENTED_EDGE('',*,*,#11251,.T.);
#11253=EDGE_LOOP('',(#11233,#11235,#11237,#11239,#11241,#11243,#11245,#11247,
#11248,#11250,#11252));
#11254=FACE_OUTER_BOUND('',#11253,.F.);
#11256=CARTESIAN_POINT('',(3.05E0,7.5E-1,0.E0));
#11257=DIRECTION('',(1.E0,0.E0,0.E0));
#11258=DIRECTION('',(0.E0,1.E0,0.E0));
#11259=AXIS2_PLACEMENT_3D('',#11256,#11257,#11258);
#11260=PLANE('',#11259);
#11261=ORIENTED_EDGE('',*,*,#9793,.F.);
#11262=ORIENTED_EDGE('',*,*,#9894,.F.);
#11264=ORIENTED_EDGE('',*,*,#11263,.T.);
#11266=ORIENTED_EDGE('',*,*,#11265,.T.);
#11268=ORIENTED_EDGE('',*,*,#11267,.T.);
#11270=ORIENTED_EDGE('',*,*,#11269,.T.);
#11272=ORIENTED_EDGE('',*,*,#11271,.T.);
#11274=ORIENTED_EDGE('',*,*,#11273,.T.);
#11276=ORIENTED_EDGE('',*,*,#11275,.T.);
#11278=ORIENTED_EDGE('',*,*,#11277,.T.);
#11279=EDGE_LOOP('',(#11261,#11262,#11264,#11266,#11268,#11270,#11272,#11274,
#11276,#11278));
#11280=FACE_OUTER_BOUND('',#11279,.F.);
#11282=CARTESIAN_POINT('',(3.05E0,-2.285E0,-3.242893218813E0));
#11283=DIRECTION('',(1.E0,0.E0,0.E0));
#11284=DIRECTION('',(0.E0,1.E0,0.E0));
#11285=AXIS2_PLACEMENT_3D('',#11282,#11283,#11284);
#11286=CYLINDRICAL_SURFACE('',#11285,5.E-1);
#11287=ORIENTED_EDGE('',*,*,#11188,.F.);
#11288=ORIENTED_EDGE('',*,*,#9537,.T.);
#11290=ORIENTED_EDGE('',*,*,#11289,.T.);
#11292=ORIENTED_EDGE('',*,*,#11291,.F.);
#11293=EDGE_LOOP('',(#11287,#11288,#11290,#11292));
#11294=FACE_OUTER_BOUND('',#11293,.F.);
#11296=CARTESIAN_POINT('',(3.3E0,7.5E-1,0.E0));
#11297=DIRECTION('',(1.E0,0.E0,0.E0));
#11298=DIRECTION('',(0.E0,1.E0,0.E0));
#11299=AXIS2_PLACEMENT_3D('',#11296,#11297,#11298);
#11300=PLANE('',#11299);
#11301=ORIENTED_EDGE('',*,*,#9535,.T.);
#11302=ORIENTED_EDGE('',*,*,#10929,.T.);
#11304=ORIENTED_EDGE('',*,*,#11303,.F.);
#11306=ORIENTED_EDGE('',*,*,#11305,.F.);
#11308=ORIENTED_EDGE('',*,*,#11307,.F.);
#11310=ORIENTED_EDGE('',*,*,#11309,.F.);
#11312=ORIENTED_EDGE('',*,*,#11311,.F.);
#11314=ORIENTED_EDGE('',*,*,#11313,.F.);
#11316=ORIENTED_EDGE('',*,*,#11315,.F.);
#11318=ORIENTED_EDGE('',*,*,#11317,.F.);
#11319=ORIENTED_EDGE('',*,*,#11289,.F.);
#11320=EDGE_LOOP('',(#11301,#11302,#11304,#11306,#11308,#11310,#11312,#11314,
#11316,#11318,#11319));
#11321=FACE_OUTER_BOUND('',#11320,.F.);
#11323=CARTESIAN_POINT('',(3.3E0,7.5E-1,0.E0));
#11324=DIRECTION('',(1.E0,0.E0,0.E0));
#11325=DIRECTION('',(0.E0,1.E0,0.E0));
#11326=AXIS2_PLACEMENT_3D('',#11323,#11324,#11325);
#11327=PLANE('',#11326);
#11329=ORIENTED_EDGE('',*,*,#11328,.F.);
#11331=ORIENTED_EDGE('',*,*,#11330,.F.);
#11333=ORIENTED_EDGE('',*,*,#11332,.F.);
#11335=ORIENTED_EDGE('',*,*,#11334,.F.);
#11336=ORIENTED_EDGE('',*,*,#9810,.T.);
#11337=ORIENTED_EDGE('',*,*,#9507,.T.);
#11338=EDGE_LOOP('',(#11329,#11331,#11333,#11335,#11336,#11337));
#11339=FACE_OUTER_BOUND('',#11338,.F.);
#11341=CARTESIAN_POINT('',(3.3E0,7.5E-1,0.E0));
#11342=DIRECTION('',(1.E0,0.E0,0.E0));
#11343=DIRECTION('',(0.E0,1.E0,0.E0));
#11344=AXIS2_PLACEMENT_3D('',#11341,#11342,#11343);
#11345=PLANE('',#11344);
#11346=ORIENTED_EDGE('',*,*,#11122,.T.);
#11348=ORIENTED_EDGE('',*,*,#11347,.F.);
#11350=ORIENTED_EDGE('',*,*,#11349,.F.);
#11351=ORIENTED_EDGE('',*,*,#9945,.T.);
#11353=ORIENTED_EDGE('',*,*,#11352,.F.);
#11355=ORIENTED_EDGE('',*,*,#11354,.F.);
#11357=ORIENTED_EDGE('',*,*,#11356,.F.);
#11359=ORIENTED_EDGE('',*,*,#11358,.F.);
#11361=ORIENTED_EDGE('',*,*,#11360,.F.);
#11363=ORIENTED_EDGE('',*,*,#11362,.F.);
#11365=ORIENTED_EDGE('',*,*,#11364,.F.);
#11366=EDGE_LOOP('',(#11346,#11348,#11350,#11351,#11353,#11355,#11357,#11359,
#11361,#11363,#11365));
#11367=FACE_OUTER_BOUND('',#11366,.F.);
#11369=CARTESIAN_POINT('',(3.3E0,7.5E-1,0.E0));
#11370=DIRECTION('',(1.E0,0.E0,0.E0));
#11371=DIRECTION('',(0.E0,1.E0,0.E0));
#11372=AXIS2_PLACEMENT_3D('',#11369,#11370,#11371);
#11373=PLANE('',#11372);
#11374=ORIENTED_EDGE('',*,*,#9797,.T.);
#11376=ORIENTED_EDGE('',*,*,#11375,.F.);
#11378=ORIENTED_EDGE('',*,*,#11377,.F.);
#11380=ORIENTED_EDGE('',*,*,#11379,.F.);
#11382=ORIENTED_EDGE('',*,*,#11381,.F.);
#11384=ORIENTED_EDGE('',*,*,#11383,.F.);
#11386=ORIENTED_EDGE('',*,*,#11385,.F.);
#11388=ORIENTED_EDGE('',*,*,#11387,.F.);
#11390=ORIENTED_EDGE('',*,*,#11389,.F.);
#11391=ORIENTED_EDGE('',*,*,#9890,.T.);
#11392=EDGE_LOOP('',(#11374,#11376,#11378,#11380,#11382,#11384,#11386,#11388,
#11390,#11391));
#11393=FACE_OUTER_BOUND('',#11392,.F.);
#11395=CARTESIAN_POINT('',(3.05E0,-1.594417145877E0,-4.95E0));
#11396=DIRECTION('',(0.E0,0.E0,-1.E0));
#11397=DIRECTION('',(0.E0,1.E0,0.E0));
#11398=AXIS2_PLACEMENT_3D('',#11395,#11396,#11397);
#11399=PLANE('',#11398);
#11400=ORIENTED_EDGE('',*,*,#10927,.F.);
#11401=ORIENTED_EDGE('',*,*,#11204,.F.);
#11403=ORIENTED_EDGE('',*,*,#11402,.T.);
#11404=ORIENTED_EDGE('',*,*,#11303,.T.);
#11405=EDGE_LOOP('',(#11400,#11401,#11403,#11404));
#11406=FACE_OUTER_BOUND('',#11405,.F.);
#11408=CARTESIAN_POINT('',(3.05E0,-1.594417145877E0,-4.8E0));
#11409=DIRECTION('',(1.E0,0.E0,0.E0));
#11410=DIRECTION('',(0.E0,1.E0,0.E0));
#11411=AXIS2_PLACEMENT_3D('',#11408,#11409,#11410);
#11412=CYLINDRICAL_SURFACE('',#11411,1.5E-1);
#11413=ORIENTED_EDGE('',*,*,#11202,.F.);
#11415=ORIENTED_EDGE('',*,*,#11414,.T.);
#11416=ORIENTED_EDGE('',*,*,#11305,.T.);
#11417=ORIENTED_EDGE('',*,*,#11402,.F.);
#11418=EDGE_LOOP('',(#11413,#11415,#11416,#11417));
#11419=FACE_OUTER_BOUND('',#11418,.F.);
#11421=CARTESIAN_POINT('',(3.05E0,-1.760111126057E0,-4.761177143235E0));
#11422=DIRECTION('',(0.E0,-9.659258262891E-1,-2.588190451023E-1));
#11423=DIRECTION('',(0.E0,2.588190451023E-1,-9.659258262891E-1));
#11424=AXIS2_PLACEMENT_3D('',#11421,#11422,#11423);
#11425=PLANE('',#11424);
#11426=ORIENTED_EDGE('',*,*,#11200,.F.);
#11428=ORIENTED_EDGE('',*,*,#11427,.T.);
#11429=ORIENTED_EDGE('',*,*,#11307,.T.);
#11430=ORIENTED_EDGE('',*,*,#11414,.F.);
#11431=EDGE_LOOP('',(#11426,#11428,#11429,#11430));
#11432=FACE_OUTER_BOUND('',#11431,.F.);
#11434=CARTESIAN_POINT('',(3.05E0,-1.905E0,-4.8E0));
#11435=DIRECTION('',(1.E0,0.E0,0.E0));
#11436=DIRECTION('',(0.E0,1.E0,0.E0));
#11437=AXIS2_PLACEMENT_3D('',#11434,#11435,#11436);
#11438=CYLINDRICAL_SURFACE('',#11437,1.5E-1);
#11439=ORIENTED_EDGE('',*,*,#11198,.F.);
#11441=ORIENTED_EDGE('',*,*,#11440,.T.);
#11442=ORIENTED_EDGE('',*,*,#11309,.T.);
#11443=ORIENTED_EDGE('',*,*,#11427,.F.);
#11444=EDGE_LOOP('',(#11439,#11441,#11442,#11443));
#11445=FACE_OUTER_BOUND('',#11444,.F.);
#11447=CARTESIAN_POINT('',(3.05E0,-2.055E0,-4.85E0));
#11448=DIRECTION('',(0.E0,1.E0,0.E0));
#11449=DIRECTION('',(0.E0,0.E0,1.E0));
#11450=AXIS2_PLACEMENT_3D('',#11447,#11448,#11449);
#11451=PLANE('',#11450);
#11452=ORIENTED_EDGE('',*,*,#11196,.F.);
#11454=ORIENTED_EDGE('',*,*,#11453,.T.);
#11455=ORIENTED_EDGE('',*,*,#11311,.T.);
#11456=ORIENTED_EDGE('',*,*,#11440,.F.);
#11457=EDGE_LOOP('',(#11452,#11454,#11455,#11456));
#11458=FACE_OUTER_BOUND('',#11457,.F.);
#11460=CARTESIAN_POINT('',(3.05E0,-2.655E0,-4.85E0));
#11461=DIRECTION('',(0.E0,0.E0,-1.E0));
#11462=DIRECTION('',(0.E0,1.E0,0.E0));
#11463=AXIS2_PLACEMENT_3D('',#11460,#11461,#11462);
#11464=PLANE('',#11463);
#11465=ORIENTED_EDGE('',*,*,#11194,.F.);
#11467=ORIENTED_EDGE('',*,*,#11466,.T.);
#11468=ORIENTED_EDGE('',*,*,#11313,.T.);
#11469=ORIENTED_EDGE('',*,*,#11453,.F.);
#11470=EDGE_LOOP('',(#11465,#11467,#11468,#11469));
#11471=FACE_OUTER_BOUND('',#11470,.F.);
#11473=CARTESIAN_POINT('',(3.05E0,-2.655E0,-4.32E0));
#11474=DIRECTION('',(0.E0,-1.E0,0.E0));
#11475=DIRECTION('',(0.E0,0.E0,-1.E0));
#11476=AXIS2_PLACEMENT_3D('',#11473,#11474,#11475);
#11477=PLANE('',#11476);
#11478=ORIENTED_EDGE('',*,*,#11192,.F.);
#11480=ORIENTED_EDGE('',*,*,#11479,.T.);
#11481=ORIENTED_EDGE('',*,*,#11315,.T.);
#11482=ORIENTED_EDGE('',*,*,#11466,.F.);
#11483=EDGE_LOOP('',(#11478,#11480,#11481,#11482));
#11484=FACE_OUTER_BOUND('',#11483,.F.);
#11486=CARTESIAN_POINT('',(3.05E0,-1.931446609407E0,-3.596446609407E0));
#11487=DIRECTION('',(0.E0,-7.071067811865E-1,7.071067811865E-1));
#11488=DIRECTION('',(0.E0,-7.071067811865E-1,-7.071067811865E-1));
#11489=AXIS2_PLACEMENT_3D('',#11486,#11487,#11488);
#11490=PLANE('',#11489);
#11491=ORIENTED_EDGE('',*,*,#11190,.F.);
#11492=ORIENTED_EDGE('',*,*,#11291,.T.);
#11493=ORIENTED_EDGE('',*,*,#11317,.T.);
#11494=ORIENTED_EDGE('',*,*,#11479,.F.);
#11495=EDGE_LOOP('',(#11491,#11492,#11493,#11494));
#11496=FACE_OUTER_BOUND('',#11495,.F.);
#11498=CARTESIAN_POINT('',(3.05E0,2.025E0,-3.55E0));
#11499=DIRECTION('',(0.E0,1.E0,0.E0));
#11500=DIRECTION('',(0.E0,0.E0,1.E0));
#11501=AXIS2_PLACEMENT_3D('',#11498,#11499,#11500);
#11502=PLANE('',#11501);
#11503=ORIENTED_EDGE('',*,*,#9505,.F.);
#11504=ORIENTED_EDGE('',*,*,#11215,.F.);
#11506=ORIENTED_EDGE('',*,*,#11505,.T.);
#11507=ORIENTED_EDGE('',*,*,#11328,.T.);
#11508=EDGE_LOOP('',(#11503,#11504,#11506,#11507));
#11509=FACE_OUTER_BOUND('',#11508,.F.);
#11511=CARTESIAN_POINT('',(3.05E0,1.906801948466E0,-3.668198051534E0));
#11512=DIRECTION('',(0.E0,7.071067811865E-1,-7.071067811865E-1));
#11513=DIRECTION('',(0.E0,7.071067811865E-1,7.071067811865E-1));
#11514=AXIS2_PLACEMENT_3D('',#11511,#11512,#11513);
#11515=PLANE('',#11514);
#11516=ORIENTED_EDGE('',*,*,#11223,.F.);
#11518=ORIENTED_EDGE('',*,*,#11517,.T.);
#11519=ORIENTED_EDGE('',*,*,#11330,.T.);
#11520=ORIENTED_EDGE('',*,*,#11505,.F.);
#11521=EDGE_LOOP('',(#11516,#11518,#11519,#11520));
#11522=FACE_OUTER_BOUND('',#11521,.F.);
#11524=CARTESIAN_POINT('',(3.05E0,1.588603896932E0,-3.35E0));
#11525=DIRECTION('',(1.E0,0.E0,0.E0));
#11526=DIRECTION('',(0.E0,1.E0,0.E0));
#11527=AXIS2_PLACEMENT_3D('',#11524,#11525,#11526);
#11528=CYLINDRICAL_SURFACE('',#11527,4.5E-1);
#11529=ORIENTED_EDGE('',*,*,#11221,.F.);
#11531=ORIENTED_EDGE('',*,*,#11530,.T.);
#11532=ORIENTED_EDGE('',*,*,#11332,.T.);
#11533=ORIENTED_EDGE('',*,*,#11517,.F.);
#11534=EDGE_LOOP('',(#11529,#11531,#11532,#11533));
#11535=FACE_OUTER_BOUND('',#11534,.F.);
#11537=CARTESIAN_POINT('',(3.05E0,2.35E-1,-3.8E0));
#11538=DIRECTION('',(0.E0,0.E0,-1.E0));
#11539=DIRECTION('',(0.E0,1.E0,0.E0));
#11540=AXIS2_PLACEMENT_3D('',#11537,#11538,#11539);
#11541=PLANE('',#11540);
#11542=ORIENTED_EDGE('',*,*,#9812,.T.);
#11543=ORIENTED_EDGE('',*,*,#11334,.T.);
#11544=ORIENTED_EDGE('',*,*,#11530,.F.);
#11545=ORIENTED_EDGE('',*,*,#11219,.F.);
#11546=EDGE_LOOP('',(#11542,#11543,#11544,#11545));
#11547=FACE_OUTER_BOUND('',#11546,.F.);
#11549=CARTESIAN_POINT('',(3.05E0,-6.05E-1,-4.04E0));
#11550=DIRECTION('',(1.E0,0.E0,0.E0));
#11551=DIRECTION('',(0.E0,1.E0,0.E0));
#11552=AXIS2_PLACEMENT_3D('',#11549,#11550,#11551);
#11553=CYLINDRICAL_SURFACE('',#11552,1.5E-1);
#11554=ORIENTED_EDGE('',*,*,#11120,.F.);
#11555=ORIENTED_EDGE('',*,*,#11251,.F.);
#11557=ORIENTED_EDGE('',*,*,#11556,.T.);
#11558=ORIENTED_EDGE('',*,*,#11347,.T.);
#11559=EDGE_LOOP('',(#11554,#11555,#11557,#11558));
#11560=FACE_OUTER_BOUND('',#11559,.F.);
#11562=CARTESIAN_POINT('',(3.05E0,2.715E0,-4.361338911258E0));
#11563=DIRECTION('',(0.E0,5.147976746091E-2,9.986740376831E-1));
#11564=DIRECTION('',(0.E0,-9.986740376831E-1,5.147976746091E-2));
#11565=AXIS2_PLACEMENT_3D('',#11562,#11563,#11564);
#11566=PLANE('',#11565);
#11567=ORIENTED_EDGE('',*,*,#9947,.T.);
#11568=ORIENTED_EDGE('',*,*,#11349,.T.);
#11569=ORIENTED_EDGE('',*,*,#11556,.F.);
#11570=ORIENTED_EDGE('',*,*,#11249,.F.);
#11571=EDGE_LOOP('',(#11567,#11568,#11569,#11570));
#11572=FACE_OUTER_BOUND('',#11571,.F.);
#11574=CARTESIAN_POINT('',(3.05E0,2.715E0,-4.361338911258E0));
#11575=DIRECTION('',(0.E0,5.147976746091E-2,9.986740376831E-1));
#11576=DIRECTION('',(0.E0,-9.986740376831E-1,5.147976746091E-2));
#11577=AXIS2_PLACEMENT_3D('',#11574,#11575,#11576);
#11578=PLANE('',#11577);
#11579=ORIENTED_EDGE('',*,*,#9795,.F.);
#11580=ORIENTED_EDGE('',*,*,#11277,.F.);
#11582=ORIENTED_EDGE('',*,*,#11581,.T.);
#11583=ORIENTED_EDGE('',*,*,#11375,.T.);
#11584=EDGE_LOOP('',(#11579,#11580,#11582,#11583));
#11585=FACE_OUTER_BOUND('',#11584,.F.);
#11587=CARTESIAN_POINT('',(3.05E0,2.864857799005E0,-4.367868848268E0));
#11588=DIRECTION('',(1.E0,0.E0,0.E0));
#11589=DIRECTION('',(0.E0,1.E0,0.E0));
#11590=AXIS2_PLACEMENT_3D('',#11587,#11588,#11589);
#11591=CYLINDRICAL_SURFACE('',#11590,1.5E-1);
#11592=ORIENTED_EDGE('',*,*,#11275,.F.);
#11594=ORIENTED_EDGE('',*,*,#11593,.T.);
#11595=ORIENTED_EDGE('',*,*,#11377,.T.);
#11596=ORIENTED_EDGE('',*,*,#11581,.F.);
#11597=EDGE_LOOP('',(#11592,#11594,#11595,#11596));
#11598=FACE_OUTER_BOUND('',#11597,.F.);
#11600=CARTESIAN_POINT('',(3.05E0,3.322721965119E0,-4.541670042903E0));
#11601=DIRECTION('',(0.E0,5.147976746091E-2,9.986740376831E-1));
#11602=DIRECTION('',(0.E0,-9.986740376831E-1,5.147976746091E-2));
#11603=AXIS2_PLACEMENT_3D('',#11600,#11601,#11602);
#11604=PLANE('',#11603);
#11605=ORIENTED_EDGE('',*,*,#11273,.F.);
#11607=ORIENTED_EDGE('',*,*,#11606,.T.);
#11608=ORIENTED_EDGE('',*,*,#11379,.T.);
#11609=ORIENTED_EDGE('',*,*,#11593,.F.);
#11610=EDGE_LOOP('',(#11605,#11607,#11608,#11609));
#11611=FACE_OUTER_BOUND('',#11610,.F.);
#11613=CARTESIAN_POINT('',(3.05E0,3.315E0,-4.691471148555E0));
#11614=DIRECTION('',(1.E0,0.E0,0.E0));
#11615=DIRECTION('',(0.E0,1.E0,0.E0));
#11616=AXIS2_PLACEMENT_3D('',#11613,#11614,#11615);
#11617=CYLINDRICAL_SURFACE('',#11616,1.5E-1);
#11618=ORIENTED_EDGE('',*,*,#11271,.F.);
#11620=ORIENTED_EDGE('',*,*,#11619,.T.);
#11621=ORIENTED_EDGE('',*,*,#11381,.T.);
#11622=ORIENTED_EDGE('',*,*,#11606,.F.);
#11623=EDGE_LOOP('',(#11618,#11620,#11621,#11622));
#11624=FACE_OUTER_BOUND('',#11623,.F.);
#11626=CARTESIAN_POINT('',(3.05E0,3.465E0,-5.142068623827E0));
#11627=DIRECTION('',(0.E0,1.E0,0.E0));
#11628=DIRECTION('',(0.E0,0.E0,1.E0));
#11629=AXIS2_PLACEMENT_3D('',#11626,#11627,#11628);
#11630=PLANE('',#11629);
#11631=ORIENTED_EDGE('',*,*,#11269,.F.);
#11633=ORIENTED_EDGE('',*,*,#11632,.T.);
#11634=ORIENTED_EDGE('',*,*,#11383,.T.);
#11635=ORIENTED_EDGE('',*,*,#11619,.F.);
#11636=EDGE_LOOP('',(#11631,#11633,#11634,#11635));
#11637=FACE_OUTER_BOUND('',#11636,.F.);
#11639=CARTESIAN_POINT('',(3.05E0,3.315E0,-5.142068623827E0));
#11640=DIRECTION('',(1.E0,0.E0,0.E0));
#11641=DIRECTION('',(0.E0,1.E0,0.E0));
#11642=AXIS2_PLACEMENT_3D('',#11639,#11640,#11641);
#11643=CYLINDRICAL_SURFACE('',#11642,1.5E-1);
#11644=ORIENTED_EDGE('',*,*,#11267,.F.);
#11646=ORIENTED_EDGE('',*,*,#11645,.T.);
#11647=ORIENTED_EDGE('',*,*,#11385,.T.);
#11648=ORIENTED_EDGE('',*,*,#11632,.F.);
#11649=EDGE_LOOP('',(#11644,#11646,#11647,#11648));
#11650=FACE_OUTER_BOUND('',#11649,.F.);
#11652=CARTESIAN_POINT('',(3.05E0,1.332055554303E0,-5.190050727336E0));
#11653=DIRECTION('',(0.E0,-5.147976746091E-2,-9.986740376831E-1));
#11654=DIRECTION('',(0.E0,9.986740376831E-1,-5.147976746091E-2));
#11655=AXIS2_PLACEMENT_3D('',#11652,#11653,#11654);
#11656=PLANE('',#11655);
#11657=ORIENTED_EDGE('',*,*,#11265,.F.);
#11659=ORIENTED_EDGE('',*,*,#11658,.T.);
#11660=ORIENTED_EDGE('',*,*,#11387,.T.);
#11661=ORIENTED_EDGE('',*,*,#11645,.F.);
#11662=EDGE_LOOP('',(#11657,#11659,#11660,#11661));
#11663=FACE_OUTER_BOUND('',#11662,.F.);
#11665=CARTESIAN_POINT('',(3.05E0,1.015E0,-4.894899435359E0));
#11666=DIRECTION('',(0.E0,-6.813710873348E-1,-7.319381403809E-1));
#11667=DIRECTION('',(0.E0,7.319381403809E-1,-6.813710873348E-1));
#11668=AXIS2_PLACEMENT_3D('',#11665,#11666,#11667);
#11669=PLANE('',#11668);
#11670=ORIENTED_EDGE('',*,*,#11246,.F.);
#11672=ORIENTED_EDGE('',*,*,#11671,.T.);
#11673=ORIENTED_EDGE('',*,*,#11352,.T.);
#11674=ORIENTED_EDGE('',*,*,#9943,.F.);
#11675=EDGE_LOOP('',(#11670,#11672,#11673,#11674));
#11676=FACE_OUTER_BOUND('',#11675,.F.);
#11678=CARTESIAN_POINT('',(3.05E0,1.015E0,-4.894899435359E0));
#11679=DIRECTION('',(0.E0,-6.813710873348E-1,-7.319381403809E-1));
#11680=DIRECTION('',(0.E0,7.319381403809E-1,-6.813710873348E-1));
#11681=AXIS2_PLACEMENT_3D('',#11678,#11679,#11680);
#11682=PLANE('',#11681);
#11683=ORIENTED_EDGE('',*,*,#11263,.F.);
#11684=ORIENTED_EDGE('',*,*,#9892,.T.);
#11685=ORIENTED_EDGE('',*,*,#11389,.T.);
#11686=ORIENTED_EDGE('',*,*,#11658,.F.);
#11687=EDGE_LOOP('',(#11683,#11684,#11685,#11686));
#11688=FACE_OUTER_BOUND('',#11687,.F.);
#11690=CARTESIAN_POINT('',(3.05E0,-5.250172991923E-1,-4.95E0));
#11691=DIRECTION('',(0.E0,3.575630611351E-2,-9.993605388313E-1));
#11692=DIRECTION('',(0.E0,9.993605388313E-1,3.575630611351E-2));
#11693=AXIS2_PLACEMENT_3D('',#11690,#11691,#11692);
#11694=PLANE('',#11693);
#11695=ORIENTED_EDGE('',*,*,#11244,.F.);
#11697=ORIENTED_EDGE('',*,*,#11696,.T.);
#11698=ORIENTED_EDGE('',*,*,#11354,.T.);
#11699=ORIENTED_EDGE('',*,*,#11671,.F.);
#11700=EDGE_LOOP('',(#11695,#11697,#11698,#11699));
#11701=FACE_OUTER_BOUND('',#11700,.F.);
#11703=CARTESIAN_POINT('',(3.05E0,-5.303807451093E-1,-4.800095919175E0));
#11704=DIRECTION('',(1.E0,0.E0,0.E0));
#11705=DIRECTION('',(0.E0,1.E0,0.E0));
#11706=AXIS2_PLACEMENT_3D('',#11703,#11704,#11705);
#11707=CYLINDRICAL_SURFACE('',#11706,1.5E-1);
#11708=ORIENTED_EDGE('',*,*,#11242,.F.);
#11710=ORIENTED_EDGE('',*,*,#11709,.T.);
#11711=ORIENTED_EDGE('',*,*,#11356,.T.);
#11712=ORIENTED_EDGE('',*,*,#11696,.F.);
#11713=EDGE_LOOP('',(#11708,#11710,#11711,#11712));
#11714=FACE_OUTER_BOUND('',#11713,.F.);
#11716=CARTESIAN_POINT('',(3.05E0,-6.915919388160E-1,-4.786021278015E0));
#11717=DIRECTION('',(0.E0,-9.560537412267E-1,-2.931914799010E-1));
#11718=DIRECTION('',(0.E0,2.931914799010E-1,-9.560537412267E-1));
#11719=AXIS2_PLACEMENT_3D('',#11716,#11717,#11718);
#11720=PLANE('',#11719);
#11721=ORIENTED_EDGE('',*,*,#11240,.F.);
#11723=ORIENTED_EDGE('',*,*,#11722,.T.);
#11724=ORIENTED_EDGE('',*,*,#11358,.T.);
#11725=ORIENTED_EDGE('',*,*,#11709,.F.);
#11726=EDGE_LOOP('',(#11721,#11723,#11724,#11725));
#11727=FACE_OUTER_BOUND('',#11726,.F.);
#11729=CARTESIAN_POINT('',(3.05E0,-8.35E-1,-4.83E0));
#11730=DIRECTION('',(1.E0,0.E0,0.E0));
#11731=DIRECTION('',(0.E0,1.E0,0.E0));
#11732=AXIS2_PLACEMENT_3D('',#11729,#11730,#11731);
#11733=CYLINDRICAL_SURFACE('',#11732,1.5E-1);
#11734=ORIENTED_EDGE('',*,*,#11238,.F.);
#11736=ORIENTED_EDGE('',*,*,#11735,.T.);
#11737=ORIENTED_EDGE('',*,*,#11360,.T.);
#11738=ORIENTED_EDGE('',*,*,#11722,.F.);
#11739=EDGE_LOOP('',(#11734,#11736,#11737,#11738));
#11740=FACE_OUTER_BOUND('',#11739,.F.);
#11742=CARTESIAN_POINT('',(3.05E0,-9.926555044066E-1,-4.838822856765E0));
#11743=DIRECTION('',(0.E0,9.659258262893E-1,-2.588190451016E-1));
#11744=DIRECTION('',(0.E0,2.588190451016E-1,9.659258262893E-1));
#11745=AXIS2_PLACEMENT_3D('',#11742,#11743,#11744);
#11746=PLANE('',#11745);
#11747=ORIENTED_EDGE('',*,*,#11236,.F.);
#11749=ORIENTED_EDGE('',*,*,#11748,.T.);
#11750=ORIENTED_EDGE('',*,*,#11362,.T.);
#11751=ORIENTED_EDGE('',*,*,#11735,.F.);
#11752=EDGE_LOOP('',(#11747,#11749,#11750,#11751));
#11753=FACE_OUTER_BOUND('',#11752,.F.);
#11755=CARTESIAN_POINT('',(3.05E0,-1.137544378350E0,-4.8E0));
#11756=DIRECTION('',(1.E0,0.E0,0.E0));
#11757=DIRECTION('',(0.E0,1.E0,0.E0));
#11758=AXIS2_PLACEMENT_3D('',#11755,#11756,#11757);
#11759=CYLINDRICAL_SURFACE('',#11758,1.5E-1);
#11760=ORIENTED_EDGE('',*,*,#11124,.T.);
#11761=ORIENTED_EDGE('',*,*,#11364,.T.);
#11762=ORIENTED_EDGE('',*,*,#11748,.F.);
#11763=ORIENTED_EDGE('',*,*,#11234,.F.);
#11764=EDGE_LOOP('',(#11760,#11761,#11762,#11763));
#11765=FACE_OUTER_BOUND('',#11764,.F.);
#11767=CARTESIAN_POINT('',(5.1E-1,7.5E-1,0.E0));
#11768=DIRECTION('',(1.E0,0.E0,0.E0));
#11769=DIRECTION('',(0.E0,1.E0,0.E0));
#11770=AXIS2_PLACEMENT_3D('',#11767,#11768,#11769);
#11771=PLANE('',#11770);
#11773=ORIENTED_EDGE('',*,*,#11772,.T.);
#11774=ORIENTED_EDGE('',*,*,#9487,.F.);
#11775=ORIENTED_EDGE('',*,*,#9828,.F.);
#11777=ORIENTED_EDGE('',*,*,#11776,.T.);
#11779=ORIENTED_EDGE('',*,*,#11778,.T.);
#11781=ORIENTED_EDGE('',*,*,#11780,.T.);
#11782=EDGE_LOOP('',(#11773,#11774,#11775,#11777,#11779,#11781));
#11783=FACE_OUTER_BOUND('',#11782,.F.);
#11785=CARTESIAN_POINT('',(5.1E-1,7.5E-1,0.E0));
#11786=DIRECTION('',(1.E0,0.E0,0.E0));
#11787=DIRECTION('',(0.E0,1.E0,0.E0));
#11788=AXIS2_PLACEMENT_3D('',#11785,#11786,#11787);
#11789=PLANE('',#11788);
#11791=ORIENTED_EDGE('',*,*,#11790,.T.);
#11793=ORIENTED_EDGE('',*,*,#11792,.T.);
#11795=ORIENTED_EDGE('',*,*,#11794,.T.);
#11797=ORIENTED_EDGE('',*,*,#11796,.T.);
#11799=ORIENTED_EDGE('',*,*,#11798,.T.);
#11801=ORIENTED_EDGE('',*,*,#11800,.T.);
#11803=ORIENTED_EDGE('',*,*,#11802,.T.);
#11805=ORIENTED_EDGE('',*,*,#11804,.T.);
#11807=ORIENTED_EDGE('',*,*,#11806,.T.);
#11808=ORIENTED_EDGE('',*,*,#10911,.F.);
#11809=ORIENTED_EDGE('',*,*,#9555,.F.);
#11810=EDGE_LOOP('',(#11791,#11793,#11795,#11797,#11799,#11801,#11803,#11805,
#11807,#11808,#11809));
#11811=FACE_OUTER_BOUND('',#11810,.F.);
#11813=CARTESIAN_POINT('',(5.1E-1,7.5E-1,0.E0));
#11814=DIRECTION('',(1.E0,0.E0,0.E0));
#11815=DIRECTION('',(0.E0,1.E0,0.E0));
#11816=AXIS2_PLACEMENT_3D('',#11813,#11814,#11815);
#11817=PLANE('',#11816);
#11819=ORIENTED_EDGE('',*,*,#11818,.T.);
#11820=ORIENTED_EDGE('',*,*,#9785,.F.);
#11821=ORIENTED_EDGE('',*,*,#9901,.F.);
#11823=ORIENTED_EDGE('',*,*,#11822,.T.);
#11825=ORIENTED_EDGE('',*,*,#11824,.T.);
#11827=ORIENTED_EDGE('',*,*,#11826,.T.);
#11829=ORIENTED_EDGE('',*,*,#11828,.T.);
#11831=ORIENTED_EDGE('',*,*,#11830,.T.);
#11833=ORIENTED_EDGE('',*,*,#11832,.T.);
#11835=ORIENTED_EDGE('',*,*,#11834,.T.);
#11836=EDGE_LOOP('',(#11819,#11820,#11821,#11823,#11825,#11827,#11829,#11831,
#11833,#11835));
#11837=FACE_OUTER_BOUND('',#11836,.F.);
#11839=CARTESIAN_POINT('',(5.1E-1,7.5E-1,0.E0));
#11840=DIRECTION('',(1.E0,0.E0,0.E0));
#11841=DIRECTION('',(0.E0,1.E0,0.E0));
#11842=AXIS2_PLACEMENT_3D('',#11839,#11840,#11841);
#11843=PLANE('',#11842);
#11845=ORIENTED_EDGE('',*,*,#11844,.T.);
#11847=ORIENTED_EDGE('',*,*,#11846,.T.);
#11848=ORIENTED_EDGE('',*,*,#11128,.F.);
#11850=ORIENTED_EDGE('',*,*,#11849,.T.);
#11852=ORIENTED_EDGE('',*,*,#11851,.T.);
#11854=ORIENTED_EDGE('',*,*,#11853,.T.);
#11856=ORIENTED_EDGE('',*,*,#11855,.T.);
#11858=ORIENTED_EDGE('',*,*,#11857,.T.);
#11860=ORIENTED_EDGE('',*,*,#11859,.T.);
#11862=ORIENTED_EDGE('',*,*,#11861,.T.);
#11863=ORIENTED_EDGE('',*,*,#9961,.F.);
#11864=EDGE_LOOP('',(#11845,#11847,#11848,#11850,#11852,#11854,#11856,#11858,
#11860,#11862,#11863));
#11865=FACE_OUTER_BOUND('',#11864,.F.);
#11867=CARTESIAN_POINT('',(5.1E-1,2.025E0,-3.55E0));
#11868=DIRECTION('',(0.E0,1.E0,0.E0));
#11869=DIRECTION('',(0.E0,0.E0,1.E0));
#11870=AXIS2_PLACEMENT_3D('',#11867,#11868,#11869);
#11871=PLANE('',#11870);
#11872=ORIENTED_EDGE('',*,*,#11772,.F.);
#11874=ORIENTED_EDGE('',*,*,#11873,.T.);
#11876=ORIENTED_EDGE('',*,*,#11875,.T.);
#11877=ORIENTED_EDGE('',*,*,#9489,.F.);
#11878=EDGE_LOOP('',(#11872,#11874,#11876,#11877));
#11879=FACE_OUTER_BOUND('',#11878,.F.);
#11881=CARTESIAN_POINT('',(5.1E-1,1.906801948466E0,-3.668198051534E0));
#11882=DIRECTION('',(0.E0,7.071067811865E-1,-7.071067811865E-1));
#11883=DIRECTION('',(0.E0,7.071067811865E-1,7.071067811865E-1));
#11884=AXIS2_PLACEMENT_3D('',#11881,#11882,#11883);
#11885=PLANE('',#11884);
#11886=ORIENTED_EDGE('',*,*,#11780,.F.);
#11888=ORIENTED_EDGE('',*,*,#11887,.T.);
#11890=ORIENTED_EDGE('',*,*,#11889,.T.);
#11891=ORIENTED_EDGE('',*,*,#11873,.F.);
#11892=EDGE_LOOP('',(#11886,#11888,#11890,#11891));
#11893=FACE_OUTER_BOUND('',#11892,.F.);
#11895=CARTESIAN_POINT('',(5.1E-1,1.588603896932E0,-3.35E0));
#11896=DIRECTION('',(1.E0,0.E0,0.E0));
#11897=DIRECTION('',(0.E0,1.E0,0.E0));
#11898=AXIS2_PLACEMENT_3D('',#11895,#11896,#11897);
#11899=CYLINDRICAL_SURFACE('',#11898,4.5E-1);
#11900=ORIENTED_EDGE('',*,*,#11778,.F.);
#11902=ORIENTED_EDGE('',*,*,#11901,.T.);
#11904=ORIENTED_EDGE('',*,*,#11903,.T.);
#11905=ORIENTED_EDGE('',*,*,#11887,.F.);
#11906=EDGE_LOOP('',(#11900,#11902,#11904,#11905));
#11907=FACE_OUTER_BOUND('',#11906,.F.);
#11909=CARTESIAN_POINT('',(5.1E-1,2.35E-1,-3.8E0));
#11910=DIRECTION('',(0.E0,0.E0,-1.E0));
#11911=DIRECTION('',(0.E0,1.E0,0.E0));
#11912=AXIS2_PLACEMENT_3D('',#11909,#11910,#11911);
#11913=PLANE('',#11912);
#11914=ORIENTED_EDGE('',*,*,#11776,.F.);
#11915=ORIENTED_EDGE('',*,*,#9826,.T.);
#11917=ORIENTED_EDGE('',*,*,#11916,.T.);
#11918=ORIENTED_EDGE('',*,*,#11901,.F.);
#11919=EDGE_LOOP('',(#11914,#11915,#11917,#11918));
#11920=FACE_OUTER_BOUND('',#11919,.F.);
#11922=CARTESIAN_POINT('',(7.6E-1,7.5E-1,0.E0));
#11923=DIRECTION('',(1.E0,0.E0,0.E0));
#11924=DIRECTION('',(0.E0,1.E0,0.E0));
#11925=AXIS2_PLACEMENT_3D('',#11922,#11923,#11924);
#11926=PLANE('',#11925);
#11927=ORIENTED_EDGE('',*,*,#11875,.F.);
#11928=ORIENTED_EDGE('',*,*,#11889,.F.);
#11929=ORIENTED_EDGE('',*,*,#11903,.F.);
#11930=ORIENTED_EDGE('',*,*,#11916,.F.);
#11931=ORIENTED_EDGE('',*,*,#9824,.T.);
#11932=ORIENTED_EDGE('',*,*,#9491,.T.);
#11933=EDGE_LOOP('',(#11927,#11928,#11929,#11930,#11931,#11932));
#11934=FACE_OUTER_BOUND('',#11933,.F.);
#11936=CARTESIAN_POINT('',(7.6E-1,7.5E-1,0.E0));
#11937=DIRECTION('',(1.E0,0.E0,0.E0));
#11938=DIRECTION('',(0.E0,1.E0,0.E0));
#11939=AXIS2_PLACEMENT_3D('',#11936,#11937,#11938);
#11940=PLANE('',#11939);
#11942=ORIENTED_EDGE('',*,*,#11941,.F.);
#11943=ORIENTED_EDGE('',*,*,#9551,.T.);
#11944=ORIENTED_EDGE('',*,*,#10915,.T.);
#11946=ORIENTED_EDGE('',*,*,#11945,.F.);
#11948=ORIENTED_EDGE('',*,*,#11947,.F.);
#11950=ORIENTED_EDGE('',*,*,#11949,.F.);
#11952=ORIENTED_EDGE('',*,*,#11951,.F.);
#11954=ORIENTED_EDGE('',*,*,#11953,.F.);
#11956=ORIENTED_EDGE('',*,*,#11955,.F.);
#11958=ORIENTED_EDGE('',*,*,#11957,.F.);
#11960=ORIENTED_EDGE('',*,*,#11959,.F.);
#11961=EDGE_LOOP('',(#11942,#11943,#11944,#11946,#11948,#11950,#11952,#11954,
#11956,#11958,#11960));
#11962=FACE_OUTER_BOUND('',#11961,.F.);
#11964=CARTESIAN_POINT('',(7.6E-1,7.5E-1,0.E0));
#11965=DIRECTION('',(1.E0,0.E0,0.E0));
#11966=DIRECTION('',(0.E0,1.E0,0.E0));
#11967=AXIS2_PLACEMENT_3D('',#11964,#11965,#11966);
#11968=PLANE('',#11967);
#11970=ORIENTED_EDGE('',*,*,#11969,.F.);
#11972=ORIENTED_EDGE('',*,*,#11971,.F.);
#11974=ORIENTED_EDGE('',*,*,#11973,.F.);
#11976=ORIENTED_EDGE('',*,*,#11975,.F.);
#11978=ORIENTED_EDGE('',*,*,#11977,.F.);
#11980=ORIENTED_EDGE('',*,*,#11979,.F.);
#11982=ORIENTED_EDGE('',*,*,#11981,.F.);
#11984=ORIENTED_EDGE('',*,*,#11983,.F.);
#11985=ORIENTED_EDGE('',*,*,#9897,.T.);
#11986=ORIENTED_EDGE('',*,*,#9789,.T.);
#11987=EDGE_LOOP('',(#11970,#11972,#11974,#11976,#11978,#11980,#11982,#11984,
#11985,#11986));
#11988=FACE_OUTER_BOUND('',#11987,.F.);
#11990=CARTESIAN_POINT('',(7.6E-1,7.5E-1,0.E0));
#11991=DIRECTION('',(1.E0,0.E0,0.E0));
#11992=DIRECTION('',(0.E0,1.E0,0.E0));
#11993=AXIS2_PLACEMENT_3D('',#11990,#11991,#11992);
#11994=PLANE('',#11993);
#11996=ORIENTED_EDGE('',*,*,#11995,.F.);
#11997=ORIENTED_EDGE('',*,*,#9965,.T.);
#11999=ORIENTED_EDGE('',*,*,#11998,.F.);
#12001=ORIENTED_EDGE('',*,*,#12000,.F.);
#12003=ORIENTED_EDGE('',*,*,#12002,.F.);
#12005=ORIENTED_EDGE('',*,*,#12004,.F.);
#12007=ORIENTED_EDGE('',*,*,#12006,.F.);
#12009=ORIENTED_EDGE('',*,*,#12008,.F.);
#12011=ORIENTED_EDGE('',*,*,#12010,.F.);
#12012=ORIENTED_EDGE('',*,*,#11132,.T.);
#12014=ORIENTED_EDGE('',*,*,#12013,.F.);
#12015=EDGE_LOOP('',(#11996,#11997,#11999,#12001,#12003,#12005,#12007,#12009,
#12011,#12012,#12014));
#12016=FACE_OUTER_BOUND('',#12015,.F.);
#12018=CARTESIAN_POINT('',(5.1E-1,-2.285E0,-3.242893218813E0));
#12019=DIRECTION('',(1.E0,0.E0,0.E0));
#12020=DIRECTION('',(0.E0,1.E0,0.E0));
#12021=AXIS2_PLACEMENT_3D('',#12018,#12019,#12020);
#12022=CYLINDRICAL_SURFACE('',#12021,5.E-1);
#12023=ORIENTED_EDGE('',*,*,#11790,.F.);
#12024=ORIENTED_EDGE('',*,*,#9553,.T.);
#12025=ORIENTED_EDGE('',*,*,#11941,.T.);
#12027=ORIENTED_EDGE('',*,*,#12026,.F.);
#12028=EDGE_LOOP('',(#12023,#12024,#12025,#12027));
#12029=FACE_OUTER_BOUND('',#12028,.F.);
#12031=CARTESIAN_POINT('',(5.1E-1,-1.931446609407E0,-3.596446609407E0));
#12032=DIRECTION('',(0.E0,-7.071067811865E-1,7.071067811865E-1));
#12033=DIRECTION('',(0.E0,-7.071067811865E-1,-7.071067811865E-1));
#12034=AXIS2_PLACEMENT_3D('',#12031,#12032,#12033);
#12035=PLANE('',#12034);
#12036=ORIENTED_EDGE('',*,*,#11792,.F.);
#12037=ORIENTED_EDGE('',*,*,#12026,.T.);
#12038=ORIENTED_EDGE('',*,*,#11959,.T.);
#12040=ORIENTED_EDGE('',*,*,#12039,.F.);
#12041=EDGE_LOOP('',(#12036,#12037,#12038,#12040));
#12042=FACE_OUTER_BOUND('',#12041,.F.);
#12044=CARTESIAN_POINT('',(5.1E-1,-2.655E0,-4.32E0));
#12045=DIRECTION('',(0.E0,-1.E0,0.E0));
#12046=DIRECTION('',(0.E0,0.E0,-1.E0));
#12047=AXIS2_PLACEMENT_3D('',#12044,#12045,#12046);
#12048=PLANE('',#12047);
#12049=ORIENTED_EDGE('',*,*,#11794,.F.);
#12050=ORIENTED_EDGE('',*,*,#12039,.T.);
#12051=ORIENTED_EDGE('',*,*,#11957,.T.);
#12053=ORIENTED_EDGE('',*,*,#12052,.F.);
#12054=EDGE_LOOP('',(#12049,#12050,#12051,#12053));
#12055=FACE_OUTER_BOUND('',#12054,.F.);
#12057=CARTESIAN_POINT('',(5.1E-1,-2.655E0,-4.85E0));
#12058=DIRECTION('',(0.E0,0.E0,-1.E0));
#12059=DIRECTION('',(0.E0,1.E0,0.E0));
#12060=AXIS2_PLACEMENT_3D('',#12057,#12058,#12059);
#12061=PLANE('',#12060);
#12062=ORIENTED_EDGE('',*,*,#11796,.F.);
#12063=ORIENTED_EDGE('',*,*,#12052,.T.);
#12064=ORIENTED_EDGE('',*,*,#11955,.T.);
#12066=ORIENTED_EDGE('',*,*,#12065,.F.);
#12067=EDGE_LOOP('',(#12062,#12063,#12064,#12066));
#12068=FACE_OUTER_BOUND('',#12067,.F.);
#12070=CARTESIAN_POINT('',(5.1E-1,-2.055E0,-4.85E0));
#12071=DIRECTION('',(0.E0,1.E0,0.E0));
#12072=DIRECTION('',(0.E0,0.E0,1.E0));
#12073=AXIS2_PLACEMENT_3D('',#12070,#12071,#12072);
#12074=PLANE('',#12073);
#12075=ORIENTED_EDGE('',*,*,#11798,.F.);
#12076=ORIENTED_EDGE('',*,*,#12065,.T.);
#12077=ORIENTED_EDGE('',*,*,#11953,.T.);
#12079=ORIENTED_EDGE('',*,*,#12078,.F.);
#12080=EDGE_LOOP('',(#12075,#12076,#12077,#12079));
#12081=FACE_OUTER_BOUND('',#12080,.F.);
#12083=CARTESIAN_POINT('',(5.1E-1,-1.905E0,-4.8E0));
#12084=DIRECTION('',(1.E0,0.E0,0.E0));
#12085=DIRECTION('',(0.E0,1.E0,0.E0));
#12086=AXIS2_PLACEMENT_3D('',#12083,#12084,#12085);
#12087=CYLINDRICAL_SURFACE('',#12086,1.5E-1);
#12088=ORIENTED_EDGE('',*,*,#11800,.F.);
#12089=ORIENTED_EDGE('',*,*,#12078,.T.);
#12090=ORIENTED_EDGE('',*,*,#11951,.T.);
#12092=ORIENTED_EDGE('',*,*,#12091,.F.);
#12093=EDGE_LOOP('',(#12088,#12089,#12090,#12092));
#12094=FACE_OUTER_BOUND('',#12093,.F.);
#12096=CARTESIAN_POINT('',(5.1E-1,-1.760111126057E0,-4.761177143235E0));
#12097=DIRECTION('',(0.E0,-9.659258262891E-1,-2.588190451023E-1));
#12098=DIRECTION('',(0.E0,2.588190451023E-1,-9.659258262891E-1));
#12099=AXIS2_PLACEMENT_3D('',#12096,#12097,#12098);
#12100=PLANE('',#12099);
#12101=ORIENTED_EDGE('',*,*,#11802,.F.);
#12102=ORIENTED_EDGE('',*,*,#12091,.T.);
#12103=ORIENTED_EDGE('',*,*,#11949,.T.);
#12105=ORIENTED_EDGE('',*,*,#12104,.F.);
#12106=EDGE_LOOP('',(#12101,#12102,#12103,#12105));
#12107=FACE_OUTER_BOUND('',#12106,.F.);
#12109=CARTESIAN_POINT('',(5.1E-1,-1.594417145877E0,-4.8E0));
#12110=DIRECTION('',(1.E0,0.E0,0.E0));
#12111=DIRECTION('',(0.E0,1.E0,0.E0));
#12112=AXIS2_PLACEMENT_3D('',#12109,#12110,#12111);
#12113=CYLINDRICAL_SURFACE('',#12112,1.5E-1);
#12114=ORIENTED_EDGE('',*,*,#11804,.F.);
#12115=ORIENTED_EDGE('',*,*,#12104,.T.);
#12116=ORIENTED_EDGE('',*,*,#11947,.T.);
#12118=ORIENTED_EDGE('',*,*,#12117,.F.);
#12119=EDGE_LOOP('',(#12114,#12115,#12116,#12118));
#12120=FACE_OUTER_BOUND('',#12119,.F.);
#12122=CARTESIAN_POINT('',(5.1E-1,-1.594417145877E0,-4.95E0));
#12123=DIRECTION('',(0.E0,0.E0,-1.E0));
#12124=DIRECTION('',(0.E0,1.E0,0.E0));
#12125=AXIS2_PLACEMENT_3D('',#12122,#12123,#12124);
#12126=PLANE('',#12125);
#12127=ORIENTED_EDGE('',*,*,#11806,.F.);
#12128=ORIENTED_EDGE('',*,*,#12117,.T.);
#12129=ORIENTED_EDGE('',*,*,#11945,.T.);
#12130=ORIENTED_EDGE('',*,*,#10913,.F.);
#12131=EDGE_LOOP('',(#12127,#12128,#12129,#12130));
#12132=FACE_OUTER_BOUND('',#12131,.F.);
#12134=CARTESIAN_POINT('',(5.1E-1,2.715E0,-4.361338911258E0));
#12135=DIRECTION('',(0.E0,5.147976746091E-2,9.986740376831E-1));
#12136=DIRECTION('',(0.E0,-9.986740376831E-1,5.147976746091E-2));
#12137=AXIS2_PLACEMENT_3D('',#12134,#12135,#12136);
#12138=PLANE('',#12137);
#12139=ORIENTED_EDGE('',*,*,#11818,.F.);
#12141=ORIENTED_EDGE('',*,*,#12140,.T.);
#12142=ORIENTED_EDGE('',*,*,#11969,.T.);
#12143=ORIENTED_EDGE('',*,*,#9787,.F.);
#12144=EDGE_LOOP('',(#12139,#12141,#12142,#12143));
#12145=FACE_OUTER_BOUND('',#12144,.F.);
#12147=CARTESIAN_POINT('',(5.1E-1,2.715E0,-4.361338911258E0));
#12148=DIRECTION('',(0.E0,5.147976746091E-2,9.986740376831E-1));
#12149=DIRECTION('',(0.E0,-9.986740376831E-1,5.147976746091E-2));
#12150=AXIS2_PLACEMENT_3D('',#12147,#12148,#12149);
#12151=PLANE('',#12150);
#12152=ORIENTED_EDGE('',*,*,#11844,.F.);
#12153=ORIENTED_EDGE('',*,*,#9967,.T.);
#12154=ORIENTED_EDGE('',*,*,#11995,.T.);
#12156=ORIENTED_EDGE('',*,*,#12155,.F.);
#12157=EDGE_LOOP('',(#12152,#12153,#12154,#12156));
#12158=FACE_OUTER_BOUND('',#12157,.F.);
#12160=CARTESIAN_POINT('',(5.1E-1,2.864857799005E0,-4.367868848268E0));
#12161=DIRECTION('',(1.E0,0.E0,0.E0));
#12162=DIRECTION('',(0.E0,1.E0,0.E0));
#12163=AXIS2_PLACEMENT_3D('',#12160,#12161,#12162);
#12164=CYLINDRICAL_SURFACE('',#12163,1.5E-1);
#12165=ORIENTED_EDGE('',*,*,#11834,.F.);
#12167=ORIENTED_EDGE('',*,*,#12166,.T.);
#12168=ORIENTED_EDGE('',*,*,#11971,.T.);
#12169=ORIENTED_EDGE('',*,*,#12140,.F.);
#12170=EDGE_LOOP('',(#12165,#12167,#12168,#12169));
#12171=FACE_OUTER_BOUND('',#12170,.F.);
#12173=CARTESIAN_POINT('',(5.1E-1,3.322721965119E0,-4.541670042903E0));
#12174=DIRECTION('',(0.E0,5.147976746091E-2,9.986740376831E-1));
#12175=DIRECTION('',(0.E0,-9.986740376831E-1,5.147976746091E-2));
#12176=AXIS2_PLACEMENT_3D('',#12173,#12174,#12175);
#12177=PLANE('',#12176);
#12178=ORIENTED_EDGE('',*,*,#11832,.F.);
#12180=ORIENTED_EDGE('',*,*,#12179,.T.);
#12181=ORIENTED_EDGE('',*,*,#11973,.T.);
#12182=ORIENTED_EDGE('',*,*,#12166,.F.);
#12183=EDGE_LOOP('',(#12178,#12180,#12181,#12182));
#12184=FACE_OUTER_BOUND('',#12183,.F.);
#12186=CARTESIAN_POINT('',(5.1E-1,3.315E0,-4.691471148555E0));
#12187=DIRECTION('',(1.E0,0.E0,0.E0));
#12188=DIRECTION('',(0.E0,1.E0,0.E0));
#12189=AXIS2_PLACEMENT_3D('',#12186,#12187,#12188);
#12190=CYLINDRICAL_SURFACE('',#12189,1.5E-1);
#12191=ORIENTED_EDGE('',*,*,#11830,.F.);
#12193=ORIENTED_EDGE('',*,*,#12192,.T.);
#12194=ORIENTED_EDGE('',*,*,#11975,.T.);
#12195=ORIENTED_EDGE('',*,*,#12179,.F.);
#12196=EDGE_LOOP('',(#12191,#12193,#12194,#12195));
#12197=FACE_OUTER_BOUND('',#12196,.F.);
#12199=CARTESIAN_POINT('',(5.1E-1,3.465E0,-5.142068623827E0));
#12200=DIRECTION('',(0.E0,1.E0,0.E0));
#12201=DIRECTION('',(0.E0,0.E0,1.E0));
#12202=AXIS2_PLACEMENT_3D('',#12199,#12200,#12201);
#12203=PLANE('',#12202);
#12204=ORIENTED_EDGE('',*,*,#11828,.F.);
#12206=ORIENTED_EDGE('',*,*,#12205,.T.);
#12207=ORIENTED_EDGE('',*,*,#11977,.T.);
#12208=ORIENTED_EDGE('',*,*,#12192,.F.);
#12209=EDGE_LOOP('',(#12204,#12206,#12207,#12208));
#12210=FACE_OUTER_BOUND('',#12209,.F.);
#12212=CARTESIAN_POINT('',(5.1E-1,3.315E0,-5.142068623827E0));
#12213=DIRECTION('',(1.E0,0.E0,0.E0));
#12214=DIRECTION('',(0.E0,1.E0,0.E0));
#12215=AXIS2_PLACEMENT_3D('',#12212,#12213,#12214);
#12216=CYLINDRICAL_SURFACE('',#12215,1.5E-1);
#12217=ORIENTED_EDGE('',*,*,#11826,.F.);
#12219=ORIENTED_EDGE('',*,*,#12218,.T.);
#12220=ORIENTED_EDGE('',*,*,#11979,.T.);
#12221=ORIENTED_EDGE('',*,*,#12205,.F.);
#12222=EDGE_LOOP('',(#12217,#12219,#12220,#12221));
#12223=FACE_OUTER_BOUND('',#12222,.F.);
#12225=CARTESIAN_POINT('',(5.1E-1,1.332055554303E0,-5.190050727336E0));
#12226=DIRECTION('',(0.E0,-5.147976746091E-2,-9.986740376831E-1));
#12227=DIRECTION('',(0.E0,9.986740376831E-1,-5.147976746091E-2));
#12228=AXIS2_PLACEMENT_3D('',#12225,#12226,#12227);
#12229=PLANE('',#12228);
#12230=ORIENTED_EDGE('',*,*,#11824,.F.);
#12232=ORIENTED_EDGE('',*,*,#12231,.T.);
#12233=ORIENTED_EDGE('',*,*,#11981,.T.);
#12234=ORIENTED_EDGE('',*,*,#12218,.F.);
#12235=EDGE_LOOP('',(#12230,#12232,#12233,#12234));
#12236=FACE_OUTER_BOUND('',#12235,.F.);
#12238=CARTESIAN_POINT('',(5.1E-1,1.015E0,-4.894899435359E0));
#12239=DIRECTION('',(0.E0,-6.813710873348E-1,-7.319381403809E-1));
#12240=DIRECTION('',(0.E0,7.319381403809E-1,-6.813710873348E-1));
#12241=AXIS2_PLACEMENT_3D('',#12238,#12239,#12240);
#12242=PLANE('',#12241);
#12243=ORIENTED_EDGE('',*,*,#11861,.F.);
#12245=ORIENTED_EDGE('',*,*,#12244,.T.);
#12246=ORIENTED_EDGE('',*,*,#11998,.T.);
#12247=ORIENTED_EDGE('',*,*,#9963,.F.);
#12248=EDGE_LOOP('',(#12243,#12245,#12246,#12247));
#12249=FACE_OUTER_BOUND('',#12248,.F.);
#12251=CARTESIAN_POINT('',(5.1E-1,1.015E0,-4.894899435359E0));
#12252=DIRECTION('',(0.E0,-6.813710873348E-1,-7.319381403809E-1));
#12253=DIRECTION('',(0.E0,7.319381403809E-1,-6.813710873348E-1));
#12254=AXIS2_PLACEMENT_3D('',#12251,#12252,#12253);
#12255=PLANE('',#12254);
#12256=ORIENTED_EDGE('',*,*,#11822,.F.);
#12257=ORIENTED_EDGE('',*,*,#9899,.T.);
#12258=ORIENTED_EDGE('',*,*,#11983,.T.);
#12259=ORIENTED_EDGE('',*,*,#12231,.F.);
#12260=EDGE_LOOP('',(#12256,#12257,#12258,#12259));
#12261=FACE_OUTER_BOUND('',#12260,.F.);
#12263=CARTESIAN_POINT('',(5.1E-1,-5.250172991923E-1,-4.95E0));
#12264=DIRECTION('',(0.E0,3.575630611351E-2,-9.993605388313E-1));
#12265=DIRECTION('',(0.E0,9.993605388313E-1,3.575630611351E-2));
#12266=AXIS2_PLACEMENT_3D('',#12263,#12264,#12265);
#12267=PLANE('',#12266);
#12268=ORIENTED_EDGE('',*,*,#11859,.F.);
#12270=ORIENTED_EDGE('',*,*,#12269,.T.);
#12271=ORIENTED_EDGE('',*,*,#12000,.T.);
#12272=ORIENTED_EDGE('',*,*,#12244,.F.);
#12273=EDGE_LOOP('',(#12268,#12270,#12271,#12272));
#12274=FACE_OUTER_BOUND('',#12273,.F.);
#12276=CARTESIAN_POINT('',(5.1E-1,-5.303807451093E-1,-4.800095919175E0));
#12277=DIRECTION('',(1.E0,0.E0,0.E0));
#12278=DIRECTION('',(0.E0,1.E0,0.E0));
#12279=AXIS2_PLACEMENT_3D('',#12276,#12277,#12278);
#12280=CYLINDRICAL_SURFACE('',#12279,1.5E-1);
#12281=ORIENTED_EDGE('',*,*,#11857,.F.);
#12283=ORIENTED_EDGE('',*,*,#12282,.T.);
#12284=ORIENTED_EDGE('',*,*,#12002,.T.);
#12285=ORIENTED_EDGE('',*,*,#12269,.F.);
#12286=EDGE_LOOP('',(#12281,#12283,#12284,#12285));
#12287=FACE_OUTER_BOUND('',#12286,.F.);
#12289=CARTESIAN_POINT('',(5.1E-1,-6.915919388160E-1,-4.786021278015E0));
#12290=DIRECTION('',(0.E0,-9.560537412267E-1,-2.931914799010E-1));
#12291=DIRECTION('',(0.E0,2.931914799010E-1,-9.560537412267E-1));
#12292=AXIS2_PLACEMENT_3D('',#12289,#12290,#12291);
#12293=PLANE('',#12292);
#12294=ORIENTED_EDGE('',*,*,#11855,.F.);
#12296=ORIENTED_EDGE('',*,*,#12295,.T.);
#12297=ORIENTED_EDGE('',*,*,#12004,.T.);
#12298=ORIENTED_EDGE('',*,*,#12282,.F.);
#12299=EDGE_LOOP('',(#12294,#12296,#12297,#12298));
#12300=FACE_OUTER_BOUND('',#12299,.F.);
#12302=CARTESIAN_POINT('',(5.1E-1,-8.35E-1,-4.83E0));
#12303=DIRECTION('',(1.E0,0.E0,0.E0));
#12304=DIRECTION('',(0.E0,1.E0,0.E0));
#12305=AXIS2_PLACEMENT_3D('',#12302,#12303,#12304);
#12306=CYLINDRICAL_SURFACE('',#12305,1.5E-1);
#12307=ORIENTED_EDGE('',*,*,#11853,.F.);
#12309=ORIENTED_EDGE('',*,*,#12308,.T.);
#12310=ORIENTED_EDGE('',*,*,#12006,.T.);
#12311=ORIENTED_EDGE('',*,*,#12295,.F.);
#12312=EDGE_LOOP('',(#12307,#12309,#12310,#12311));
#12313=FACE_OUTER_BOUND('',#12312,.F.);
#12315=CARTESIAN_POINT('',(5.1E-1,-9.926555044066E-1,-4.838822856765E0));
#12316=DIRECTION('',(0.E0,9.659258262893E-1,-2.588190451016E-1));
#12317=DIRECTION('',(0.E0,2.588190451016E-1,9.659258262893E-1));
#12318=AXIS2_PLACEMENT_3D('',#12315,#12316,#12317);
#12319=PLANE('',#12318);
#12320=ORIENTED_EDGE('',*,*,#11851,.F.);
#12322=ORIENTED_EDGE('',*,*,#12321,.T.);
#12323=ORIENTED_EDGE('',*,*,#12008,.T.);
#12324=ORIENTED_EDGE('',*,*,#12308,.F.);
#12325=EDGE_LOOP('',(#12320,#12322,#12323,#12324));
#12326=FACE_OUTER_BOUND('',#12325,.F.);
#12328=CARTESIAN_POINT('',(5.1E-1,-1.137544378350E0,-4.8E0));
#12329=DIRECTION('',(1.E0,0.E0,0.E0));
#12330=DIRECTION('',(0.E0,1.E0,0.E0));
#12331=AXIS2_PLACEMENT_3D('',#12328,#12329,#12330);
#12332=CYLINDRICAL_SURFACE('',#12331,1.5E-1);
#12333=ORIENTED_EDGE('',*,*,#11849,.F.);
#12334=ORIENTED_EDGE('',*,*,#11134,.T.);
#12335=ORIENTED_EDGE('',*,*,#12010,.T.);
#12336=ORIENTED_EDGE('',*,*,#12321,.F.);
#12337=EDGE_LOOP('',(#12333,#12334,#12335,#12336));
#12338=FACE_OUTER_BOUND('',#12337,.F.);
#12340=CARTESIAN_POINT('',(5.1E-1,-6.05E-1,-4.04E0));
#12341=DIRECTION('',(1.E0,0.E0,0.E0));
#12342=DIRECTION('',(0.E0,1.E0,0.E0));
#12343=AXIS2_PLACEMENT_3D('',#12340,#12341,#12342);
#12344=CYLINDRICAL_SURFACE('',#12343,1.5E-1);
#12345=ORIENTED_EDGE('',*,*,#11846,.F.);
#12346=ORIENTED_EDGE('',*,*,#12155,.T.);
#12347=ORIENTED_EDGE('',*,*,#12013,.T.);
#12348=ORIENTED_EDGE('',*,*,#11130,.F.);
#12349=EDGE_LOOP('',(#12345,#12346,#12347,#12348));
#12350=FACE_OUTER_BOUND('',#12349,.F.);
#12352=CARTESIAN_POINT('',(-2.03E0,7.5E-1,0.E0));
#12353=DIRECTION('',(1.E0,0.E0,0.E0));
#12354=DIRECTION('',(0.E0,1.E0,0.E0));
#12355=AXIS2_PLACEMENT_3D('',#12352,#12353,#12354);
#12356=PLANE('',#12355);
#12358=ORIENTED_EDGE('',*,*,#12357,.T.);
#12359=ORIENTED_EDGE('',*,*,#9471,.F.);
#12360=ORIENTED_EDGE('',*,*,#9842,.F.);
#12362=ORIENTED_EDGE('',*,*,#12361,.T.);
#12364=ORIENTED_EDGE('',*,*,#12363,.T.);
#12366=ORIENTED_EDGE('',*,*,#12365,.T.);
#12367=EDGE_LOOP('',(#12358,#12359,#12360,#12362,#12364,#12366));
#12368=FACE_OUTER_BOUND('',#12367,.F.);
#12370=CARTESIAN_POINT('',(-2.03E0,7.5E-1,0.E0));
#12371=DIRECTION('',(1.E0,0.E0,0.E0));
#12372=DIRECTION('',(0.E0,1.E0,0.E0));
#12373=AXIS2_PLACEMENT_3D('',#12370,#12371,#12372);
#12374=PLANE('',#12373);
#12376=ORIENTED_EDGE('',*,*,#12375,.T.);
#12378=ORIENTED_EDGE('',*,*,#12377,.T.);
#12380=ORIENTED_EDGE('',*,*,#12379,.T.);
#12382=ORIENTED_EDGE('',*,*,#12381,.T.);
#12384=ORIENTED_EDGE('',*,*,#12383,.T.);
#12386=ORIENTED_EDGE('',*,*,#12385,.T.);
#12388=ORIENTED_EDGE('',*,*,#12387,.T.);
#12390=ORIENTED_EDGE('',*,*,#12389,.T.);
#12392=ORIENTED_EDGE('',*,*,#12391,.T.);
#12393=ORIENTED_EDGE('',*,*,#10897,.F.);
#12394=ORIENTED_EDGE('',*,*,#9571,.F.);
#12395=EDGE_LOOP('',(#12376,#12378,#12380,#12382,#12384,#12386,#12388,#12390,
#12392,#12393,#12394));
#12396=FACE_OUTER_BOUND('',#12395,.F.);
#12398=CARTESIAN_POINT('',(-2.03E0,7.5E-1,0.E0));
#12399=DIRECTION('',(1.E0,0.E0,0.E0));
#12400=DIRECTION('',(0.E0,1.E0,0.E0));
#12401=AXIS2_PLACEMENT_3D('',#12398,#12399,#12400);
#12402=PLANE('',#12401);
#12404=ORIENTED_EDGE('',*,*,#12403,.T.);
#12405=ORIENTED_EDGE('',*,*,#9777,.F.);
#12406=ORIENTED_EDGE('',*,*,#9908,.F.);
#12408=ORIENTED_EDGE('',*,*,#12407,.T.);
#12410=ORIENTED_EDGE('',*,*,#12409,.T.);
#12412=ORIENTED_EDGE('',*,*,#12411,.T.);
#12414=ORIENTED_EDGE('',*,*,#12413,.T.);
#12416=ORIENTED_EDGE('',*,*,#12415,.T.);
#12418=ORIENTED_EDGE('',*,*,#12417,.T.);
#12420=ORIENTED_EDGE('',*,*,#12419,.T.);
#12421=EDGE_LOOP('',(#12404,#12405,#12406,#12408,#12410,#12412,#12414,#12416,
#12418,#12420));
#12422=FACE_OUTER_BOUND('',#12421,.F.);
#12424=CARTESIAN_POINT('',(-2.03E0,7.5E-1,0.E0));
#12425=DIRECTION('',(1.E0,0.E0,0.E0));
#12426=DIRECTION('',(0.E0,1.E0,0.E0));
#12427=AXIS2_PLACEMENT_3D('',#12424,#12425,#12426);
#12428=PLANE('',#12427);
#12430=ORIENTED_EDGE('',*,*,#12429,.T.);
#12432=ORIENTED_EDGE('',*,*,#12431,.T.);
#12433=ORIENTED_EDGE('',*,*,#11138,.F.);
#12435=ORIENTED_EDGE('',*,*,#12434,.T.);
#12437=ORIENTED_EDGE('',*,*,#12436,.T.);
#12439=ORIENTED_EDGE('',*,*,#12438,.T.);
#12441=ORIENTED_EDGE('',*,*,#12440,.T.);
#12443=ORIENTED_EDGE('',*,*,#12442,.T.);
#12445=ORIENTED_EDGE('',*,*,#12444,.T.);
#12447=ORIENTED_EDGE('',*,*,#12446,.T.);
#12448=ORIENTED_EDGE('',*,*,#9981,.F.);
#12449=EDGE_LOOP('',(#12430,#12432,#12433,#12435,#12437,#12439,#12441,#12443,
#12445,#12447,#12448));
#12450=FACE_OUTER_BOUND('',#12449,.F.);
#12452=CARTESIAN_POINT('',(-2.03E0,2.025E0,-3.55E0));
#12453=DIRECTION('',(0.E0,1.E0,0.E0));
#12454=DIRECTION('',(0.E0,0.E0,1.E0));
#12455=AXIS2_PLACEMENT_3D('',#12452,#12453,#12454);
#12456=PLANE('',#12455);
#12457=ORIENTED_EDGE('',*,*,#12357,.F.);
#12459=ORIENTED_EDGE('',*,*,#12458,.T.);
#12461=ORIENTED_EDGE('',*,*,#12460,.T.);
#12462=ORIENTED_EDGE('',*,*,#9473,.F.);
#12463=EDGE_LOOP('',(#12457,#12459,#12461,#12462));
#12464=FACE_OUTER_BOUND('',#12463,.F.);
#12466=CARTESIAN_POINT('',(-2.03E0,1.906801948466E0,-3.668198051534E0));
#12467=DIRECTION('',(0.E0,7.071067811865E-1,-7.071067811865E-1));
#12468=DIRECTION('',(0.E0,7.071067811865E-1,7.071067811865E-1));
#12469=AXIS2_PLACEMENT_3D('',#12466,#12467,#12468);
#12470=PLANE('',#12469);
#12471=ORIENTED_EDGE('',*,*,#12365,.F.);
#12473=ORIENTED_EDGE('',*,*,#12472,.T.);
#12475=ORIENTED_EDGE('',*,*,#12474,.T.);
#12476=ORIENTED_EDGE('',*,*,#12458,.F.);
#12477=EDGE_LOOP('',(#12471,#12473,#12475,#12476));
#12478=FACE_OUTER_BOUND('',#12477,.F.);
#12480=CARTESIAN_POINT('',(-2.03E0,1.588603896932E0,-3.35E0));
#12481=DIRECTION('',(1.E0,0.E0,0.E0));
#12482=DIRECTION('',(0.E0,1.E0,0.E0));
#12483=AXIS2_PLACEMENT_3D('',#12480,#12481,#12482);
#12484=CYLINDRICAL_SURFACE('',#12483,4.5E-1);
#12485=ORIENTED_EDGE('',*,*,#12363,.F.);
#12487=ORIENTED_EDGE('',*,*,#12486,.T.);
#12489=ORIENTED_EDGE('',*,*,#12488,.T.);
#12490=ORIENTED_EDGE('',*,*,#12472,.F.);
#12491=EDGE_LOOP('',(#12485,#12487,#12489,#12490));
#12492=FACE_OUTER_BOUND('',#12491,.F.);
#12494=CARTESIAN_POINT('',(-2.03E0,2.35E-1,-3.8E0));
#12495=DIRECTION('',(0.E0,0.E0,-1.E0));
#12496=DIRECTION('',(0.E0,1.E0,0.E0));
#12497=AXIS2_PLACEMENT_3D('',#12494,#12495,#12496);
#12498=PLANE('',#12497);
#12499=ORIENTED_EDGE('',*,*,#12361,.F.);
#12500=ORIENTED_EDGE('',*,*,#9840,.T.);
#12502=ORIENTED_EDGE('',*,*,#12501,.T.);
#12503=ORIENTED_EDGE('',*,*,#12486,.F.);
#12504=EDGE_LOOP('',(#12499,#12500,#12502,#12503));
#12505=FACE_OUTER_BOUND('',#12504,.F.);
#12507=CARTESIAN_POINT('',(-1.78E0,7.5E-1,0.E0));
#12508=DIRECTION('',(1.E0,0.E0,0.E0));
#12509=DIRECTION('',(0.E0,1.E0,0.E0));
#12510=AXIS2_PLACEMENT_3D('',#12507,#12508,#12509);
#12511=PLANE('',#12510);
#12512=ORIENTED_EDGE('',*,*,#12460,.F.);
#12513=ORIENTED_EDGE('',*,*,#12474,.F.);
#12514=ORIENTED_EDGE('',*,*,#12488,.F.);
#12515=ORIENTED_EDGE('',*,*,#12501,.F.);
#12516=ORIENTED_EDGE('',*,*,#9838,.T.);
#12517=ORIENTED_EDGE('',*,*,#9475,.T.);
#12518=EDGE_LOOP('',(#12512,#12513,#12514,#12515,#12516,#12517));
#12519=FACE_OUTER_BOUND('',#12518,.F.);
#12521=CARTESIAN_POINT('',(-1.78E0,7.5E-1,0.E0));
#12522=DIRECTION('',(1.E0,0.E0,0.E0));
#12523=DIRECTION('',(0.E0,1.E0,0.E0));
#12524=AXIS2_PLACEMENT_3D('',#12521,#12522,#12523);
#12525=PLANE('',#12524);
#12527=ORIENTED_EDGE('',*,*,#12526,.F.);
#12528=ORIENTED_EDGE('',*,*,#9567,.T.);
#12529=ORIENTED_EDGE('',*,*,#10901,.T.);
#12531=ORIENTED_EDGE('',*,*,#12530,.F.);
#12533=ORIENTED_EDGE('',*,*,#12532,.F.);
#12535=ORIENTED_EDGE('',*,*,#12534,.F.);
#12537=ORIENTED_EDGE('',*,*,#12536,.F.);
#12539=ORIENTED_EDGE('',*,*,#12538,.F.);
#12541=ORIENTED_EDGE('',*,*,#12540,.F.);
#12543=ORIENTED_EDGE('',*,*,#12542,.F.);
#12545=ORIENTED_EDGE('',*,*,#12544,.F.);
#12546=EDGE_LOOP('',(#12527,#12528,#12529,#12531,#12533,#12535,#12537,#12539,
#12541,#12543,#12545));
#12547=FACE_OUTER_BOUND('',#12546,.F.);
#12549=CARTESIAN_POINT('',(-1.78E0,7.5E-1,0.E0));
#12550=DIRECTION('',(1.E0,0.E0,0.E0));
#12551=DIRECTION('',(0.E0,1.E0,0.E0));
#12552=AXIS2_PLACEMENT_3D('',#12549,#12550,#12551);
#12553=PLANE('',#12552);
#12555=ORIENTED_EDGE('',*,*,#12554,.F.);
#12557=ORIENTED_EDGE('',*,*,#12556,.F.);
#12559=ORIENTED_EDGE('',*,*,#12558,.F.);
#12561=ORIENTED_EDGE('',*,*,#12560,.F.);
#12563=ORIENTED_EDGE('',*,*,#12562,.F.);
#12565=ORIENTED_EDGE('',*,*,#12564,.F.);
#12567=ORIENTED_EDGE('',*,*,#12566,.F.);
#12569=ORIENTED_EDGE('',*,*,#12568,.F.);
#12570=ORIENTED_EDGE('',*,*,#9904,.T.);
#12571=ORIENTED_EDGE('',*,*,#9781,.T.);
#12572=EDGE_LOOP('',(#12555,#12557,#12559,#12561,#12563,#12565,#12567,#12569,
#12570,#12571));
#12573=FACE_OUTER_BOUND('',#12572,.F.);
#12575=CARTESIAN_POINT('',(-1.78E0,7.5E-1,0.E0));
#12576=DIRECTION('',(1.E0,0.E0,0.E0));
#12577=DIRECTION('',(0.E0,1.E0,0.E0));
#12578=AXIS2_PLACEMENT_3D('',#12575,#12576,#12577);
#12579=PLANE('',#12578);
#12581=ORIENTED_EDGE('',*,*,#12580,.F.);
#12582=ORIENTED_EDGE('',*,*,#9985,.T.);
#12584=ORIENTED_EDGE('',*,*,#12583,.F.);
#12586=ORIENTED_EDGE('',*,*,#12585,.F.);
#12588=ORIENTED_EDGE('',*,*,#12587,.F.);
#12590=ORIENTED_EDGE('',*,*,#12589,.F.);
#12592=ORIENTED_EDGE('',*,*,#12591,.F.);
#12594=ORIENTED_EDGE('',*,*,#12593,.F.);
#12596=ORIENTED_EDGE('',*,*,#12595,.F.);
#12597=ORIENTED_EDGE('',*,*,#11142,.T.);
#12599=ORIENTED_EDGE('',*,*,#12598,.F.);
#12600=EDGE_LOOP('',(#12581,#12582,#12584,#12586,#12588,#12590,#12592,#12594,
#12596,#12597,#12599));
#12601=FACE_OUTER_BOUND('',#12600,.F.);
#12603=CARTESIAN_POINT('',(-2.03E0,-2.285E0,-3.242893218813E0));
#12604=DIRECTION('',(1.E0,0.E0,0.E0));
#12605=DIRECTION('',(0.E0,1.E0,0.E0));
#12606=AXIS2_PLACEMENT_3D('',#12603,#12604,#12605);
#12607=CYLINDRICAL_SURFACE('',#12606,5.E-1);
#12608=ORIENTED_EDGE('',*,*,#12375,.F.);
#12609=ORIENTED_EDGE('',*,*,#9569,.T.);
#12610=ORIENTED_EDGE('',*,*,#12526,.T.);
#12612=ORIENTED_EDGE('',*,*,#12611,.F.);
#12613=EDGE_LOOP('',(#12608,#12609,#12610,#12612));
#12614=FACE_OUTER_BOUND('',#12613,.F.);
#12616=CARTESIAN_POINT('',(-2.03E0,-1.931446609407E0,-3.596446609407E0));
#12617=DIRECTION('',(0.E0,-7.071067811865E-1,7.071067811865E-1));
#12618=DIRECTION('',(0.E0,-7.071067811865E-1,-7.071067811865E-1));
#12619=AXIS2_PLACEMENT_3D('',#12616,#12617,#12618);
#12620=PLANE('',#12619);
#12621=ORIENTED_EDGE('',*,*,#12377,.F.);
#12622=ORIENTED_EDGE('',*,*,#12611,.T.);
#12623=ORIENTED_EDGE('',*,*,#12544,.T.);
#12625=ORIENTED_EDGE('',*,*,#12624,.F.);
#12626=EDGE_LOOP('',(#12621,#12622,#12623,#12625));
#12627=FACE_OUTER_BOUND('',#12626,.F.);
#12629=CARTESIAN_POINT('',(-2.03E0,-2.655E0,-4.32E0));
#12630=DIRECTION('',(0.E0,-1.E0,0.E0));
#12631=DIRECTION('',(0.E0,0.E0,-1.E0));
#12632=AXIS2_PLACEMENT_3D('',#12629,#12630,#12631);
#12633=PLANE('',#12632);
#12634=ORIENTED_EDGE('',*,*,#12379,.F.);
#12635=ORIENTED_EDGE('',*,*,#12624,.T.);
#12636=ORIENTED_EDGE('',*,*,#12542,.T.);
#12638=ORIENTED_EDGE('',*,*,#12637,.F.);
#12639=EDGE_LOOP('',(#12634,#12635,#12636,#12638));
#12640=FACE_OUTER_BOUND('',#12639,.F.);
#12642=CARTESIAN_POINT('',(-2.03E0,-2.655E0,-4.85E0));
#12643=DIRECTION('',(0.E0,0.E0,-1.E0));
#12644=DIRECTION('',(0.E0,1.E0,0.E0));
#12645=AXIS2_PLACEMENT_3D('',#12642,#12643,#12644);
#12646=PLANE('',#12645);
#12647=ORIENTED_EDGE('',*,*,#12381,.F.);
#12648=ORIENTED_EDGE('',*,*,#12637,.T.);
#12649=ORIENTED_EDGE('',*,*,#12540,.T.);
#12651=ORIENTED_EDGE('',*,*,#12650,.F.);
#12652=EDGE_LOOP('',(#12647,#12648,#12649,#12651));
#12653=FACE_OUTER_BOUND('',#12652,.F.);
#12655=CARTESIAN_POINT('',(-2.03E0,-2.055E0,-4.85E0));
#12656=DIRECTION('',(0.E0,1.E0,0.E0));
#12657=DIRECTION('',(0.E0,0.E0,1.E0));
#12658=AXIS2_PLACEMENT_3D('',#12655,#12656,#12657);
#12659=PLANE('',#12658);
#12660=ORIENTED_EDGE('',*,*,#12383,.F.);
#12661=ORIENTED_EDGE('',*,*,#12650,.T.);
#12662=ORIENTED_EDGE('',*,*,#12538,.T.);
#12664=ORIENTED_EDGE('',*,*,#12663,.F.);
#12665=EDGE_LOOP('',(#12660,#12661,#12662,#12664));
#12666=FACE_OUTER_BOUND('',#12665,.F.);
#12668=CARTESIAN_POINT('',(-2.03E0,-1.905E0,-4.8E0));
#12669=DIRECTION('',(1.E0,0.E0,0.E0));
#12670=DIRECTION('',(0.E0,1.E0,0.E0));
#12671=AXIS2_PLACEMENT_3D('',#12668,#12669,#12670);
#12672=CYLINDRICAL_SURFACE('',#12671,1.5E-1);
#12673=ORIENTED_EDGE('',*,*,#12385,.F.);
#12674=ORIENTED_EDGE('',*,*,#12663,.T.);
#12675=ORIENTED_EDGE('',*,*,#12536,.T.);
#12677=ORIENTED_EDGE('',*,*,#12676,.F.);
#12678=EDGE_LOOP('',(#12673,#12674,#12675,#12677));
#12679=FACE_OUTER_BOUND('',#12678,.F.);
#12681=CARTESIAN_POINT('',(-2.03E0,-1.760111126057E0,-4.761177143235E0));
#12682=DIRECTION('',(0.E0,-9.659258262891E-1,-2.588190451023E-1));
#12683=DIRECTION('',(0.E0,2.588190451023E-1,-9.659258262891E-1));
#12684=AXIS2_PLACEMENT_3D('',#12681,#12682,#12683);
#12685=PLANE('',#12684);
#12686=ORIENTED_EDGE('',*,*,#12387,.F.);
#12687=ORIENTED_EDGE('',*,*,#12676,.T.);
#12688=ORIENTED_EDGE('',*,*,#12534,.T.);
#12690=ORIENTED_EDGE('',*,*,#12689,.F.);
#12691=EDGE_LOOP('',(#12686,#12687,#12688,#12690));
#12692=FACE_OUTER_BOUND('',#12691,.F.);
#12694=CARTESIAN_POINT('',(-2.03E0,-1.594417145877E0,-4.8E0));
#12695=DIRECTION('',(1.E0,0.E0,0.E0));
#12696=DIRECTION('',(0.E0,1.E0,0.E0));
#12697=AXIS2_PLACEMENT_3D('',#12694,#12695,#12696);
#12698=CYLINDRICAL_SURFACE('',#12697,1.5E-1);
#12699=ORIENTED_EDGE('',*,*,#12389,.F.);
#12700=ORIENTED_EDGE('',*,*,#12689,.T.);
#12701=ORIENTED_EDGE('',*,*,#12532,.T.);
#12703=ORIENTED_EDGE('',*,*,#12702,.F.);
#12704=EDGE_LOOP('',(#12699,#12700,#12701,#12703));
#12705=FACE_OUTER_BOUND('',#12704,.F.);
#12707=CARTESIAN_POINT('',(-2.03E0,-1.594417145877E0,-4.95E0));
#12708=DIRECTION('',(0.E0,0.E0,-1.E0));
#12709=DIRECTION('',(0.E0,1.E0,0.E0));
#12710=AXIS2_PLACEMENT_3D('',#12707,#12708,#12709);
#12711=PLANE('',#12710);
#12712=ORIENTED_EDGE('',*,*,#12391,.F.);
#12713=ORIENTED_EDGE('',*,*,#12702,.T.);
#12714=ORIENTED_EDGE('',*,*,#12530,.T.);
#12715=ORIENTED_EDGE('',*,*,#10899,.F.);
#12716=EDGE_LOOP('',(#12712,#12713,#12714,#12715));
#12717=FACE_OUTER_BOUND('',#12716,.F.);
#12719=CARTESIAN_POINT('',(-2.03E0,2.715E0,-4.361338911258E0));
#12720=DIRECTION('',(0.E0,5.147976746091E-2,9.986740376831E-1));
#12721=DIRECTION('',(0.E0,-9.986740376831E-1,5.147976746091E-2));
#12722=AXIS2_PLACEMENT_3D('',#12719,#12720,#12721);
#12723=PLANE('',#12722);
#12724=ORIENTED_EDGE('',*,*,#12403,.F.);
#12726=ORIENTED_EDGE('',*,*,#12725,.T.);
#12727=ORIENTED_EDGE('',*,*,#12554,.T.);
#12728=ORIENTED_EDGE('',*,*,#9779,.F.);
#12729=EDGE_LOOP('',(#12724,#12726,#12727,#12728));
#12730=FACE_OUTER_BOUND('',#12729,.F.);
#12732=CARTESIAN_POINT('',(-2.03E0,2.715E0,-4.361338911258E0));
#12733=DIRECTION('',(0.E0,5.147976746091E-2,9.986740376831E-1));
#12734=DIRECTION('',(0.E0,-9.986740376831E-1,5.147976746091E-2));
#12735=AXIS2_PLACEMENT_3D('',#12732,#12733,#12734);
#12736=PLANE('',#12735);
#12737=ORIENTED_EDGE('',*,*,#12429,.F.);
#12738=ORIENTED_EDGE('',*,*,#9987,.T.);
#12739=ORIENTED_EDGE('',*,*,#12580,.T.);
#12741=ORIENTED_EDGE('',*,*,#12740,.F.);
#12742=EDGE_LOOP('',(#12737,#12738,#12739,#12741));
#12743=FACE_OUTER_BOUND('',#12742,.F.);
#12745=CARTESIAN_POINT('',(-2.03E0,2.864857799005E0,-4.367868848268E0));
#12746=DIRECTION('',(1.E0,0.E0,0.E0));
#12747=DIRECTION('',(0.E0,1.E0,0.E0));
#12748=AXIS2_PLACEMENT_3D('',#12745,#12746,#12747);
#12749=CYLINDRICAL_SURFACE('',#12748,1.5E-1);
#12750=ORIENTED_EDGE('',*,*,#12419,.F.);
#12752=ORIENTED_EDGE('',*,*,#12751,.T.);
#12753=ORIENTED_EDGE('',*,*,#12556,.T.);
#12754=ORIENTED_EDGE('',*,*,#12725,.F.);
#12755=EDGE_LOOP('',(#12750,#12752,#12753,#12754));
#12756=FACE_OUTER_BOUND('',#12755,.F.);
#12758=CARTESIAN_POINT('',(-2.03E0,3.322721965119E0,-4.541670042903E0));
#12759=DIRECTION('',(0.E0,5.147976746091E-2,9.986740376831E-1));
#12760=DIRECTION('',(0.E0,-9.986740376831E-1,5.147976746091E-2));
#12761=AXIS2_PLACEMENT_3D('',#12758,#12759,#12760);
#12762=PLANE('',#12761);
#12763=ORIENTED_EDGE('',*,*,#12417,.F.);
#12765=ORIENTED_EDGE('',*,*,#12764,.T.);
#12766=ORIENTED_EDGE('',*,*,#12558,.T.);
#12767=ORIENTED_EDGE('',*,*,#12751,.F.);
#12768=EDGE_LOOP('',(#12763,#12765,#12766,#12767));
#12769=FACE_OUTER_BOUND('',#12768,.F.);
#12771=CARTESIAN_POINT('',(-2.03E0,3.315E0,-4.691471148555E0));
#12772=DIRECTION('',(1.E0,0.E0,0.E0));
#12773=DIRECTION('',(0.E0,1.E0,0.E0));
#12774=AXIS2_PLACEMENT_3D('',#12771,#12772,#12773);
#12775=CYLINDRICAL_SURFACE('',#12774,1.5E-1);
#12776=ORIENTED_EDGE('',*,*,#12415,.F.);
#12778=ORIENTED_EDGE('',*,*,#12777,.T.);
#12779=ORIENTED_EDGE('',*,*,#12560,.T.);
#12780=ORIENTED_EDGE('',*,*,#12764,.F.);
#12781=EDGE_LOOP('',(#12776,#12778,#12779,#12780));
#12782=FACE_OUTER_BOUND('',#12781,.F.);
#12784=CARTESIAN_POINT('',(-2.03E0,3.465E0,-5.142068623827E0));
#12785=DIRECTION('',(0.E0,1.E0,0.E0));
#12786=DIRECTION('',(0.E0,0.E0,1.E0));
#12787=AXIS2_PLACEMENT_3D('',#12784,#12785,#12786);
#12788=PLANE('',#12787);
#12789=ORIENTED_EDGE('',*,*,#12413,.F.);
#12791=ORIENTED_EDGE('',*,*,#12790,.T.);
#12792=ORIENTED_EDGE('',*,*,#12562,.T.);
#12793=ORIENTED_EDGE('',*,*,#12777,.F.);
#12794=EDGE_LOOP('',(#12789,#12791,#12792,#12793));
#12795=FACE_OUTER_BOUND('',#12794,.F.);
#12797=CARTESIAN_POINT('',(-2.03E0,3.315E0,-5.142068623827E0));
#12798=DIRECTION('',(1.E0,0.E0,0.E0));
#12799=DIRECTION('',(0.E0,1.E0,0.E0));
#12800=AXIS2_PLACEMENT_3D('',#12797,#12798,#12799);
#12801=CYLINDRICAL_SURFACE('',#12800,1.5E-1);
#12802=ORIENTED_EDGE('',*,*,#12411,.F.);
#12804=ORIENTED_EDGE('',*,*,#12803,.T.);
#12805=ORIENTED_EDGE('',*,*,#12564,.T.);
#12806=ORIENTED_EDGE('',*,*,#12790,.F.);
#12807=EDGE_LOOP('',(#12802,#12804,#12805,#12806));
#12808=FACE_OUTER_BOUND('',#12807,.F.);
#12810=CARTESIAN_POINT('',(-2.03E0,1.332055554303E0,-5.190050727336E0));
#12811=DIRECTION('',(0.E0,-5.147976746091E-2,-9.986740376831E-1));
#12812=DIRECTION('',(0.E0,9.986740376831E-1,-5.147976746091E-2));
#12813=AXIS2_PLACEMENT_3D('',#12810,#12811,#12812);
#12814=PLANE('',#12813);
#12815=ORIENTED_EDGE('',*,*,#12409,.F.);
#12817=ORIENTED_EDGE('',*,*,#12816,.T.);
#12818=ORIENTED_EDGE('',*,*,#12566,.T.);
#12819=ORIENTED_EDGE('',*,*,#12803,.F.);
#12820=EDGE_LOOP('',(#12815,#12817,#12818,#12819));
#12821=FACE_OUTER_BOUND('',#12820,.F.);
#12823=CARTESIAN_POINT('',(-2.03E0,1.015E0,-4.894899435359E0));
#12824=DIRECTION('',(0.E0,-6.813710873348E-1,-7.319381403809E-1));
#12825=DIRECTION('',(0.E0,7.319381403809E-1,-6.813710873348E-1));
#12826=AXIS2_PLACEMENT_3D('',#12823,#12824,#12825);
#12827=PLANE('',#12826);
#12828=ORIENTED_EDGE('',*,*,#12446,.F.);
#12830=ORIENTED_EDGE('',*,*,#12829,.T.);
#12831=ORIENTED_EDGE('',*,*,#12583,.T.);
#12832=ORIENTED_EDGE('',*,*,#9983,.F.);
#12833=EDGE_LOOP('',(#12828,#12830,#12831,#12832));
#12834=FACE_OUTER_BOUND('',#12833,.F.);
#12836=CARTESIAN_POINT('',(-2.03E0,1.015E0,-4.894899435359E0));
#12837=DIRECTION('',(0.E0,-6.813710873348E-1,-7.319381403809E-1));
#12838=DIRECTION('',(0.E0,7.319381403809E-1,-6.813710873348E-1));
#12839=AXIS2_PLACEMENT_3D('',#12836,#12837,#12838);
#12840=PLANE('',#12839);
#12841=ORIENTED_EDGE('',*,*,#12407,.F.);
#12842=ORIENTED_EDGE('',*,*,#9906,.T.);
#12843=ORIENTED_EDGE('',*,*,#12568,.T.);
#12844=ORIENTED_EDGE('',*,*,#12816,.F.);
#12845=EDGE_LOOP('',(#12841,#12842,#12843,#12844));
#12846=FACE_OUTER_BOUND('',#12845,.F.);
#12848=CARTESIAN_POINT('',(-2.03E0,-5.250172991923E-1,-4.95E0));
#12849=DIRECTION('',(0.E0,3.575630611351E-2,-9.993605388313E-1));
#12850=DIRECTION('',(0.E0,9.993605388313E-1,3.575630611351E-2));
#12851=AXIS2_PLACEMENT_3D('',#12848,#12849,#12850);
#12852=PLANE('',#12851);
#12853=ORIENTED_EDGE('',*,*,#12444,.F.);
#12855=ORIENTED_EDGE('',*,*,#12854,.T.);
#12856=ORIENTED_EDGE('',*,*,#12585,.T.);
#12857=ORIENTED_EDGE('',*,*,#12829,.F.);
#12858=EDGE_LOOP('',(#12853,#12855,#12856,#12857));
#12859=FACE_OUTER_BOUND('',#12858,.F.);
#12861=CARTESIAN_POINT('',(-2.03E0,-5.303807451093E-1,-4.800095919175E0));
#12862=DIRECTION('',(1.E0,0.E0,0.E0));
#12863=DIRECTION('',(0.E0,1.E0,0.E0));
#12864=AXIS2_PLACEMENT_3D('',#12861,#12862,#12863);
#12865=CYLINDRICAL_SURFACE('',#12864,1.5E-1);
#12866=ORIENTED_EDGE('',*,*,#12442,.F.);
#12868=ORIENTED_EDGE('',*,*,#12867,.T.);
#12869=ORIENTED_EDGE('',*,*,#12587,.T.);
#12870=ORIENTED_EDGE('',*,*,#12854,.F.);
#12871=EDGE_LOOP('',(#12866,#12868,#12869,#12870));
#12872=FACE_OUTER_BOUND('',#12871,.F.);
#12874=CARTESIAN_POINT('',(-2.03E0,-6.915919388160E-1,-4.786021278015E0));
#12875=DIRECTION('',(0.E0,-9.560537412267E-1,-2.931914799010E-1));
#12876=DIRECTION('',(0.E0,2.931914799010E-1,-9.560537412267E-1));
#12877=AXIS2_PLACEMENT_3D('',#12874,#12875,#12876);
#12878=PLANE('',#12877);
#12879=ORIENTED_EDGE('',*,*,#12440,.F.);
#12881=ORIENTED_EDGE('',*,*,#12880,.T.);
#12882=ORIENTED_EDGE('',*,*,#12589,.T.);
#12883=ORIENTED_EDGE('',*,*,#12867,.F.);
#12884=EDGE_LOOP('',(#12879,#12881,#12882,#12883));
#12885=FACE_OUTER_BOUND('',#12884,.F.);
#12887=CARTESIAN_POINT('',(-2.03E0,-8.35E-1,-4.83E0));
#12888=DIRECTION('',(1.E0,0.E0,0.E0));
#12889=DIRECTION('',(0.E0,1.E0,0.E0));
#12890=AXIS2_PLACEMENT_3D('',#12887,#12888,#12889);
#12891=CYLINDRICAL_SURFACE('',#12890,1.5E-1);
#12892=ORIENTED_EDGE('',*,*,#12438,.F.);
#12894=ORIENTED_EDGE('',*,*,#12893,.T.);
#12895=ORIENTED_EDGE('',*,*,#12591,.T.);
#12896=ORIENTED_EDGE('',*,*,#12880,.F.);
#12897=EDGE_LOOP('',(#12892,#12894,#12895,#12896));
#12898=FACE_OUTER_BOUND('',#12897,.F.);
#12900=CARTESIAN_POINT('',(-2.03E0,-9.926555044066E-1,-4.838822856765E0));
#12901=DIRECTION('',(0.E0,9.659258262893E-1,-2.588190451016E-1));
#12902=DIRECTION('',(0.E0,2.588190451016E-1,9.659258262893E-1));
#12903=AXIS2_PLACEMENT_3D('',#12900,#12901,#12902);
#12904=PLANE('',#12903);
#12905=ORIENTED_EDGE('',*,*,#12436,.F.);
#12907=ORIENTED_EDGE('',*,*,#12906,.T.);
#12908=ORIENTED_EDGE('',*,*,#12593,.T.);
#12909=ORIENTED_EDGE('',*,*,#12893,.F.);
#12910=EDGE_LOOP('',(#12905,#12907,#12908,#12909));
#12911=FACE_OUTER_BOUND('',#12910,.F.);
#12913=CARTESIAN_POINT('',(-2.03E0,-1.137544378350E0,-4.8E0));
#12914=DIRECTION('',(1.E0,0.E0,0.E0));
#12915=DIRECTION('',(0.E0,1.E0,0.E0));
#12916=AXIS2_PLACEMENT_3D('',#12913,#12914,#12915);
#12917=CYLINDRICAL_SURFACE('',#12916,1.5E-1);
#12918=ORIENTED_EDGE('',*,*,#12434,.F.);
#12919=ORIENTED_EDGE('',*,*,#11144,.T.);
#12920=ORIENTED_EDGE('',*,*,#12595,.T.);
#12921=ORIENTED_EDGE('',*,*,#12906,.F.);
#12922=EDGE_LOOP('',(#12918,#12919,#12920,#12921));
#12923=FACE_OUTER_BOUND('',#12922,.F.);
#12925=CARTESIAN_POINT('',(-2.03E0,-6.05E-1,-4.04E0));
#12926=DIRECTION('',(1.E0,0.E0,0.E0));
#12927=DIRECTION('',(0.E0,1.E0,0.E0));
#12928=AXIS2_PLACEMENT_3D('',#12925,#12926,#12927);
#12929=CYLINDRICAL_SURFACE('',#12928,1.5E-1);
#12930=ORIENTED_EDGE('',*,*,#12431,.F.);
#12931=ORIENTED_EDGE('',*,*,#12740,.T.);
#12932=ORIENTED_EDGE('',*,*,#12598,.T.);
#12933=ORIENTED_EDGE('',*,*,#11140,.F.);
#12934=EDGE_LOOP('',(#12930,#12931,#12932,#12933));
#12935=FACE_OUTER_BOUND('',#12934,.F.);
#12937=CARTESIAN_POINT('',(-3.3E0,-7.5E-1,0.E0));
#12938=DIRECTION('',(1.E0,0.E0,0.E0));
#12939=DIRECTION('',(0.E0,1.E0,0.E0));
#12940=AXIS2_PLACEMENT_3D('',#12937,#12938,#12939);
#12941=PLANE('',#12940);
#12943=ORIENTED_EDGE('',*,*,#12942,.T.);
#12944=ORIENTED_EDGE('',*,*,#9463,.F.);
#12945=ORIENTED_EDGE('',*,*,#9849,.F.);
#12947=ORIENTED_EDGE('',*,*,#12946,.T.);
#12949=ORIENTED_EDGE('',*,*,#12948,.T.);
#12951=ORIENTED_EDGE('',*,*,#12950,.T.);
#12953=ORIENTED_EDGE('',*,*,#12952,.T.);
#12955=ORIENTED_EDGE('',*,*,#12954,.T.);
#12957=ORIENTED_EDGE('',*,*,#12956,.T.);
#12959=ORIENTED_EDGE('',*,*,#12958,.T.);
#12961=ORIENTED_EDGE('',*,*,#12960,.T.);
#12962=EDGE_LOOP('',(#12943,#12944,#12945,#12947,#12949,#12951,#12953,#12955,
#12957,#12959,#12961));
#12963=FACE_OUTER_BOUND('',#12962,.F.);
#12965=CARTESIAN_POINT('',(-3.3E0,-7.5E-1,0.E0));
#12966=DIRECTION('',(1.E0,0.E0,0.E0));
#12967=DIRECTION('',(0.E0,1.E0,0.E0));
#12968=AXIS2_PLACEMENT_3D('',#12965,#12966,#12967);
#12969=PLANE('',#12968);
#12971=ORIENTED_EDGE('',*,*,#12970,.T.);
#12973=ORIENTED_EDGE('',*,*,#12972,.T.);
#12974=ORIENTED_EDGE('',*,*,#10890,.F.);
#12975=ORIENTED_EDGE('',*,*,#9579,.F.);
#12976=EDGE_LOOP('',(#12971,#12973,#12974,#12975));
#12977=FACE_OUTER_BOUND('',#12976,.F.);
#12979=CARTESIAN_POINT('',(-3.3E0,-7.5E-1,0.E0));
#12980=DIRECTION('',(1.E0,0.E0,0.E0));
#12981=DIRECTION('',(0.E0,1.E0,0.E0));
#12982=AXIS2_PLACEMENT_3D('',#12979,#12980,#12981);
#12983=PLANE('',#12982);
#12985=ORIENTED_EDGE('',*,*,#12984,.T.);
#12987=ORIENTED_EDGE('',*,*,#12986,.T.);
#12988=ORIENTED_EDGE('',*,*,#11083,.F.);
#12989=ORIENTED_EDGE('',*,*,#11041,.F.);
#12990=ORIENTED_EDGE('',*,*,#10970,.F.);
#12992=ORIENTED_EDGE('',*,*,#12991,.T.);
#12994=ORIENTED_EDGE('',*,*,#12993,.T.);
#12996=ORIENTED_EDGE('',*,*,#12995,.T.);
#12998=ORIENTED_EDGE('',*,*,#12997,.T.);
#13000=ORIENTED_EDGE('',*,*,#12999,.T.);
#13002=ORIENTED_EDGE('',*,*,#13001,.T.);
#13004=ORIENTED_EDGE('',*,*,#13003,.T.);
#13006=ORIENTED_EDGE('',*,*,#13005,.T.);
#13008=ORIENTED_EDGE('',*,*,#13007,.T.);
#13010=ORIENTED_EDGE('',*,*,#13009,.T.);
#13012=ORIENTED_EDGE('',*,*,#13011,.T.);
#13014=ORIENTED_EDGE('',*,*,#13013,.T.);
#13016=ORIENTED_EDGE('',*,*,#13015,.T.);
#13018=ORIENTED_EDGE('',*,*,#13017,.T.);
#13019=ORIENTED_EDGE('',*,*,#9991,.F.);
#13020=EDGE_LOOP('',(#12985,#12987,#12988,#12989,#12990,#12992,#12994,#12996,
#12998,#13000,#13002,#13004,#13006,#13008,#13010,#13012,#13014,#13016,#13018,
#13019));
#13021=FACE_OUTER_BOUND('',#13020,.F.);
#13023=CARTESIAN_POINT('',(-3.3E0,2.29E0,-3.24E0));
#13024=DIRECTION('',(1.E0,0.E0,0.E0));
#13025=DIRECTION('',(0.E0,1.E0,0.E0));
#13026=AXIS2_PLACEMENT_3D('',#13023,#13024,#13025);
#13027=CYLINDRICAL_SURFACE('',#13026,5.E-1);
#13028=ORIENTED_EDGE('',*,*,#12942,.F.);
#13030=ORIENTED_EDGE('',*,*,#13029,.T.);
#13032=ORIENTED_EDGE('',*,*,#13031,.T.);
#13033=ORIENTED_EDGE('',*,*,#9465,.F.);
#13034=EDGE_LOOP('',(#13028,#13030,#13032,#13033));
#13035=FACE_OUTER_BOUND('',#13034,.F.);
#13037=CARTESIAN_POINT('',(-3.3E0,2.66E0,-4.317106781187E0));
#13038=DIRECTION('',(0.E0,7.071067811865E-1,7.071067811865E-1));
#13039=DIRECTION('',(0.E0,-7.071067811865E-1,7.071067811865E-1));
#13040=AXIS2_PLACEMENT_3D('',#13037,#13038,#13039);
#13041=PLANE('',#13040);
#13042=ORIENTED_EDGE('',*,*,#12960,.F.);
#13044=ORIENTED_EDGE('',*,*,#13043,.T.);
#13046=ORIENTED_EDGE('',*,*,#13045,.T.);
#13047=ORIENTED_EDGE('',*,*,#13029,.F.);
#13048=EDGE_LOOP('',(#13042,#13044,#13046,#13047));
#13049=FACE_OUTER_BOUND('',#13048,.F.);
#13051=CARTESIAN_POINT('',(-3.3E0,2.66E0,-4.85E0));
#13052=DIRECTION('',(0.E0,1.E0,0.E0));
#13053=DIRECTION('',(0.E0,0.E0,1.E0));
#13054=AXIS2_PLACEMENT_3D('',#13051,#13052,#13053);
#13055=PLANE('',#13054);
#13056=ORIENTED_EDGE('',*,*,#12958,.F.);
#13058=ORIENTED_EDGE('',*,*,#13057,.T.);
#13060=ORIENTED_EDGE('',*,*,#13059,.T.);
#13061=ORIENTED_EDGE('',*,*,#13043,.F.);
#13062=EDGE_LOOP('',(#13056,#13058,#13060,#13061));
#13063=FACE_OUTER_BOUND('',#13062,.F.);
#13065=CARTESIAN_POINT('',(-3.3E0,2.06E0,-4.85E0));
#13066=DIRECTION('',(0.E0,0.E0,-1.E0));
#13067=DIRECTION('',(0.E0,1.E0,0.E0));
#13068=AXIS2_PLACEMENT_3D('',#13065,#13066,#13067);
#13069=PLANE('',#13068);
#13070=ORIENTED_EDGE('',*,*,#12956,.F.);
#13072=ORIENTED_EDGE('',*,*,#13071,.T.);
#13074=ORIENTED_EDGE('',*,*,#13073,.T.);
#13075=ORIENTED_EDGE('',*,*,#13057,.F.);
#13076=EDGE_LOOP('',(#13070,#13072,#13074,#13075));
#13077=FACE_OUTER_BOUND('',#13076,.F.);
#13079=CARTESIAN_POINT('',(-3.3E0,2.06E0,-4.8E0));
#13080=DIRECTION('',(0.E0,-1.E0,0.E0));
#13081=DIRECTION('',(0.E0,0.E0,-1.E0));
#13082=AXIS2_PLACEMENT_3D('',#13079,#13080,#13081);
#13083=PLANE('',#13082);
#13084=ORIENTED_EDGE('',*,*,#12954,.F.);
#13086=ORIENTED_EDGE('',*,*,#13085,.T.);
#13088=ORIENTED_EDGE('',*,*,#13087,.T.);
#13089=ORIENTED_EDGE('',*,*,#13071,.F.);
#13090=EDGE_LOOP('',(#13084,#13086,#13088,#13089));
#13091=FACE_OUTER_BOUND('',#13090,.F.);
#13093=CARTESIAN_POINT('',(-3.3E0,1.91E0,-4.8E0));
#13094=DIRECTION('',(1.E0,0.E0,0.E0));
#13095=DIRECTION('',(0.E0,1.E0,0.E0));
#13096=AXIS2_PLACEMENT_3D('',#13093,#13094,#13095);
#13097=CYLINDRICAL_SURFACE('',#13096,1.5E-1);
#13098=ORIENTED_EDGE('',*,*,#12952,.F.);
#13100=ORIENTED_EDGE('',*,*,#13099,.T.);
#13102=ORIENTED_EDGE('',*,*,#13101,.T.);
#13103=ORIENTED_EDGE('',*,*,#13085,.F.);
#13104=EDGE_LOOP('',(#13098,#13100,#13102,#13103));
#13105=FACE_OUTER_BOUND('',#13104,.F.);
#13107=CARTESIAN_POINT('',(-3.3E0,1.744306019820E0,-4.838822856765E0));
#13108=DIRECTION('',(0.E0,9.659258262889E-1,-2.588190451033E-1));
#13109=DIRECTION('',(0.E0,2.588190451033E-1,9.659258262889E-1));
#13110=AXIS2_PLACEMENT_3D('',#13107,#13108,#13109);
#13111=PLANE('',#13110);
#13112=ORIENTED_EDGE('',*,*,#12950,.F.);
#13114=ORIENTED_EDGE('',*,*,#13113,.T.);
#13116=ORIENTED_EDGE('',*,*,#13115,.T.);
#13117=ORIENTED_EDGE('',*,*,#13099,.F.);
#13118=EDGE_LOOP('',(#13112,#13114,#13116,#13117));
#13119=FACE_OUTER_BOUND('',#13118,.F.);
#13121=CARTESIAN_POINT('',(-3.3E0,1.599417145877E0,-4.8E0));
#13122=DIRECTION('',(1.E0,0.E0,0.E0));
#13123=DIRECTION('',(0.E0,1.E0,0.E0));
#13124=AXIS2_PLACEMENT_3D('',#13121,#13122,#13123);
#13125=CYLINDRICAL_SURFACE('',#13124,1.5E-1);
#13126=ORIENTED_EDGE('',*,*,#12948,.F.);
#13128=ORIENTED_EDGE('',*,*,#13127,.T.);
#13130=ORIENTED_EDGE('',*,*,#13129,.T.);
#13131=ORIENTED_EDGE('',*,*,#13113,.F.);
#13132=EDGE_LOOP('',(#13126,#13128,#13130,#13131));
#13133=FACE_OUTER_BOUND('',#13132,.F.);
#13135=CARTESIAN_POINT('',(-3.3E0,1.142544378350E0,-4.95E0));
#13136=DIRECTION('',(0.E0,0.E0,-1.E0));
#13137=DIRECTION('',(0.E0,1.E0,0.E0));
#13138=AXIS2_PLACEMENT_3D('',#13135,#13136,#13137);
#13139=PLANE('',#13138);
#13140=ORIENTED_EDGE('',*,*,#12946,.F.);
#13141=ORIENTED_EDGE('',*,*,#9847,.T.);
#13143=ORIENTED_EDGE('',*,*,#13142,.T.);
#13144=ORIENTED_EDGE('',*,*,#13127,.F.);
#13145=EDGE_LOOP('',(#13140,#13141,#13143,#13144));
#13146=FACE_OUTER_BOUND('',#13145,.F.);
#13148=CARTESIAN_POINT('',(-3.05E0,-7.5E-1,0.E0));
#13149=DIRECTION('',(1.E0,0.E0,0.E0));
#13150=DIRECTION('',(0.E0,1.E0,0.E0));
#13151=AXIS2_PLACEMENT_3D('',#13148,#13149,#13150);
#13152=PLANE('',#13151);
#13153=ORIENTED_EDGE('',*,*,#13031,.F.);
#13154=ORIENTED_EDGE('',*,*,#13045,.F.);
#13155=ORIENTED_EDGE('',*,*,#13059,.F.);
#13156=ORIENTED_EDGE('',*,*,#13073,.F.);
#13157=ORIENTED_EDGE('',*,*,#13087,.F.);
#13158=ORIENTED_EDGE('',*,*,#13101,.F.);
#13159=ORIENTED_EDGE('',*,*,#13115,.F.);
#13160=ORIENTED_EDGE('',*,*,#13129,.F.);
#13161=ORIENTED_EDGE('',*,*,#13142,.F.);
#13162=ORIENTED_EDGE('',*,*,#9845,.T.);
#13163=ORIENTED_EDGE('',*,*,#9467,.T.);
#13164=EDGE_LOOP('',(#13153,#13154,#13155,#13156,#13157,#13158,#13159,#13160,
#13161,#13162,#13163));
#13165=FACE_OUTER_BOUND('',#13164,.F.);
#13167=CARTESIAN_POINT('',(-3.05E0,-7.5E-1,0.E0));
#13168=DIRECTION('',(1.E0,0.E0,0.E0));
#13169=DIRECTION('',(0.E0,1.E0,0.E0));
#13170=AXIS2_PLACEMENT_3D('',#13167,#13168,#13169);
#13171=PLANE('',#13170);
#13173=ORIENTED_EDGE('',*,*,#13172,.F.);
#13174=ORIENTED_EDGE('',*,*,#9575,.T.);
#13175=ORIENTED_EDGE('',*,*,#10894,.T.);
#13177=ORIENTED_EDGE('',*,*,#13176,.F.);
#13178=EDGE_LOOP('',(#13173,#13174,#13175,#13177));
#13179=FACE_OUTER_BOUND('',#13178,.F.);
#13181=CARTESIAN_POINT('',(-3.05E0,-7.5E-1,0.E0));
#13182=DIRECTION('',(1.E0,0.E0,0.E0));
#13183=DIRECTION('',(0.E0,1.E0,0.E0));
#13184=AXIS2_PLACEMENT_3D('',#13181,#13182,#13183);
#13185=PLANE('',#13184);
#13187=ORIENTED_EDGE('',*,*,#13186,.F.);
#13188=ORIENTED_EDGE('',*,*,#9995,.T.);
#13190=ORIENTED_EDGE('',*,*,#13189,.F.);
#13192=ORIENTED_EDGE('',*,*,#13191,.F.);
#13194=ORIENTED_EDGE('',*,*,#13193,.F.);
#13196=ORIENTED_EDGE('',*,*,#13195,.F.);
#13198=ORIENTED_EDGE('',*,*,#13197,.F.);
#13200=ORIENTED_EDGE('',*,*,#13199,.F.);
#13202=ORIENTED_EDGE('',*,*,#13201,.F.);
#13204=ORIENTED_EDGE('',*,*,#13203,.F.);
#13206=ORIENTED_EDGE('',*,*,#13205,.F.);
#13208=ORIENTED_EDGE('',*,*,#13207,.F.);
#13210=ORIENTED_EDGE('',*,*,#13209,.F.);
#13212=ORIENTED_EDGE('',*,*,#13211,.F.);
#13214=ORIENTED_EDGE('',*,*,#13213,.F.);
#13216=ORIENTED_EDGE('',*,*,#13215,.F.);
#13217=ORIENTED_EDGE('',*,*,#10966,.T.);
#13218=ORIENTED_EDGE('',*,*,#11055,.T.);
#13219=ORIENTED_EDGE('',*,*,#11087,.T.);
#13221=ORIENTED_EDGE('',*,*,#13220,.F.);
#13222=EDGE_LOOP('',(#13187,#13188,#13190,#13192,#13194,#13196,#13198,#13200,
#13202,#13204,#13206,#13208,#13210,#13212,#13214,#13216,#13217,#13218,#13219,
#13221));
#13223=FACE_OUTER_BOUND('',#13222,.F.);
#13225=CARTESIAN_POINT('',(-3.3E0,-1.61E0,-3.35E0));
#13226=DIRECTION('',(0.E0,-1.E0,0.E0));
#13227=DIRECTION('',(0.E0,0.E0,-1.E0));
#13228=AXIS2_PLACEMENT_3D('',#13225,#13226,#13227);
#13229=PLANE('',#13228);
#13230=ORIENTED_EDGE('',*,*,#12970,.F.);
#13231=ORIENTED_EDGE('',*,*,#9577,.T.);
#13232=ORIENTED_EDGE('',*,*,#13172,.T.);
#13234=ORIENTED_EDGE('',*,*,#13233,.F.);
#13235=EDGE_LOOP('',(#13230,#13231,#13232,#13234));
#13236=FACE_OUTER_BOUND('',#13235,.F.);
#13238=CARTESIAN_POINT('',(-3.3E0,-1.61E0,-3.55E0));
#13239=DIRECTION('',(0.E0,-7.071067811865E-1,-7.071067811865E-1));
#13240=DIRECTION('',(0.E0,7.071067811865E-1,-7.071067811865E-1));
#13241=AXIS2_PLACEMENT_3D('',#13238,#13239,#13240);
#13242=PLANE('',#13241);
#13243=ORIENTED_EDGE('',*,*,#12972,.F.);
#13244=ORIENTED_EDGE('',*,*,#13233,.T.);
#13245=ORIENTED_EDGE('',*,*,#13176,.T.);
#13246=ORIENTED_EDGE('',*,*,#10892,.F.);
#13247=EDGE_LOOP('',(#13243,#13244,#13245,#13246));
#13248=FACE_OUTER_BOUND('',#13247,.F.);
#13250=CARTESIAN_POINT('',(-3.3E0,6.1E-1,-4.04E0));
#13251=DIRECTION('',(1.E0,0.E0,0.E0));
#13252=DIRECTION('',(0.E0,1.E0,0.E0));
#13253=AXIS2_PLACEMENT_3D('',#13250,#13251,#13252);
#13254=CYLINDRICAL_SURFACE('',#13253,1.5E-1);
#13255=ORIENTED_EDGE('',*,*,#12984,.F.);
#13256=ORIENTED_EDGE('',*,*,#9997,.T.);
#13257=ORIENTED_EDGE('',*,*,#13186,.T.);
#13259=ORIENTED_EDGE('',*,*,#13258,.F.);
#13260=EDGE_LOOP('',(#13255,#13256,#13257,#13259));
#13261=FACE_OUTER_BOUND('',#13260,.F.);
#13263=CARTESIAN_POINT('',(-3.3E0,6.177825652032E-1,-4.189797969542E0));
#13264=DIRECTION('',(0.E0,-5.188376802131E-2,9.986531302789E-1));
#13265=DIRECTION('',(0.E0,-9.986531302789E-1,-5.188376802131E-2));
#13266=AXIS2_PLACEMENT_3D('',#13263,#13264,#13265);
#13267=PLANE('',#13266);
#13268=ORIENTED_EDGE('',*,*,#12986,.F.);
#13269=ORIENTED_EDGE('',*,*,#13258,.T.);
#13270=ORIENTED_EDGE('',*,*,#13220,.T.);
#13271=ORIENTED_EDGE('',*,*,#11085,.F.);
#13272=EDGE_LOOP('',(#13268,#13269,#13270,#13271));
#13273=FACE_OUTER_BOUND('',#13272,.F.);
#13275=CARTESIAN_POINT('',(-3.3E0,6.177825652032E-1,-4.189797969542E0));
#13276=DIRECTION('',(0.E0,-5.188376802131E-2,9.986531302789E-1));
#13277=DIRECTION('',(0.E0,-9.986531302789E-1,-5.188376802131E-2));
#13278=AXIS2_PLACEMENT_3D('',#13275,#13276,#13277);
#13279=PLANE('',#13278);
#13280=ORIENTED_EDGE('',*,*,#12991,.F.);
#13281=ORIENTED_EDGE('',*,*,#10968,.T.);
#13282=ORIENTED_EDGE('',*,*,#13215,.T.);
#13284=ORIENTED_EDGE('',*,*,#13283,.F.);
#13285=EDGE_LOOP('',(#13280,#13281,#13282,#13284));
#13286=FACE_OUTER_BOUND('',#13285,.F.);
#13288=CARTESIAN_POINT('',(-3.3E0,-2.828082538003E0,-4.365955705014E0));
#13289=DIRECTION('',(1.E0,0.E0,0.E0));
#13290=DIRECTION('',(0.E0,1.E0,0.E0));
#13291=AXIS2_PLACEMENT_3D('',#13288,#13289,#13290);
#13292=CYLINDRICAL_SURFACE('',#13291,1.5E-1);
#13293=ORIENTED_EDGE('',*,*,#12993,.F.);
#13294=ORIENTED_EDGE('',*,*,#13283,.T.);
#13295=ORIENTED_EDGE('',*,*,#13213,.T.);
#13297=ORIENTED_EDGE('',*,*,#13296,.F.);
#13298=EDGE_LOOP('',(#13293,#13294,#13295,#13297));
#13299=FACE_OUTER_BOUND('',#13298,.F.);
#13301=CARTESIAN_POINT('',(-3.3E0,-2.820299972800E0,-4.515753674556E0));
#13302=DIRECTION('',(0.E0,-5.188376802131E-2,9.986531302789E-1));
#13303=DIRECTION('',(0.E0,-9.986531302789E-1,-5.188376802131E-2));
#13304=AXIS2_PLACEMENT_3D('',#13301,#13302,#13303);
#13305=PLANE('',#13304);
#13306=ORIENTED_EDGE('',*,*,#12995,.F.);
#13307=ORIENTED_EDGE('',*,*,#13296,.T.);
#13308=ORIENTED_EDGE('',*,*,#13211,.T.);
#13310=ORIENTED_EDGE('',*,*,#13309,.F.);
#13311=EDGE_LOOP('',(#13306,#13307,#13308,#13310));
#13312=FACE_OUTER_BOUND('',#13311,.F.);
#13314=CARTESIAN_POINT('',(-3.3E0,-3.288337590747E0,-4.690272283581E0));
#13315=DIRECTION('',(1.E0,0.E0,0.E0));
#13316=DIRECTION('',(0.E0,1.E0,0.E0));
#13317=AXIS2_PLACEMENT_3D('',#13314,#13315,#13316);
#13318=CYLINDRICAL_SURFACE('',#13317,1.5E-1);
#13319=ORIENTED_EDGE('',*,*,#12997,.F.);
#13320=ORIENTED_EDGE('',*,*,#13309,.T.);
#13321=ORIENTED_EDGE('',*,*,#13209,.T.);
#13323=ORIENTED_EDGE('',*,*,#13322,.F.);
#13324=EDGE_LOOP('',(#13319,#13320,#13321,#13323));
#13325=FACE_OUTER_BOUND('',#13324,.F.);
#13327=CARTESIAN_POINT('',(-3.3E0,-3.438243829040E0,-4.684969480476E0));
#13328=DIRECTION('',(0.E0,-9.993749219550E-1,3.535202069687E-2));
#13329=DIRECTION('',(0.E0,-3.535202069687E-2,-9.993749219550E-1));
#13330=AXIS2_PLACEMENT_3D('',#13327,#13328,#13329);
#13331=PLANE('',#13330);
#13332=ORIENTED_EDGE('',*,*,#12999,.F.);
#13333=ORIENTED_EDGE('',*,*,#13322,.T.);
#13334=ORIENTED_EDGE('',*,*,#13207,.T.);
#13336=ORIENTED_EDGE('',*,*,#13335,.F.);
#13337=EDGE_LOOP('',(#13332,#13333,#13334,#13336));
#13338=FACE_OUTER_BOUND('',#13337,.F.);
#13340=CARTESIAN_POINT('',(-3.3E0,-3.304306767599E0,-5.141708850892E0));
#13341=DIRECTION('',(1.E0,0.E0,0.E0));
#13342=DIRECTION('',(0.E0,1.E0,0.E0));
#13343=AXIS2_PLACEMENT_3D('',#13340,#13341,#13342);
#13344=CYLINDRICAL_SURFACE('',#13343,1.5E-1);
#13345=ORIENTED_EDGE('',*,*,#13001,.F.);
#13346=ORIENTED_EDGE('',*,*,#13335,.T.);
#13347=ORIENTED_EDGE('',*,*,#13205,.T.);
#13349=ORIENTED_EDGE('',*,*,#13348,.F.);
#13350=EDGE_LOOP('',(#13345,#13346,#13347,#13349));
#13351=FACE_OUTER_BOUND('',#13350,.F.);
#13353=CARTESIAN_POINT('',(-3.3E0,-3.296524202396E0,-5.291506820434E0));
#13354=DIRECTION('',(0.E0,5.188376802132E-2,-9.986531302789E-1));
#13355=DIRECTION('',(0.E0,9.986531302789E-1,5.188376802132E-2));
#13356=AXIS2_PLACEMENT_3D('',#13353,#13354,#13355);
#13357=PLANE('',#13356);
#13358=ORIENTED_EDGE('',*,*,#13003,.F.);
#13359=ORIENTED_EDGE('',*,*,#13348,.T.);
#13360=ORIENTED_EDGE('',*,*,#13203,.T.);
#13362=ORIENTED_EDGE('',*,*,#13361,.F.);
#13363=EDGE_LOOP('',(#13358,#13359,#13360,#13362));
#13364=FACE_OUTER_BOUND('',#13363,.F.);
#13366=CARTESIAN_POINT('',(-3.3E0,-1.325094247350E0,-5.189083655316E0));
#13367=DIRECTION('',(0.E0,6.816671306988E-1,-7.316624378256E-1));
#13368=DIRECTION('',(0.E0,7.316624378256E-1,6.816671306988E-1));
#13369=AXIS2_PLACEMENT_3D('',#13366,#13367,#13368);
#13370=PLANE('',#13369);
#13371=ORIENTED_EDGE('',*,*,#13005,.F.);
#13372=ORIENTED_EDGE('',*,*,#13361,.T.);
#13373=ORIENTED_EDGE('',*,*,#13201,.T.);
#13375=ORIENTED_EDGE('',*,*,#13374,.F.);
#13376=EDGE_LOOP('',(#13371,#13372,#13373,#13375));
#13377=FACE_OUTER_BOUND('',#13376,.F.);
#13379=CARTESIAN_POINT('',(-3.3E0,-1.01E0,-4.895520147902E0));
#13380=DIRECTION('',(0.E0,-3.535202069687E-2,-9.993749219550E-1));
#13381=DIRECTION('',(0.E0,9.993749219550E-1,-3.535202069687E-2));
#13382=AXIS2_PLACEMENT_3D('',#13379,#13380,#13381);
#13383=PLANE('',#13382);
#13384=ORIENTED_EDGE('',*,*,#13007,.F.);
#13385=ORIENTED_EDGE('',*,*,#13374,.T.);
#13386=ORIENTED_EDGE('',*,*,#13199,.T.);
#13388=ORIENTED_EDGE('',*,*,#13387,.F.);
#13389=EDGE_LOOP('',(#13384,#13385,#13386,#13388));
#13390=FACE_OUTER_BOUND('',#13389,.F.);
#13392=CARTESIAN_POINT('',(-3.3E0,5.354070705563E-1,-4.800093761707E0));
#13393=DIRECTION('',(1.E0,0.E0,0.E0));
#13394=DIRECTION('',(0.E0,1.E0,0.E0));
#13395=AXIS2_PLACEMENT_3D('',#13392,#13393,#13394);
#13396=CYLINDRICAL_SURFACE('',#13395,1.5E-1);
#13397=ORIENTED_EDGE('',*,*,#13009,.F.);
#13398=ORIENTED_EDGE('',*,*,#13387,.T.);
#13399=ORIENTED_EDGE('',*,*,#13197,.T.);
#13401=ORIENTED_EDGE('',*,*,#13400,.F.);
#13402=EDGE_LOOP('',(#13397,#13398,#13399,#13401));
#13403=FACE_OUTER_BOUND('',#13402,.F.);
#13405=CARTESIAN_POINT('',(-3.3E0,6.788329112097E-1,-4.844014465627E0));
#13406=DIRECTION('',(0.E0,9.561722710226E-1,-2.928046928029E-1));
#13407=DIRECTION('',(0.E0,2.928046928029E-1,9.561722710226E-1));
#13408=AXIS2_PLACEMENT_3D('',#13405,#13406,#13407);
#13409=PLANE('',#13408);
#13410=ORIENTED_EDGE('',*,*,#13011,.F.);
#13411=ORIENTED_EDGE('',*,*,#13400,.T.);
#13412=ORIENTED_EDGE('',*,*,#13195,.T.);
#13414=ORIENTED_EDGE('',*,*,#13413,.F.);
#13415=EDGE_LOOP('',(#13410,#13411,#13412,#13414));
#13416=FACE_OUTER_BOUND('',#13415,.F.);
#13418=CARTESIAN_POINT('',(-3.3E0,8.4E-1,-4.83E0));
#13419=DIRECTION('',(1.E0,0.E0,0.E0));
#13420=DIRECTION('',(0.E0,1.E0,0.E0));
#13421=AXIS2_PLACEMENT_3D('',#13418,#13419,#13420);
#13422=CYLINDRICAL_SURFACE('',#13421,1.5E-1);
#13423=ORIENTED_EDGE('',*,*,#13013,.F.);
#13424=ORIENTED_EDGE('',*,*,#13413,.T.);
#13425=ORIENTED_EDGE('',*,*,#13193,.T.);
#13427=ORIENTED_EDGE('',*,*,#13426,.F.);
#13428=EDGE_LOOP('',(#13423,#13424,#13425,#13427));
#13429=FACE_OUTER_BOUND('',#13428,.F.);
#13431=CARTESIAN_POINT('',(-3.3E0,9.848888739434E-1,-4.791177143235E0));
#13432=DIRECTION('',(0.E0,-9.659258262891E-1,-2.588190451023E-1));
#13433=DIRECTION('',(0.E0,2.588190451023E-1,-9.659258262891E-1));
#13434=AXIS2_PLACEMENT_3D('',#13431,#13432,#13433);
#13435=PLANE('',#13434);
#13436=ORIENTED_EDGE('',*,*,#13015,.F.);
#13437=ORIENTED_EDGE('',*,*,#13426,.T.);
#13438=ORIENTED_EDGE('',*,*,#13191,.T.);
#13440=ORIENTED_EDGE('',*,*,#13439,.F.);
#13441=EDGE_LOOP('',(#13436,#13437,#13438,#13440));
#13442=FACE_OUTER_BOUND('',#13441,.F.);
#13444=CARTESIAN_POINT('',(-3.3E0,1.142544378350E0,-4.8E0));
#13445=DIRECTION('',(1.E0,0.E0,0.E0));
#13446=DIRECTION('',(0.E0,1.E0,0.E0));
#13447=AXIS2_PLACEMENT_3D('',#13444,#13445,#13446);
#13448=CYLINDRICAL_SURFACE('',#13447,1.5E-1);
#13449=ORIENTED_EDGE('',*,*,#13017,.F.);
#13450=ORIENTED_EDGE('',*,*,#13439,.T.);
#13451=ORIENTED_EDGE('',*,*,#13189,.T.);
#13452=ORIENTED_EDGE('',*,*,#9993,.F.);
#13453=EDGE_LOOP('',(#13449,#13450,#13451,#13452));
#13454=FACE_OUTER_BOUND('',#13453,.F.);
#13456=CARTESIAN_POINT('',(-7.6E-1,-7.5E-1,0.E0));
#13457=DIRECTION('',(1.E0,0.E0,0.E0));
#13458=DIRECTION('',(0.E0,1.E0,0.E0));
#13459=AXIS2_PLACEMENT_3D('',#13456,#13457,#13458);
#13460=PLANE('',#13459);
#13462=ORIENTED_EDGE('',*,*,#13461,.T.);
#13463=ORIENTED_EDGE('',*,*,#9479,.F.);
#13464=ORIENTED_EDGE('',*,*,#9835,.F.);
#13466=ORIENTED_EDGE('',*,*,#13465,.T.);
#13468=ORIENTED_EDGE('',*,*,#13467,.T.);
#13470=ORIENTED_EDGE('',*,*,#13469,.T.);
#13472=ORIENTED_EDGE('',*,*,#13471,.T.);
#13474=ORIENTED_EDGE('',*,*,#13473,.T.);
#13476=ORIENTED_EDGE('',*,*,#13475,.T.);
#13478=ORIENTED_EDGE('',*,*,#13477,.T.);
#13480=ORIENTED_EDGE('',*,*,#13479,.T.);
#13481=EDGE_LOOP('',(#13462,#13463,#13464,#13466,#13468,#13470,#13472,#13474,
#13476,#13478,#13480));
#13482=FACE_OUTER_BOUND('',#13481,.F.);
#13484=CARTESIAN_POINT('',(-7.6E-1,-7.5E-1,0.E0));
#13485=DIRECTION('',(1.E0,0.E0,0.E0));
#13486=DIRECTION('',(0.E0,1.E0,0.E0));
#13487=AXIS2_PLACEMENT_3D('',#13484,#13485,#13486);
#13488=PLANE('',#13487);
#13490=ORIENTED_EDGE('',*,*,#13489,.T.);
#13492=ORIENTED_EDGE('',*,*,#13491,.T.);
#13493=ORIENTED_EDGE('',*,*,#10904,.F.);
#13494=ORIENTED_EDGE('',*,*,#9563,.F.);
#13495=EDGE_LOOP('',(#13490,#13492,#13493,#13494));
#13496=FACE_OUTER_BOUND('',#13495,.F.);
#13498=CARTESIAN_POINT('',(-7.6E-1,-7.5E-1,0.E0));
#13499=DIRECTION('',(1.E0,0.E0,0.E0));
#13500=DIRECTION('',(0.E0,1.E0,0.E0));
#13501=AXIS2_PLACEMENT_3D('',#13498,#13499,#13500);
#13502=PLANE('',#13501);
#13504=ORIENTED_EDGE('',*,*,#13503,.T.);
#13506=ORIENTED_EDGE('',*,*,#13505,.T.);
#13507=ORIENTED_EDGE('',*,*,#11090,.F.);
#13508=ORIENTED_EDGE('',*,*,#11058,.F.);
#13509=ORIENTED_EDGE('',*,*,#10962,.F.);
#13511=ORIENTED_EDGE('',*,*,#13510,.T.);
#13513=ORIENTED_EDGE('',*,*,#13512,.T.);
#13515=ORIENTED_EDGE('',*,*,#13514,.T.);
#13517=ORIENTED_EDGE('',*,*,#13516,.T.);
#13519=ORIENTED_EDGE('',*,*,#13518,.T.);
#13521=ORIENTED_EDGE('',*,*,#13520,.T.);
#13523=ORIENTED_EDGE('',*,*,#13522,.T.);
#13525=ORIENTED_EDGE('',*,*,#13524,.T.);
#13527=ORIENTED_EDGE('',*,*,#13526,.T.);
#13529=ORIENTED_EDGE('',*,*,#13528,.T.);
#13531=ORIENTED_EDGE('',*,*,#13530,.T.);
#13533=ORIENTED_EDGE('',*,*,#13532,.T.);
#13535=ORIENTED_EDGE('',*,*,#13534,.T.);
#13537=ORIENTED_EDGE('',*,*,#13536,.T.);
#13538=ORIENTED_EDGE('',*,*,#9971,.F.);
#13539=EDGE_LOOP('',(#13504,#13506,#13507,#13508,#13509,#13511,#13513,#13515,
#13517,#13519,#13521,#13523,#13525,#13527,#13529,#13531,#13533,#13535,#13537,
#13538));
#13540=FACE_OUTER_BOUND('',#13539,.F.);
#13542=CARTESIAN_POINT('',(-7.6E-1,2.29E0,-3.24E0));
#13543=DIRECTION('',(1.E0,0.E0,0.E0));
#13544=DIRECTION('',(0.E0,1.E0,0.E0));
#13545=AXIS2_PLACEMENT_3D('',#13542,#13543,#13544);
#13546=CYLINDRICAL_SURFACE('',#13545,5.E-1);
#13547=ORIENTED_EDGE('',*,*,#13461,.F.);
#13549=ORIENTED_EDGE('',*,*,#13548,.T.);
#13551=ORIENTED_EDGE('',*,*,#13550,.T.);
#13552=ORIENTED_EDGE('',*,*,#9481,.F.);
#13553=EDGE_LOOP('',(#13547,#13549,#13551,#13552));
#13554=FACE_OUTER_BOUND('',#13553,.F.);
#13556=CARTESIAN_POINT('',(-7.6E-1,2.66E0,-4.317106781187E0));
#13557=DIRECTION('',(0.E0,7.071067811865E-1,7.071067811865E-1));
#13558=DIRECTION('',(0.E0,-7.071067811865E-1,7.071067811865E-1));
#13559=AXIS2_PLACEMENT_3D('',#13556,#13557,#13558);
#13560=PLANE('',#13559);
#13561=ORIENTED_EDGE('',*,*,#13479,.F.);
#13563=ORIENTED_EDGE('',*,*,#13562,.T.);
#13565=ORIENTED_EDGE('',*,*,#13564,.T.);
#13566=ORIENTED_EDGE('',*,*,#13548,.F.);
#13567=EDGE_LOOP('',(#13561,#13563,#13565,#13566));
#13568=FACE_OUTER_BOUND('',#13567,.F.);
#13570=CARTESIAN_POINT('',(-7.6E-1,2.66E0,-4.85E0));
#13571=DIRECTION('',(0.E0,1.E0,0.E0));
#13572=DIRECTION('',(0.E0,0.E0,1.E0));
#13573=AXIS2_PLACEMENT_3D('',#13570,#13571,#13572);
#13574=PLANE('',#13573);
#13575=ORIENTED_EDGE('',*,*,#13477,.F.);
#13577=ORIENTED_EDGE('',*,*,#13576,.T.);
#13579=ORIENTED_EDGE('',*,*,#13578,.T.);
#13580=ORIENTED_EDGE('',*,*,#13562,.F.);
#13581=EDGE_LOOP('',(#13575,#13577,#13579,#13580));
#13582=FACE_OUTER_BOUND('',#13581,.F.);
#13584=CARTESIAN_POINT('',(-7.6E-1,2.06E0,-4.85E0));
#13585=DIRECTION('',(0.E0,0.E0,-1.E0));
#13586=DIRECTION('',(0.E0,1.E0,0.E0));
#13587=AXIS2_PLACEMENT_3D('',#13584,#13585,#13586);
#13588=PLANE('',#13587);
#13589=ORIENTED_EDGE('',*,*,#13475,.F.);
#13591=ORIENTED_EDGE('',*,*,#13590,.T.);
#13593=ORIENTED_EDGE('',*,*,#13592,.T.);
#13594=ORIENTED_EDGE('',*,*,#13576,.F.);
#13595=EDGE_LOOP('',(#13589,#13591,#13593,#13594));
#13596=FACE_OUTER_BOUND('',#13595,.F.);
#13598=CARTESIAN_POINT('',(-7.6E-1,2.06E0,-4.8E0));
#13599=DIRECTION('',(0.E0,-1.E0,0.E0));
#13600=DIRECTION('',(0.E0,0.E0,-1.E0));
#13601=AXIS2_PLACEMENT_3D('',#13598,#13599,#13600);
#13602=PLANE('',#13601);
#13603=ORIENTED_EDGE('',*,*,#13473,.F.);
#13605=ORIENTED_EDGE('',*,*,#13604,.T.);
#13607=ORIENTED_EDGE('',*,*,#13606,.T.);
#13608=ORIENTED_EDGE('',*,*,#13590,.F.);
#13609=EDGE_LOOP('',(#13603,#13605,#13607,#13608));
#13610=FACE_OUTER_BOUND('',#13609,.F.);
#13612=CARTESIAN_POINT('',(-7.6E-1,1.91E0,-4.8E0));
#13613=DIRECTION('',(1.E0,0.E0,0.E0));
#13614=DIRECTION('',(0.E0,1.E0,0.E0));
#13615=AXIS2_PLACEMENT_3D('',#13612,#13613,#13614);
#13616=CYLINDRICAL_SURFACE('',#13615,1.5E-1);
#13617=ORIENTED_EDGE('',*,*,#13471,.F.);
#13619=ORIENTED_EDGE('',*,*,#13618,.T.);
#13621=ORIENTED_EDGE('',*,*,#13620,.T.);
#13622=ORIENTED_EDGE('',*,*,#13604,.F.);
#13623=EDGE_LOOP('',(#13617,#13619,#13621,#13622));
#13624=FACE_OUTER_BOUND('',#13623,.F.);
#13626=CARTESIAN_POINT('',(-7.6E-1,1.744306019820E0,-4.838822856765E0));
#13627=DIRECTION('',(0.E0,9.659258262889E-1,-2.588190451033E-1));
#13628=DIRECTION('',(0.E0,2.588190451033E-1,9.659258262889E-1));
#13629=AXIS2_PLACEMENT_3D('',#13626,#13627,#13628);
#13630=PLANE('',#13629);
#13631=ORIENTED_EDGE('',*,*,#13469,.F.);
#13633=ORIENTED_EDGE('',*,*,#13632,.T.);
#13635=ORIENTED_EDGE('',*,*,#13634,.T.);
#13636=ORIENTED_EDGE('',*,*,#13618,.F.);
#13637=EDGE_LOOP('',(#13631,#13633,#13635,#13636));
#13638=FACE_OUTER_BOUND('',#13637,.F.);
#13640=CARTESIAN_POINT('',(-7.6E-1,1.599417145877E0,-4.8E0));
#13641=DIRECTION('',(1.E0,0.E0,0.E0));
#13642=DIRECTION('',(0.E0,1.E0,0.E0));
#13643=AXIS2_PLACEMENT_3D('',#13640,#13641,#13642);
#13644=CYLINDRICAL_SURFACE('',#13643,1.5E-1);
#13645=ORIENTED_EDGE('',*,*,#13467,.F.);
#13647=ORIENTED_EDGE('',*,*,#13646,.T.);
#13649=ORIENTED_EDGE('',*,*,#13648,.T.);
#13650=ORIENTED_EDGE('',*,*,#13632,.F.);
#13651=EDGE_LOOP('',(#13645,#13647,#13649,#13650));
#13652=FACE_OUTER_BOUND('',#13651,.F.);
#13654=CARTESIAN_POINT('',(-7.6E-1,1.142544378350E0,-4.95E0));
#13655=DIRECTION('',(0.E0,0.E0,-1.E0));
#13656=DIRECTION('',(0.E0,1.E0,0.E0));
#13657=AXIS2_PLACEMENT_3D('',#13654,#13655,#13656);
#13658=PLANE('',#13657);
#13659=ORIENTED_EDGE('',*,*,#13465,.F.);
#13660=ORIENTED_EDGE('',*,*,#9833,.T.);
#13662=ORIENTED_EDGE('',*,*,#13661,.T.);
#13663=ORIENTED_EDGE('',*,*,#13646,.F.);
#13664=EDGE_LOOP('',(#13659,#13660,#13662,#13663));
#13665=FACE_OUTER_BOUND('',#13664,.F.);
#13667=CARTESIAN_POINT('',(-5.1E-1,-7.5E-1,0.E0));
#13668=DIRECTION('',(1.E0,0.E0,0.E0));
#13669=DIRECTION('',(0.E0,1.E0,0.E0));
#13670=AXIS2_PLACEMENT_3D('',#13667,#13668,#13669);
#13671=PLANE('',#13670);
#13672=ORIENTED_EDGE('',*,*,#13550,.F.);
#13673=ORIENTED_EDGE('',*,*,#13564,.F.);
#13674=ORIENTED_EDGE('',*,*,#13578,.F.);
#13675=ORIENTED_EDGE('',*,*,#13592,.F.);
#13676=ORIENTED_EDGE('',*,*,#13606,.F.);
#13677=ORIENTED_EDGE('',*,*,#13620,.F.);
#13678=ORIENTED_EDGE('',*,*,#13634,.F.);
#13679=ORIENTED_EDGE('',*,*,#13648,.F.);
#13680=ORIENTED_EDGE('',*,*,#13661,.F.);
#13681=ORIENTED_EDGE('',*,*,#9831,.T.);
#13682=ORIENTED_EDGE('',*,*,#9483,.T.);
#13683=EDGE_LOOP('',(#13672,#13673,#13674,#13675,#13676,#13677,#13678,#13679,
#13680,#13681,#13682));
#13684=FACE_OUTER_BOUND('',#13683,.F.);
#13686=CARTESIAN_POINT('',(-5.1E-1,-7.5E-1,0.E0));
#13687=DIRECTION('',(1.E0,0.E0,0.E0));
#13688=DIRECTION('',(0.E0,1.E0,0.E0));
#13689=AXIS2_PLACEMENT_3D('',#13686,#13687,#13688);
#13690=PLANE('',#13689);
#13692=ORIENTED_EDGE('',*,*,#13691,.F.);
#13693=ORIENTED_EDGE('',*,*,#9559,.T.);
#13694=ORIENTED_EDGE('',*,*,#10908,.T.);
#13696=ORIENTED_EDGE('',*,*,#13695,.F.);
#13697=EDGE_LOOP('',(#13692,#13693,#13694,#13696));
#13698=FACE_OUTER_BOUND('',#13697,.F.);
#13700=CARTESIAN_POINT('',(-5.1E-1,-7.5E-1,0.E0));
#13701=DIRECTION('',(1.E0,0.E0,0.E0));
#13702=DIRECTION('',(0.E0,1.E0,0.E0));
#13703=AXIS2_PLACEMENT_3D('',#13700,#13701,#13702);
#13704=PLANE('',#13703);
#13706=ORIENTED_EDGE('',*,*,#13705,.F.);
#13707=ORIENTED_EDGE('',*,*,#9975,.T.);
#13709=ORIENTED_EDGE('',*,*,#13708,.F.);
#13711=ORIENTED_EDGE('',*,*,#13710,.F.);
#13713=ORIENTED_EDGE('',*,*,#13712,.F.);
#13715=ORIENTED_EDGE('',*,*,#13714,.F.);
#13717=ORIENTED_EDGE('',*,*,#13716,.F.);
#13719=ORIENTED_EDGE('',*,*,#13718,.F.);
#13721=ORIENTED_EDGE('',*,*,#13720,.F.);
#13723=ORIENTED_EDGE('',*,*,#13722,.F.);
#13725=ORIENTED_EDGE('',*,*,#13724,.F.);
#13727=ORIENTED_EDGE('',*,*,#13726,.F.);
#13729=ORIENTED_EDGE('',*,*,#13728,.F.);
#13731=ORIENTED_EDGE('',*,*,#13730,.F.);
#13733=ORIENTED_EDGE('',*,*,#13732,.F.);
#13735=ORIENTED_EDGE('',*,*,#13734,.F.);
#13736=ORIENTED_EDGE('',*,*,#10958,.T.);
#13737=ORIENTED_EDGE('',*,*,#11026,.T.);
#13738=ORIENTED_EDGE('',*,*,#11094,.T.);
#13740=ORIENTED_EDGE('',*,*,#13739,.F.);
#13741=EDGE_LOOP('',(#13706,#13707,#13709,#13711,#13713,#13715,#13717,#13719,
#13721,#13723,#13725,#13727,#13729,#13731,#13733,#13735,#13736,#13737,#13738,
#13740));
#13742=FACE_OUTER_BOUND('',#13741,.F.);
#13744=CARTESIAN_POINT('',(-7.6E-1,-1.61E0,-3.35E0));
#13745=DIRECTION('',(0.E0,-1.E0,0.E0));
#13746=DIRECTION('',(0.E0,0.E0,-1.E0));
#13747=AXIS2_PLACEMENT_3D('',#13744,#13745,#13746);
#13748=PLANE('',#13747);
#13749=ORIENTED_EDGE('',*,*,#13489,.F.);
#13750=ORIENTED_EDGE('',*,*,#9561,.T.);
#13751=ORIENTED_EDGE('',*,*,#13691,.T.);
#13753=ORIENTED_EDGE('',*,*,#13752,.F.);
#13754=EDGE_LOOP('',(#13749,#13750,#13751,#13753));
#13755=FACE_OUTER_BOUND('',#13754,.F.);
#13757=CARTESIAN_POINT('',(-7.6E-1,-1.61E0,-3.55E0));
#13758=DIRECTION('',(0.E0,-7.071067811865E-1,-7.071067811865E-1));
#13759=DIRECTION('',(0.E0,7.071067811865E-1,-7.071067811865E-1));
#13760=AXIS2_PLACEMENT_3D('',#13757,#13758,#13759);
#13761=PLANE('',#13760);
#13762=ORIENTED_EDGE('',*,*,#13491,.F.);
#13763=ORIENTED_EDGE('',*,*,#13752,.T.);
#13764=ORIENTED_EDGE('',*,*,#13695,.T.);
#13765=ORIENTED_EDGE('',*,*,#10906,.F.);
#13766=EDGE_LOOP('',(#13762,#13763,#13764,#13765));
#13767=FACE_OUTER_BOUND('',#13766,.F.);
#13769=CARTESIAN_POINT('',(-7.6E-1,6.1E-1,-4.04E0));
#13770=DIRECTION('',(1.E0,0.E0,0.E0));
#13771=DIRECTION('',(0.E0,1.E0,0.E0));
#13772=AXIS2_PLACEMENT_3D('',#13769,#13770,#13771);
#13773=CYLINDRICAL_SURFACE('',#13772,1.5E-1);
#13774=ORIENTED_EDGE('',*,*,#13503,.F.);
#13775=ORIENTED_EDGE('',*,*,#9977,.T.);
#13776=ORIENTED_EDGE('',*,*,#13705,.T.);
#13778=ORIENTED_EDGE('',*,*,#13777,.F.);
#13779=EDGE_LOOP('',(#13774,#13775,#13776,#13778));
#13780=FACE_OUTER_BOUND('',#13779,.F.);
#13782=CARTESIAN_POINT('',(-7.6E-1,6.177825652032E-1,-4.189797969542E0));
#13783=DIRECTION('',(0.E0,-5.188376802131E-2,9.986531302789E-1));
#13784=DIRECTION('',(0.E0,-9.986531302789E-1,-5.188376802131E-2));
#13785=AXIS2_PLACEMENT_3D('',#13782,#13783,#13784);
#13786=PLANE('',#13785);
#13787=ORIENTED_EDGE('',*,*,#13505,.F.);
#13788=ORIENTED_EDGE('',*,*,#13777,.T.);
#13789=ORIENTED_EDGE('',*,*,#13739,.T.);
#13790=ORIENTED_EDGE('',*,*,#11092,.F.);
#13791=EDGE_LOOP('',(#13787,#13788,#13789,#13790));
#13792=FACE_OUTER_BOUND('',#13791,.F.);
#13794=CARTESIAN_POINT('',(-7.6E-1,6.177825652032E-1,-4.189797969542E0));
#13795=DIRECTION('',(0.E0,-5.188376802131E-2,9.986531302789E-1));
#13796=DIRECTION('',(0.E0,-9.986531302789E-1,-5.188376802131E-2));
#13797=AXIS2_PLACEMENT_3D('',#13794,#13795,#13796);
#13798=PLANE('',#13797);
#13799=ORIENTED_EDGE('',*,*,#13510,.F.);
#13800=ORIENTED_EDGE('',*,*,#10960,.T.);
#13801=ORIENTED_EDGE('',*,*,#13734,.T.);
#13803=ORIENTED_EDGE('',*,*,#13802,.F.);
#13804=EDGE_LOOP('',(#13799,#13800,#13801,#13803));
#13805=FACE_OUTER_BOUND('',#13804,.F.);
#13807=CARTESIAN_POINT('',(-7.6E-1,-2.828082538003E0,-4.365955705014E0));
#13808=DIRECTION('',(1.E0,0.E0,0.E0));
#13809=DIRECTION('',(0.E0,1.E0,0.E0));
#13810=AXIS2_PLACEMENT_3D('',#13807,#13808,#13809);
#13811=CYLINDRICAL_SURFACE('',#13810,1.5E-1);
#13812=ORIENTED_EDGE('',*,*,#13512,.F.);
#13813=ORIENTED_EDGE('',*,*,#13802,.T.);
#13814=ORIENTED_EDGE('',*,*,#13732,.T.);
#13816=ORIENTED_EDGE('',*,*,#13815,.F.);
#13817=EDGE_LOOP('',(#13812,#13813,#13814,#13816));
#13818=FACE_OUTER_BOUND('',#13817,.F.);
#13820=CARTESIAN_POINT('',(-7.6E-1,-2.820299972800E0,-4.515753674556E0));
#13821=DIRECTION('',(0.E0,-5.188376802131E-2,9.986531302789E-1));
#13822=DIRECTION('',(0.E0,-9.986531302789E-1,-5.188376802131E-2));
#13823=AXIS2_PLACEMENT_3D('',#13820,#13821,#13822);
#13824=PLANE('',#13823);
#13825=ORIENTED_EDGE('',*,*,#13514,.F.);
#13826=ORIENTED_EDGE('',*,*,#13815,.T.);
#13827=ORIENTED_EDGE('',*,*,#13730,.T.);
#13829=ORIENTED_EDGE('',*,*,#13828,.F.);
#13830=EDGE_LOOP('',(#13825,#13826,#13827,#13829));
#13831=FACE_OUTER_BOUND('',#13830,.F.);
#13833=CARTESIAN_POINT('',(-7.6E-1,-3.288337590747E0,-4.690272283581E0));
#13834=DIRECTION('',(1.E0,0.E0,0.E0));
#13835=DIRECTION('',(0.E0,1.E0,0.E0));
#13836=AXIS2_PLACEMENT_3D('',#13833,#13834,#13835);
#13837=CYLINDRICAL_SURFACE('',#13836,1.5E-1);
#13838=ORIENTED_EDGE('',*,*,#13516,.F.);
#13839=ORIENTED_EDGE('',*,*,#13828,.T.);
#13840=ORIENTED_EDGE('',*,*,#13728,.T.);
#13842=ORIENTED_EDGE('',*,*,#13841,.F.);
#13843=EDGE_LOOP('',(#13838,#13839,#13840,#13842));
#13844=FACE_OUTER_BOUND('',#13843,.F.);
#13846=CARTESIAN_POINT('',(-7.6E-1,-3.438243829040E0,-4.684969480476E0));
#13847=DIRECTION('',(0.E0,-9.993749219550E-1,3.535202069687E-2));
#13848=DIRECTION('',(0.E0,-3.535202069687E-2,-9.993749219550E-1));
#13849=AXIS2_PLACEMENT_3D('',#13846,#13847,#13848);
#13850=PLANE('',#13849);
#13851=ORIENTED_EDGE('',*,*,#13518,.F.);
#13852=ORIENTED_EDGE('',*,*,#13841,.T.);
#13853=ORIENTED_EDGE('',*,*,#13726,.T.);
#13855=ORIENTED_EDGE('',*,*,#13854,.F.);
#13856=EDGE_LOOP('',(#13851,#13852,#13853,#13855));
#13857=FACE_OUTER_BOUND('',#13856,.F.);
#13859=CARTESIAN_POINT('',(-7.6E-1,-3.304306767599E0,-5.141708850892E0));
#13860=DIRECTION('',(1.E0,0.E0,0.E0));
#13861=DIRECTION('',(0.E0,1.E0,0.E0));
#13862=AXIS2_PLACEMENT_3D('',#13859,#13860,#13861);
#13863=CYLINDRICAL_SURFACE('',#13862,1.5E-1);
#13864=ORIENTED_EDGE('',*,*,#13520,.F.);
#13865=ORIENTED_EDGE('',*,*,#13854,.T.);
#13866=ORIENTED_EDGE('',*,*,#13724,.T.);
#13868=ORIENTED_EDGE('',*,*,#13867,.F.);
#13869=EDGE_LOOP('',(#13864,#13865,#13866,#13868));
#13870=FACE_OUTER_BOUND('',#13869,.F.);
#13872=CARTESIAN_POINT('',(-7.6E-1,-3.296524202396E0,-5.291506820434E0));
#13873=DIRECTION('',(0.E0,5.188376802132E-2,-9.986531302789E-1));
#13874=DIRECTION('',(0.E0,9.986531302789E-1,5.188376802132E-2));
#13875=AXIS2_PLACEMENT_3D('',#13872,#13873,#13874);
#13876=PLANE('',#13875);
#13877=ORIENTED_EDGE('',*,*,#13522,.F.);
#13878=ORIENTED_EDGE('',*,*,#13867,.T.);
#13879=ORIENTED_EDGE('',*,*,#13722,.T.);
#13881=ORIENTED_EDGE('',*,*,#13880,.F.);
#13882=EDGE_LOOP('',(#13877,#13878,#13879,#13881));
#13883=FACE_OUTER_BOUND('',#13882,.F.);
#13885=CARTESIAN_POINT('',(-7.6E-1,-1.325094247350E0,-5.189083655316E0));
#13886=DIRECTION('',(0.E0,6.816671306988E-1,-7.316624378256E-1));
#13887=DIRECTION('',(0.E0,7.316624378256E-1,6.816671306988E-1));
#13888=AXIS2_PLACEMENT_3D('',#13885,#13886,#13887);
#13889=PLANE('',#13888);
#13890=ORIENTED_EDGE('',*,*,#13524,.F.);
#13891=ORIENTED_EDGE('',*,*,#13880,.T.);
#13892=ORIENTED_EDGE('',*,*,#13720,.T.);
#13894=ORIENTED_EDGE('',*,*,#13893,.F.);
#13895=EDGE_LOOP('',(#13890,#13891,#13892,#13894));
#13896=FACE_OUTER_BOUND('',#13895,.F.);
#13898=CARTESIAN_POINT('',(-7.6E-1,-1.01E0,-4.895520147902E0));
#13899=DIRECTION('',(0.E0,-3.535202069687E-2,-9.993749219550E-1));
#13900=DIRECTION('',(0.E0,9.993749219550E-1,-3.535202069687E-2));
#13901=AXIS2_PLACEMENT_3D('',#13898,#13899,#13900);
#13902=PLANE('',#13901);
#13903=ORIENTED_EDGE('',*,*,#13526,.F.);
#13904=ORIENTED_EDGE('',*,*,#13893,.T.);
#13905=ORIENTED_EDGE('',*,*,#13718,.T.);
#13907=ORIENTED_EDGE('',*,*,#13906,.F.);
#13908=EDGE_LOOP('',(#13903,#13904,#13905,#13907));
#13909=FACE_OUTER_BOUND('',#13908,.F.);
#13911=CARTESIAN_POINT('',(-7.6E-1,5.354070705563E-1,-4.800093761707E0));
#13912=DIRECTION('',(1.E0,0.E0,0.E0));
#13913=DIRECTION('',(0.E0,1.E0,0.E0));
#13914=AXIS2_PLACEMENT_3D('',#13911,#13912,#13913);
#13915=CYLINDRICAL_SURFACE('',#13914,1.5E-1);
#13916=ORIENTED_EDGE('',*,*,#13528,.F.);
#13917=ORIENTED_EDGE('',*,*,#13906,.T.);
#13918=ORIENTED_EDGE('',*,*,#13716,.T.);
#13920=ORIENTED_EDGE('',*,*,#13919,.F.);
#13921=EDGE_LOOP('',(#13916,#13917,#13918,#13920));
#13922=FACE_OUTER_BOUND('',#13921,.F.);
#13924=CARTESIAN_POINT('',(-7.6E-1,6.788329112097E-1,-4.844014465627E0));
#13925=DIRECTION('',(0.E0,9.561722710226E-1,-2.928046928029E-1));
#13926=DIRECTION('',(0.E0,2.928046928029E-1,9.561722710226E-1));
#13927=AXIS2_PLACEMENT_3D('',#13924,#13925,#13926);
#13928=PLANE('',#13927);
#13929=ORIENTED_EDGE('',*,*,#13530,.F.);
#13930=ORIENTED_EDGE('',*,*,#13919,.T.);
#13931=ORIENTED_EDGE('',*,*,#13714,.T.);
#13933=ORIENTED_EDGE('',*,*,#13932,.F.);
#13934=EDGE_LOOP('',(#13929,#13930,#13931,#13933));
#13935=FACE_OUTER_BOUND('',#13934,.F.);
#13937=CARTESIAN_POINT('',(-7.6E-1,8.4E-1,-4.83E0));
#13938=DIRECTION('',(1.E0,0.E0,0.E0));
#13939=DIRECTION('',(0.E0,1.E0,0.E0));
#13940=AXIS2_PLACEMENT_3D('',#13937,#13938,#13939);
#13941=CYLINDRICAL_SURFACE('',#13940,1.5E-1);
#13942=ORIENTED_EDGE('',*,*,#13532,.F.);
#13943=ORIENTED_EDGE('',*,*,#13932,.T.);
#13944=ORIENTED_EDGE('',*,*,#13712,.T.);
#13946=ORIENTED_EDGE('',*,*,#13945,.F.);
#13947=EDGE_LOOP('',(#13942,#13943,#13944,#13946));
#13948=FACE_OUTER_BOUND('',#13947,.F.);
#13950=CARTESIAN_POINT('',(-7.6E-1,9.848888739434E-1,-4.791177143235E0));
#13951=DIRECTION('',(0.E0,-9.659258262891E-1,-2.588190451023E-1));
#13952=DIRECTION('',(0.E0,2.588190451023E-1,-9.659258262891E-1));
#13953=AXIS2_PLACEMENT_3D('',#13950,#13951,#13952);
#13954=PLANE('',#13953);
#13955=ORIENTED_EDGE('',*,*,#13534,.F.);
#13956=ORIENTED_EDGE('',*,*,#13945,.T.);
#13957=ORIENTED_EDGE('',*,*,#13710,.T.);
#13959=ORIENTED_EDGE('',*,*,#13958,.F.);
#13960=EDGE_LOOP('',(#13955,#13956,#13957,#13959));
#13961=FACE_OUTER_BOUND('',#13960,.F.);
#13963=CARTESIAN_POINT('',(-7.6E-1,1.142544378350E0,-4.8E0));
#13964=DIRECTION('',(1.E0,0.E0,0.E0));
#13965=DIRECTION('',(0.E0,1.E0,0.E0));
#13966=AXIS2_PLACEMENT_3D('',#13963,#13964,#13965);
#13967=CYLINDRICAL_SURFACE('',#13966,1.5E-1);
#13968=ORIENTED_EDGE('',*,*,#13536,.F.);
#13969=ORIENTED_EDGE('',*,*,#13958,.T.);
#13970=ORIENTED_EDGE('',*,*,#13708,.T.);
#13971=ORIENTED_EDGE('',*,*,#9973,.F.);
#13972=EDGE_LOOP('',(#13968,#13969,#13970,#13971));
#13973=FACE_OUTER_BOUND('',#13972,.F.);
#13975=CARTESIAN_POINT('',(1.78E0,-7.5E-1,0.E0));
#13976=DIRECTION('',(1.E0,0.E0,0.E0));
#13977=DIRECTION('',(0.E0,1.E0,0.E0));
#13978=AXIS2_PLACEMENT_3D('',#13975,#13976,#13977);
#13979=PLANE('',#13978);
#13981=ORIENTED_EDGE('',*,*,#13980,.T.);
#13982=ORIENTED_EDGE('',*,*,#9495,.F.);
#13983=ORIENTED_EDGE('',*,*,#9821,.F.);
#13985=ORIENTED_EDGE('',*,*,#13984,.T.);
#13987=ORIENTED_EDGE('',*,*,#13986,.T.);
#13989=ORIENTED_EDGE('',*,*,#13988,.T.);
#13991=ORIENTED_EDGE('',*,*,#13990,.T.);
#13993=ORIENTED_EDGE('',*,*,#13992,.T.);
#13995=ORIENTED_EDGE('',*,*,#13994,.T.);
#13997=ORIENTED_EDGE('',*,*,#13996,.T.);
#13999=ORIENTED_EDGE('',*,*,#13998,.T.);
#14000=EDGE_LOOP('',(#13981,#13982,#13983,#13985,#13987,#13989,#13991,#13993,
#13995,#13997,#13999));
#14001=FACE_OUTER_BOUND('',#14000,.F.);
#14003=CARTESIAN_POINT('',(1.78E0,-7.5E-1,0.E0));
#14004=DIRECTION('',(1.E0,0.E0,0.E0));
#14005=DIRECTION('',(0.E0,1.E0,0.E0));
#14006=AXIS2_PLACEMENT_3D('',#14003,#14004,#14005);
#14007=PLANE('',#14006);
#14009=ORIENTED_EDGE('',*,*,#14008,.T.);
#14011=ORIENTED_EDGE('',*,*,#14010,.T.);
#14012=ORIENTED_EDGE('',*,*,#10918,.F.);
#14013=ORIENTED_EDGE('',*,*,#9547,.F.);
#14014=EDGE_LOOP('',(#14009,#14011,#14012,#14013));
#14015=FACE_OUTER_BOUND('',#14014,.F.);
#14017=CARTESIAN_POINT('',(1.78E0,-7.5E-1,0.E0));
#14018=DIRECTION('',(1.E0,0.E0,0.E0));
#14019=DIRECTION('',(0.E0,1.E0,0.E0));
#14020=AXIS2_PLACEMENT_3D('',#14017,#14018,#14019);
#14021=PLANE('',#14020);
#14023=ORIENTED_EDGE('',*,*,#14022,.T.);
#14025=ORIENTED_EDGE('',*,*,#14024,.T.);
#14026=ORIENTED_EDGE('',*,*,#11097,.F.);
#14027=ORIENTED_EDGE('',*,*,#11029,.F.);
#14028=ORIENTED_EDGE('',*,*,#10954,.F.);
#14030=ORIENTED_EDGE('',*,*,#14029,.T.);
#14032=ORIENTED_EDGE('',*,*,#14031,.T.);
#14034=ORIENTED_EDGE('',*,*,#14033,.T.);
#14036=ORIENTED_EDGE('',*,*,#14035,.T.);
#14038=ORIENTED_EDGE('',*,*,#14037,.T.);
#14040=ORIENTED_EDGE('',*,*,#14039,.T.);
#14042=ORIENTED_EDGE('',*,*,#14041,.T.);
#14044=ORIENTED_EDGE('',*,*,#14043,.T.);
#14046=ORIENTED_EDGE('',*,*,#14045,.T.);
#14048=ORIENTED_EDGE('',*,*,#14047,.T.);
#14050=ORIENTED_EDGE('',*,*,#14049,.T.);
#14052=ORIENTED_EDGE('',*,*,#14051,.T.);
#14054=ORIENTED_EDGE('',*,*,#14053,.T.);
#14056=ORIENTED_EDGE('',*,*,#14055,.T.);
#14057=ORIENTED_EDGE('',*,*,#9951,.F.);
#14058=EDGE_LOOP('',(#14023,#14025,#14026,#14027,#14028,#14030,#14032,#14034,
#14036,#14038,#14040,#14042,#14044,#14046,#14048,#14050,#14052,#14054,#14056,
#14057));
#14059=FACE_OUTER_BOUND('',#14058,.F.);
#14061=CARTESIAN_POINT('',(1.78E0,2.29E0,-3.24E0));
#14062=DIRECTION('',(1.E0,0.E0,0.E0));
#14063=DIRECTION('',(0.E0,1.E0,0.E0));
#14064=AXIS2_PLACEMENT_3D('',#14061,#14062,#14063);
#14065=CYLINDRICAL_SURFACE('',#14064,5.E-1);
#14066=ORIENTED_EDGE('',*,*,#13980,.F.);
#14068=ORIENTED_EDGE('',*,*,#14067,.T.);
#14070=ORIENTED_EDGE('',*,*,#14069,.T.);
#14071=ORIENTED_EDGE('',*,*,#9497,.F.);
#14072=EDGE_LOOP('',(#14066,#14068,#14070,#14071));
#14073=FACE_OUTER_BOUND('',#14072,.F.);
#14075=CARTESIAN_POINT('',(1.78E0,2.66E0,-4.317106781187E0));
#14076=DIRECTION('',(0.E0,7.071067811865E-1,7.071067811865E-1));
#14077=DIRECTION('',(0.E0,-7.071067811865E-1,7.071067811865E-1));
#14078=AXIS2_PLACEMENT_3D('',#14075,#14076,#14077);
#14079=PLANE('',#14078);
#14080=ORIENTED_EDGE('',*,*,#13998,.F.);
#14082=ORIENTED_EDGE('',*,*,#14081,.T.);
#14084=ORIENTED_EDGE('',*,*,#14083,.T.);
#14085=ORIENTED_EDGE('',*,*,#14067,.F.);
#14086=EDGE_LOOP('',(#14080,#14082,#14084,#14085));
#14087=FACE_OUTER_BOUND('',#14086,.F.);
#14089=CARTESIAN_POINT('',(1.78E0,2.66E0,-4.85E0));
#14090=DIRECTION('',(0.E0,1.E0,0.E0));
#14091=DIRECTION('',(0.E0,0.E0,1.E0));
#14092=AXIS2_PLACEMENT_3D('',#14089,#14090,#14091);
#14093=PLANE('',#14092);
#14094=ORIENTED_EDGE('',*,*,#13996,.F.);
#14096=ORIENTED_EDGE('',*,*,#14095,.T.);
#14098=ORIENTED_EDGE('',*,*,#14097,.T.);
#14099=ORIENTED_EDGE('',*,*,#14081,.F.);
#14100=EDGE_LOOP('',(#14094,#14096,#14098,#14099));
#14101=FACE_OUTER_BOUND('',#14100,.F.);
#14103=CARTESIAN_POINT('',(1.78E0,2.06E0,-4.85E0));
#14104=DIRECTION('',(0.E0,0.E0,-1.E0));
#14105=DIRECTION('',(0.E0,1.E0,0.E0));
#14106=AXIS2_PLACEMENT_3D('',#14103,#14104,#14105);
#14107=PLANE('',#14106);
#14108=ORIENTED_EDGE('',*,*,#13994,.F.);
#14110=ORIENTED_EDGE('',*,*,#14109,.T.);
#14112=ORIENTED_EDGE('',*,*,#14111,.T.);
#14113=ORIENTED_EDGE('',*,*,#14095,.F.);
#14114=EDGE_LOOP('',(#14108,#14110,#14112,#14113));
#14115=FACE_OUTER_BOUND('',#14114,.F.);
#14117=CARTESIAN_POINT('',(1.78E0,2.06E0,-4.8E0));
#14118=DIRECTION('',(0.E0,-1.E0,0.E0));
#14119=DIRECTION('',(0.E0,0.E0,-1.E0));
#14120=AXIS2_PLACEMENT_3D('',#14117,#14118,#14119);
#14121=PLANE('',#14120);
#14122=ORIENTED_EDGE('',*,*,#13992,.F.);
#14124=ORIENTED_EDGE('',*,*,#14123,.T.);
#14126=ORIENTED_EDGE('',*,*,#14125,.T.);
#14127=ORIENTED_EDGE('',*,*,#14109,.F.);
#14128=EDGE_LOOP('',(#14122,#14124,#14126,#14127));
#14129=FACE_OUTER_BOUND('',#14128,.F.);
#14131=CARTESIAN_POINT('',(1.78E0,1.91E0,-4.8E0));
#14132=DIRECTION('',(1.E0,0.E0,0.E0));
#14133=DIRECTION('',(0.E0,1.E0,0.E0));
#14134=AXIS2_PLACEMENT_3D('',#14131,#14132,#14133);
#14135=CYLINDRICAL_SURFACE('',#14134,1.5E-1);
#14136=ORIENTED_EDGE('',*,*,#13990,.F.);
#14138=ORIENTED_EDGE('',*,*,#14137,.T.);
#14140=ORIENTED_EDGE('',*,*,#14139,.T.);
#14141=ORIENTED_EDGE('',*,*,#14123,.F.);
#14142=EDGE_LOOP('',(#14136,#14138,#14140,#14141));
#14143=FACE_OUTER_BOUND('',#14142,.F.);
#14145=CARTESIAN_POINT('',(1.78E0,1.744306019820E0,-4.838822856765E0));
#14146=DIRECTION('',(0.E0,9.659258262889E-1,-2.588190451033E-1));
#14147=DIRECTION('',(0.E0,2.588190451033E-1,9.659258262889E-1));
#14148=AXIS2_PLACEMENT_3D('',#14145,#14146,#14147);
#14149=PLANE('',#14148);
#14150=ORIENTED_EDGE('',*,*,#13988,.F.);
#14152=ORIENTED_EDGE('',*,*,#14151,.T.);
#14154=ORIENTED_EDGE('',*,*,#14153,.T.);
#14155=ORIENTED_EDGE('',*,*,#14137,.F.);
#14156=EDGE_LOOP('',(#14150,#14152,#14154,#14155));
#14157=FACE_OUTER_BOUND('',#14156,.F.);
#14159=CARTESIAN_POINT('',(1.78E0,1.599417145877E0,-4.8E0));
#14160=DIRECTION('',(1.E0,0.E0,0.E0));
#14161=DIRECTION('',(0.E0,1.E0,0.E0));
#14162=AXIS2_PLACEMENT_3D('',#14159,#14160,#14161);
#14163=CYLINDRICAL_SURFACE('',#14162,1.5E-1);
#14164=ORIENTED_EDGE('',*,*,#13986,.F.);
#14166=ORIENTED_EDGE('',*,*,#14165,.T.);
#14168=ORIENTED_EDGE('',*,*,#14167,.T.);
#14169=ORIENTED_EDGE('',*,*,#14151,.F.);
#14170=EDGE_LOOP('',(#14164,#14166,#14168,#14169));
#14171=FACE_OUTER_BOUND('',#14170,.F.);
#14173=CARTESIAN_POINT('',(1.78E0,1.142544378350E0,-4.95E0));
#14174=DIRECTION('',(0.E0,0.E0,-1.E0));
#14175=DIRECTION('',(0.E0,1.E0,0.E0));
#14176=AXIS2_PLACEMENT_3D('',#14173,#14174,#14175);
#14177=PLANE('',#14176);
#14178=ORIENTED_EDGE('',*,*,#13984,.F.);
#14179=ORIENTED_EDGE('',*,*,#9819,.T.);
#14181=ORIENTED_EDGE('',*,*,#14180,.T.);
#14182=ORIENTED_EDGE('',*,*,#14165,.F.);
#14183=EDGE_LOOP('',(#14178,#14179,#14181,#14182));
#14184=FACE_OUTER_BOUND('',#14183,.F.);
#14186=CARTESIAN_POINT('',(2.03E0,-7.5E-1,0.E0));
#14187=DIRECTION('',(1.E0,0.E0,0.E0));
#14188=DIRECTION('',(0.E0,1.E0,0.E0));
#14189=AXIS2_PLACEMENT_3D('',#14186,#14187,#14188);
#14190=PLANE('',#14189);
#14191=ORIENTED_EDGE('',*,*,#14069,.F.);
#14192=ORIENTED_EDGE('',*,*,#14083,.F.);
#14193=ORIENTED_EDGE('',*,*,#14097,.F.);
#14194=ORIENTED_EDGE('',*,*,#14111,.F.);
#14195=ORIENTED_EDGE('',*,*,#14125,.F.);
#14196=ORIENTED_EDGE('',*,*,#14139,.F.);
#14197=ORIENTED_EDGE('',*,*,#14153,.F.);
#14198=ORIENTED_EDGE('',*,*,#14167,.F.);
#14199=ORIENTED_EDGE('',*,*,#14180,.F.);
#14200=ORIENTED_EDGE('',*,*,#9817,.T.);
#14201=ORIENTED_EDGE('',*,*,#9499,.T.);
#14202=EDGE_LOOP('',(#14191,#14192,#14193,#14194,#14195,#14196,#14197,#14198,
#14199,#14200,#14201));
#14203=FACE_OUTER_BOUND('',#14202,.F.);
#14205=CARTESIAN_POINT('',(2.03E0,-7.5E-1,0.E0));
#14206=DIRECTION('',(1.E0,0.E0,0.E0));
#14207=DIRECTION('',(0.E0,1.E0,0.E0));
#14208=AXIS2_PLACEMENT_3D('',#14205,#14206,#14207);
#14209=PLANE('',#14208);
#14211=ORIENTED_EDGE('',*,*,#14210,.F.);
#14212=ORIENTED_EDGE('',*,*,#9543,.T.);
#14213=ORIENTED_EDGE('',*,*,#10922,.T.);
#14215=ORIENTED_EDGE('',*,*,#14214,.F.);
#14216=EDGE_LOOP('',(#14211,#14212,#14213,#14215));
#14217=FACE_OUTER_BOUND('',#14216,.F.);
#14219=CARTESIAN_POINT('',(2.03E0,-7.5E-1,0.E0));
#14220=DIRECTION('',(1.E0,0.E0,0.E0));
#14221=DIRECTION('',(0.E0,1.E0,0.E0));
#14222=AXIS2_PLACEMENT_3D('',#14219,#14220,#14221);
#14223=PLANE('',#14222);
#14225=ORIENTED_EDGE('',*,*,#14224,.F.);
#14226=ORIENTED_EDGE('',*,*,#9955,.T.);
#14228=ORIENTED_EDGE('',*,*,#14227,.F.);
#14230=ORIENTED_EDGE('',*,*,#14229,.F.);
#14232=ORIENTED_EDGE('',*,*,#14231,.F.);
#14234=ORIENTED_EDGE('',*,*,#14233,.F.);
#14236=ORIENTED_EDGE('',*,*,#14235,.F.);
#14238=ORIENTED_EDGE('',*,*,#14237,.F.);
#14240=ORIENTED_EDGE('',*,*,#14239,.F.);
#14242=ORIENTED_EDGE('',*,*,#14241,.F.);
#14244=ORIENTED_EDGE('',*,*,#14243,.F.);
#14246=ORIENTED_EDGE('',*,*,#14245,.F.);
#14248=ORIENTED_EDGE('',*,*,#14247,.F.);
#14250=ORIENTED_EDGE('',*,*,#14249,.F.);
#14252=ORIENTED_EDGE('',*,*,#14251,.F.);
#14254=ORIENTED_EDGE('',*,*,#14253,.F.);
#14255=ORIENTED_EDGE('',*,*,#10950,.T.);
#14256=ORIENTED_EDGE('',*,*,#11011,.T.);
#14257=ORIENTED_EDGE('',*,*,#11101,.T.);
#14259=ORIENTED_EDGE('',*,*,#14258,.F.);
#14260=EDGE_LOOP('',(#14225,#14226,#14228,#14230,#14232,#14234,#14236,#14238,
#14240,#14242,#14244,#14246,#14248,#14250,#14252,#14254,#14255,#14256,#14257,
#14259));
#14261=FACE_OUTER_BOUND('',#14260,.F.);
#14263=CARTESIAN_POINT('',(1.78E0,-1.61E0,-3.35E0));
#14264=DIRECTION('',(0.E0,-1.E0,0.E0));
#14265=DIRECTION('',(0.E0,0.E0,-1.E0));
#14266=AXIS2_PLACEMENT_3D('',#14263,#14264,#14265);
#14267=PLANE('',#14266);
#14268=ORIENTED_EDGE('',*,*,#14008,.F.);
#14269=ORIENTED_EDGE('',*,*,#9545,.T.);
#14270=ORIENTED_EDGE('',*,*,#14210,.T.);
#14272=ORIENTED_EDGE('',*,*,#14271,.F.);
#14273=EDGE_LOOP('',(#14268,#14269,#14270,#14272));
#14274=FACE_OUTER_BOUND('',#14273,.F.);
#14276=CARTESIAN_POINT('',(1.78E0,-1.61E0,-3.55E0));
#14277=DIRECTION('',(0.E0,-7.071067811865E-1,-7.071067811865E-1));
#14278=DIRECTION('',(0.E0,7.071067811865E-1,-7.071067811865E-1));
#14279=AXIS2_PLACEMENT_3D('',#14276,#14277,#14278);
#14280=PLANE('',#14279);
#14281=ORIENTED_EDGE('',*,*,#14010,.F.);
#14282=ORIENTED_EDGE('',*,*,#14271,.T.);
#14283=ORIENTED_EDGE('',*,*,#14214,.T.);
#14284=ORIENTED_EDGE('',*,*,#10920,.F.);
#14285=EDGE_LOOP('',(#14281,#14282,#14283,#14284));
#14286=FACE_OUTER_BOUND('',#14285,.F.);
#14288=CARTESIAN_POINT('',(1.78E0,6.1E-1,-4.04E0));
#14289=DIRECTION('',(1.E0,0.E0,0.E0));
#14290=DIRECTION('',(0.E0,1.E0,0.E0));
#14291=AXIS2_PLACEMENT_3D('',#14288,#14289,#14290);
#14292=CYLINDRICAL_SURFACE('',#14291,1.5E-1);
#14293=ORIENTED_EDGE('',*,*,#14022,.F.);
#14294=ORIENTED_EDGE('',*,*,#9957,.T.);
#14295=ORIENTED_EDGE('',*,*,#14224,.T.);
#14297=ORIENTED_EDGE('',*,*,#14296,.F.);
#14298=EDGE_LOOP('',(#14293,#14294,#14295,#14297));
#14299=FACE_OUTER_BOUND('',#14298,.F.);
#14301=CARTESIAN_POINT('',(1.78E0,6.177825652032E-1,-4.189797969542E0));
#14302=DIRECTION('',(0.E0,-5.188376802131E-2,9.986531302789E-1));
#14303=DIRECTION('',(0.E0,-9.986531302789E-1,-5.188376802131E-2));
#14304=AXIS2_PLACEMENT_3D('',#14301,#14302,#14303);
#14305=PLANE('',#14304);
#14306=ORIENTED_EDGE('',*,*,#14024,.F.);
#14307=ORIENTED_EDGE('',*,*,#14296,.T.);
#14308=ORIENTED_EDGE('',*,*,#14258,.T.);
#14309=ORIENTED_EDGE('',*,*,#11099,.F.);
#14310=EDGE_LOOP('',(#14306,#14307,#14308,#14309));
#14311=FACE_OUTER_BOUND('',#14310,.F.);
#14313=CARTESIAN_POINT('',(1.78E0,6.177825652032E-1,-4.189797969542E0));
#14314=DIRECTION('',(0.E0,-5.188376802131E-2,9.986531302789E-1));
#14315=DIRECTION('',(0.E0,-9.986531302789E-1,-5.188376802131E-2));
#14316=AXIS2_PLACEMENT_3D('',#14313,#14314,#14315);
#14317=PLANE('',#14316);
#14318=ORIENTED_EDGE('',*,*,#14029,.F.);
#14319=ORIENTED_EDGE('',*,*,#10952,.T.);
#14320=ORIENTED_EDGE('',*,*,#14253,.T.);
#14322=ORIENTED_EDGE('',*,*,#14321,.F.);
#14323=EDGE_LOOP('',(#14318,#14319,#14320,#14322));
#14324=FACE_OUTER_BOUND('',#14323,.F.);
#14326=CARTESIAN_POINT('',(1.78E0,-2.828082538003E0,-4.365955705014E0));
#14327=DIRECTION('',(1.E0,0.E0,0.E0));
#14328=DIRECTION('',(0.E0,1.E0,0.E0));
#14329=AXIS2_PLACEMENT_3D('',#14326,#14327,#14328);
#14330=CYLINDRICAL_SURFACE('',#14329,1.5E-1);
#14331=ORIENTED_EDGE('',*,*,#14031,.F.);
#14332=ORIENTED_EDGE('',*,*,#14321,.T.);
#14333=ORIENTED_EDGE('',*,*,#14251,.T.);
#14335=ORIENTED_EDGE('',*,*,#14334,.F.);
#14336=EDGE_LOOP('',(#14331,#14332,#14333,#14335));
#14337=FACE_OUTER_BOUND('',#14336,.F.);
#14339=CARTESIAN_POINT('',(1.78E0,-2.820299972800E0,-4.515753674556E0));
#14340=DIRECTION('',(0.E0,-5.188376802131E-2,9.986531302789E-1));
#14341=DIRECTION('',(0.E0,-9.986531302789E-1,-5.188376802131E-2));
#14342=AXIS2_PLACEMENT_3D('',#14339,#14340,#14341);
#14343=PLANE('',#14342);
#14344=ORIENTED_EDGE('',*,*,#14033,.F.);
#14345=ORIENTED_EDGE('',*,*,#14334,.T.);
#14346=ORIENTED_EDGE('',*,*,#14249,.T.);
#14348=ORIENTED_EDGE('',*,*,#14347,.F.);
#14349=EDGE_LOOP('',(#14344,#14345,#14346,#14348));
#14350=FACE_OUTER_BOUND('',#14349,.F.);
#14352=CARTESIAN_POINT('',(1.78E0,-3.288337590747E0,-4.690272283581E0));
#14353=DIRECTION('',(1.E0,0.E0,0.E0));
#14354=DIRECTION('',(0.E0,1.E0,0.E0));
#14355=AXIS2_PLACEMENT_3D('',#14352,#14353,#14354);
#14356=CYLINDRICAL_SURFACE('',#14355,1.5E-1);
#14357=ORIENTED_EDGE('',*,*,#14035,.F.);
#14358=ORIENTED_EDGE('',*,*,#14347,.T.);
#14359=ORIENTED_EDGE('',*,*,#14247,.T.);
#14361=ORIENTED_EDGE('',*,*,#14360,.F.);
#14362=EDGE_LOOP('',(#14357,#14358,#14359,#14361));
#14363=FACE_OUTER_BOUND('',#14362,.F.);
#14365=CARTESIAN_POINT('',(1.78E0,-3.438243829040E0,-4.684969480476E0));
#14366=DIRECTION('',(0.E0,-9.993749219550E-1,3.535202069687E-2));
#14367=DIRECTION('',(0.E0,-3.535202069687E-2,-9.993749219550E-1));
#14368=AXIS2_PLACEMENT_3D('',#14365,#14366,#14367);
#14369=PLANE('',#14368);
#14370=ORIENTED_EDGE('',*,*,#14037,.F.);
#14371=ORIENTED_EDGE('',*,*,#14360,.T.);
#14372=ORIENTED_EDGE('',*,*,#14245,.T.);
#14374=ORIENTED_EDGE('',*,*,#14373,.F.);
#14375=EDGE_LOOP('',(#14370,#14371,#14372,#14374));
#14376=FACE_OUTER_BOUND('',#14375,.F.);
#14378=CARTESIAN_POINT('',(1.78E0,-3.304306767599E0,-5.141708850892E0));
#14379=DIRECTION('',(1.E0,0.E0,0.E0));
#14380=DIRECTION('',(0.E0,1.E0,0.E0));
#14381=AXIS2_PLACEMENT_3D('',#14378,#14379,#14380);
#14382=CYLINDRICAL_SURFACE('',#14381,1.5E-1);
#14383=ORIENTED_EDGE('',*,*,#14039,.F.);
#14384=ORIENTED_EDGE('',*,*,#14373,.T.);
#14385=ORIENTED_EDGE('',*,*,#14243,.T.);
#14387=ORIENTED_EDGE('',*,*,#14386,.F.);
#14388=EDGE_LOOP('',(#14383,#14384,#14385,#14387));
#14389=FACE_OUTER_BOUND('',#14388,.F.);
#14391=CARTESIAN_POINT('',(1.78E0,-3.296524202396E0,-5.291506820434E0));
#14392=DIRECTION('',(0.E0,5.188376802132E-2,-9.986531302789E-1));
#14393=DIRECTION('',(0.E0,9.986531302789E-1,5.188376802132E-2));
#14394=AXIS2_PLACEMENT_3D('',#14391,#14392,#14393);
#14395=PLANE('',#14394);
#14396=ORIENTED_EDGE('',*,*,#14041,.F.);
#14397=ORIENTED_EDGE('',*,*,#14386,.T.);
#14398=ORIENTED_EDGE('',*,*,#14241,.T.);
#14400=ORIENTED_EDGE('',*,*,#14399,.F.);
#14401=EDGE_LOOP('',(#14396,#14397,#14398,#14400));
#14402=FACE_OUTER_BOUND('',#14401,.F.);
#14404=CARTESIAN_POINT('',(1.78E0,-1.325094247350E0,-5.189083655316E0));
#14405=DIRECTION('',(0.E0,6.816671306988E-1,-7.316624378256E-1));
#14406=DIRECTION('',(0.E0,7.316624378256E-1,6.816671306988E-1));
#14407=AXIS2_PLACEMENT_3D('',#14404,#14405,#14406);
#14408=PLANE('',#14407);
#14409=ORIENTED_EDGE('',*,*,#14043,.F.);
#14410=ORIENTED_EDGE('',*,*,#14399,.T.);
#14411=ORIENTED_EDGE('',*,*,#14239,.T.);
#14413=ORIENTED_EDGE('',*,*,#14412,.F.);
#14414=EDGE_LOOP('',(#14409,#14410,#14411,#14413));
#14415=FACE_OUTER_BOUND('',#14414,.F.);
#14417=CARTESIAN_POINT('',(1.78E0,-1.01E0,-4.895520147902E0));
#14418=DIRECTION('',(0.E0,-3.535202069687E-2,-9.993749219550E-1));
#14419=DIRECTION('',(0.E0,9.993749219550E-1,-3.535202069687E-2));
#14420=AXIS2_PLACEMENT_3D('',#14417,#14418,#14419);
#14421=PLANE('',#14420);
#14422=ORIENTED_EDGE('',*,*,#14045,.F.);
#14423=ORIENTED_EDGE('',*,*,#14412,.T.);
#14424=ORIENTED_EDGE('',*,*,#14237,.T.);
#14426=ORIENTED_EDGE('',*,*,#14425,.F.);
#14427=EDGE_LOOP('',(#14422,#14423,#14424,#14426));
#14428=FACE_OUTER_BOUND('',#14427,.F.);
#14430=CARTESIAN_POINT('',(1.78E0,5.354070705563E-1,-4.800093761707E0));
#14431=DIRECTION('',(1.E0,0.E0,0.E0));
#14432=DIRECTION('',(0.E0,1.E0,0.E0));
#14433=AXIS2_PLACEMENT_3D('',#14430,#14431,#14432);
#14434=CYLINDRICAL_SURFACE('',#14433,1.5E-1);
#14435=ORIENTED_EDGE('',*,*,#14047,.F.);
#14436=ORIENTED_EDGE('',*,*,#14425,.T.);
#14437=ORIENTED_EDGE('',*,*,#14235,.T.);
#14439=ORIENTED_EDGE('',*,*,#14438,.F.);
#14440=EDGE_LOOP('',(#14435,#14436,#14437,#14439));
#14441=FACE_OUTER_BOUND('',#14440,.F.);
#14443=CARTESIAN_POINT('',(1.78E0,6.788329112097E-1,-4.844014465627E0));
#14444=DIRECTION('',(0.E0,9.561722710226E-1,-2.928046928029E-1));
#14445=DIRECTION('',(0.E0,2.928046928029E-1,9.561722710226E-1));
#14446=AXIS2_PLACEMENT_3D('',#14443,#14444,#14445);
#14447=PLANE('',#14446);
#14448=ORIENTED_EDGE('',*,*,#14049,.F.);
#14449=ORIENTED_EDGE('',*,*,#14438,.T.);
#14450=ORIENTED_EDGE('',*,*,#14233,.T.);
#14452=ORIENTED_EDGE('',*,*,#14451,.F.);
#14453=EDGE_LOOP('',(#14448,#14449,#14450,#14452));
#14454=FACE_OUTER_BOUND('',#14453,.F.);
#14456=CARTESIAN_POINT('',(1.78E0,8.4E-1,-4.83E0));
#14457=DIRECTION('',(1.E0,0.E0,0.E0));
#14458=DIRECTION('',(0.E0,1.E0,0.E0));
#14459=AXIS2_PLACEMENT_3D('',#14456,#14457,#14458);
#14460=CYLINDRICAL_SURFACE('',#14459,1.5E-1);
#14461=ORIENTED_EDGE('',*,*,#14051,.F.);
#14462=ORIENTED_EDGE('',*,*,#14451,.T.);
#14463=ORIENTED_EDGE('',*,*,#14231,.T.);
#14465=ORIENTED_EDGE('',*,*,#14464,.F.);
#14466=EDGE_LOOP('',(#14461,#14462,#14463,#14465));
#14467=FACE_OUTER_BOUND('',#14466,.F.);
#14469=CARTESIAN_POINT('',(1.78E0,9.848888739434E-1,-4.791177143235E0));
#14470=DIRECTION('',(0.E0,-9.659258262891E-1,-2.588190451023E-1));
#14471=DIRECTION('',(0.E0,2.588190451023E-1,-9.659258262891E-1));
#14472=AXIS2_PLACEMENT_3D('',#14469,#14470,#14471);
#14473=PLANE('',#14472);
#14474=ORIENTED_EDGE('',*,*,#14053,.F.);
#14475=ORIENTED_EDGE('',*,*,#14464,.T.);
#14476=ORIENTED_EDGE('',*,*,#14229,.T.);
#14478=ORIENTED_EDGE('',*,*,#14477,.F.);
#14479=EDGE_LOOP('',(#14474,#14475,#14476,#14478));
#14480=FACE_OUTER_BOUND('',#14479,.F.);
#14482=CARTESIAN_POINT('',(1.78E0,1.142544378350E0,-4.8E0));
#14483=DIRECTION('',(1.E0,0.E0,0.E0));
#14484=DIRECTION('',(0.E0,1.E0,0.E0));
#14485=AXIS2_PLACEMENT_3D('',#14482,#14483,#14484);
#14486=CYLINDRICAL_SURFACE('',#14485,1.5E-1);
#14487=ORIENTED_EDGE('',*,*,#14055,.F.);
#14488=ORIENTED_EDGE('',*,*,#14477,.T.);
#14489=ORIENTED_EDGE('',*,*,#14227,.T.);
#14490=ORIENTED_EDGE('',*,*,#9953,.F.);
#14491=EDGE_LOOP('',(#14487,#14488,#14489,#14490));
#14492=FACE_OUTER_BOUND('',#14491,.F.);
#14494=CARTESIAN_POINT('',(4.32E0,-7.5E-1,0.E0));
#14495=DIRECTION('',(1.E0,0.E0,0.E0));
#14496=DIRECTION('',(0.E0,1.E0,0.E0));
#14497=AXIS2_PLACEMENT_3D('',#14494,#14495,#14496);
#14498=PLANE('',#14497);
#14499=ORIENTED_EDGE('',*,*,#9531,.F.);
#14501=ORIENTED_EDGE('',*,*,#14500,.T.);
#14503=ORIENTED_EDGE('',*,*,#14502,.T.);
#14504=ORIENTED_EDGE('',*,*,#10932,.F.);
#14505=EDGE_LOOP('',(#14499,#14501,#14503,#14504));
#14506=FACE_OUTER_BOUND('',#14505,.F.);
#14508=CARTESIAN_POINT('',(4.32E0,-7.5E-1,0.E0));
#14509=DIRECTION('',(1.E0,0.E0,0.E0));
#14510=DIRECTION('',(0.E0,1.E0,0.E0));
#14511=AXIS2_PLACEMENT_3D('',#14508,#14509,#14510);
#14512=PLANE('',#14511);
#14514=ORIENTED_EDGE('',*,*,#14513,.T.);
#14515=ORIENTED_EDGE('',*,*,#9511,.F.);
#14516=ORIENTED_EDGE('',*,*,#9807,.F.);
#14518=ORIENTED_EDGE('',*,*,#14517,.T.);
#14520=ORIENTED_EDGE('',*,*,#14519,.T.);
#14522=ORIENTED_EDGE('',*,*,#14521,.T.);
#14524=ORIENTED_EDGE('',*,*,#14523,.T.);
#14526=ORIENTED_EDGE('',*,*,#14525,.T.);
#14528=ORIENTED_EDGE('',*,*,#14527,.T.);
#14530=ORIENTED_EDGE('',*,*,#14529,.T.);
#14532=ORIENTED_EDGE('',*,*,#14531,.T.);
#14533=EDGE_LOOP('',(#14514,#14515,#14516,#14518,#14520,#14522,#14524,#14526,
#14528,#14530,#14532));
#14534=FACE_OUTER_BOUND('',#14533,.F.);
#14536=CARTESIAN_POINT('',(4.32E0,-7.5E-1,0.E0));
#14537=DIRECTION('',(1.E0,0.E0,0.E0));
#14538=DIRECTION('',(0.E0,1.E0,0.E0));
#14539=AXIS2_PLACEMENT_3D('',#14536,#14537,#14538);
#14540=PLANE('',#14539);
#14541=ORIENTED_EDGE('',*,*,#10946,.F.);
#14543=ORIENTED_EDGE('',*,*,#14542,.T.);
#14545=ORIENTED_EDGE('',*,*,#14544,.T.);
#14547=ORIENTED_EDGE('',*,*,#14546,.T.);
#14549=ORIENTED_EDGE('',*,*,#14548,.T.);
#14551=ORIENTED_EDGE('',*,*,#14550,.T.);
#14553=ORIENTED_EDGE('',*,*,#14552,.T.);
#14555=ORIENTED_EDGE('',*,*,#14554,.T.);
#14557=ORIENTED_EDGE('',*,*,#14556,.T.);
#14559=ORIENTED_EDGE('',*,*,#14558,.T.);
#14561=ORIENTED_EDGE('',*,*,#14560,.T.);
#14563=ORIENTED_EDGE('',*,*,#14562,.T.);
#14565=ORIENTED_EDGE('',*,*,#14564,.T.);
#14567=ORIENTED_EDGE('',*,*,#14566,.T.);
#14569=ORIENTED_EDGE('',*,*,#14568,.T.);
#14570=ORIENTED_EDGE('',*,*,#9931,.F.);
#14572=ORIENTED_EDGE('',*,*,#14571,.T.);
#14574=ORIENTED_EDGE('',*,*,#14573,.T.);
#14575=ORIENTED_EDGE('',*,*,#11104,.F.);
#14576=ORIENTED_EDGE('',*,*,#11014,.F.);
#14577=EDGE_LOOP('',(#14541,#14543,#14545,#14547,#14549,#14551,#14553,#14555,
#14557,#14559,#14561,#14563,#14565,#14567,#14569,#14570,#14572,#14574,#14575,
#14576));
#14578=FACE_OUTER_BOUND('',#14577,.F.);
#14580=CARTESIAN_POINT('',(4.32E0,-1.61E0,-3.35E0));
#14581=DIRECTION('',(0.E0,-1.E0,0.E0));
#14582=DIRECTION('',(0.E0,0.E0,-1.E0));
#14583=AXIS2_PLACEMENT_3D('',#14580,#14581,#14582);
#14584=PLANE('',#14583);
#14585=ORIENTED_EDGE('',*,*,#9529,.T.);
#14587=ORIENTED_EDGE('',*,*,#14586,.T.);
#14589=ORIENTED_EDGE('',*,*,#14588,.F.);
#14590=ORIENTED_EDGE('',*,*,#14500,.F.);
#14591=EDGE_LOOP('',(#14585,#14587,#14589,#14590));
#14592=FACE_OUTER_BOUND('',#14591,.F.);
#14594=CARTESIAN_POINT('',(4.57E0,-7.5E-1,0.E0));
#14595=DIRECTION('',(1.E0,0.E0,0.E0));
#14596=DIRECTION('',(0.E0,1.E0,0.E0));
#14597=AXIS2_PLACEMENT_3D('',#14594,#14595,#14596);
#14598=PLANE('',#14597);
#14599=ORIENTED_EDGE('',*,*,#9527,.T.);
#14600=ORIENTED_EDGE('',*,*,#10936,.T.);
#14602=ORIENTED_EDGE('',*,*,#14601,.F.);
#14603=ORIENTED_EDGE('',*,*,#14586,.F.);
#14604=EDGE_LOOP('',(#14599,#14600,#14602,#14603));
#14605=FACE_OUTER_BOUND('',#14604,.F.);
#14607=CARTESIAN_POINT('',(4.57E0,-7.5E-1,0.E0));
#14608=DIRECTION('',(1.E0,0.E0,0.E0));
#14609=DIRECTION('',(0.E0,1.E0,0.E0));
#14610=AXIS2_PLACEMENT_3D('',#14607,#14608,#14609);
#14611=PLANE('',#14610);
#14613=ORIENTED_EDGE('',*,*,#14612,.F.);
#14615=ORIENTED_EDGE('',*,*,#14614,.F.);
#14617=ORIENTED_EDGE('',*,*,#14616,.F.);
#14619=ORIENTED_EDGE('',*,*,#14618,.F.);
#14621=ORIENTED_EDGE('',*,*,#14620,.F.);
#14623=ORIENTED_EDGE('',*,*,#14622,.F.);
#14625=ORIENTED_EDGE('',*,*,#14624,.F.);
#14627=ORIENTED_EDGE('',*,*,#14626,.F.);
#14629=ORIENTED_EDGE('',*,*,#14628,.F.);
#14630=ORIENTED_EDGE('',*,*,#9803,.T.);
#14631=ORIENTED_EDGE('',*,*,#9515,.T.);
#14632=EDGE_LOOP('',(#14613,#14615,#14617,#14619,#14621,#14623,#14625,#14627,
#14629,#14630,#14631));
#14633=FACE_OUTER_BOUND('',#14632,.F.);
#14635=CARTESIAN_POINT('',(4.57E0,-7.5E-1,0.E0));
#14636=DIRECTION('',(1.E0,0.E0,0.E0));
#14637=DIRECTION('',(0.E0,1.E0,0.E0));
#14638=AXIS2_PLACEMENT_3D('',#14635,#14636,#14637);
#14639=PLANE('',#14638);
#14640=ORIENTED_EDGE('',*,*,#10942,.T.);
#14641=ORIENTED_EDGE('',*,*,#10997,.T.);
#14642=ORIENTED_EDGE('',*,*,#11108,.T.);
#14644=ORIENTED_EDGE('',*,*,#14643,.F.);
#14646=ORIENTED_EDGE('',*,*,#14645,.F.);
#14647=ORIENTED_EDGE('',*,*,#9935,.T.);
#14649=ORIENTED_EDGE('',*,*,#14648,.F.);
#14651=ORIENTED_EDGE('',*,*,#14650,.F.);
#14653=ORIENTED_EDGE('',*,*,#14652,.F.);
#14655=ORIENTED_EDGE('',*,*,#14654,.F.);
#14657=ORIENTED_EDGE('',*,*,#14656,.F.);
#14659=ORIENTED_EDGE('',*,*,#14658,.F.);
#14661=ORIENTED_EDGE('',*,*,#14660,.F.);
#14663=ORIENTED_EDGE('',*,*,#14662,.F.);
#14665=ORIENTED_EDGE('',*,*,#14664,.F.);
#14667=ORIENTED_EDGE('',*,*,#14666,.F.);
#14669=ORIENTED_EDGE('',*,*,#14668,.F.);
#14671=ORIENTED_EDGE('',*,*,#14670,.F.);
#14673=ORIENTED_EDGE('',*,*,#14672,.F.);
#14675=ORIENTED_EDGE('',*,*,#14674,.F.);
#14676=EDGE_LOOP('',(#14640,#14641,#14642,#14644,#14646,#14647,#14649,#14651,
#14653,#14655,#14657,#14659,#14661,#14663,#14665,#14667,#14669,#14671,#14673,
#14675));
#14677=FACE_OUTER_BOUND('',#14676,.F.);
#14679=CARTESIAN_POINT('',(4.32E0,-1.61E0,-3.55E0));
#14680=DIRECTION('',(0.E0,-7.071067811865E-1,-7.071067811865E-1));
#14681=DIRECTION('',(0.E0,7.071067811865E-1,-7.071067811865E-1));
#14682=AXIS2_PLACEMENT_3D('',#14679,#14680,#14681);
#14683=PLANE('',#14682);
#14684=ORIENTED_EDGE('',*,*,#10934,.F.);
#14685=ORIENTED_EDGE('',*,*,#14502,.F.);
#14686=ORIENTED_EDGE('',*,*,#14588,.T.);
#14687=ORIENTED_EDGE('',*,*,#14601,.T.);
#14688=EDGE_LOOP('',(#14684,#14685,#14686,#14687));
#14689=FACE_OUTER_BOUND('',#14688,.F.);
#14691=CARTESIAN_POINT('',(4.32E0,2.29E0,-3.24E0));
#14692=DIRECTION('',(1.E0,0.E0,0.E0));
#14693=DIRECTION('',(0.E0,1.E0,0.E0));
#14694=AXIS2_PLACEMENT_3D('',#14691,#14692,#14693);
#14695=CYLINDRICAL_SURFACE('',#14694,5.E-1);
#14696=ORIENTED_EDGE('',*,*,#14513,.F.);
#14698=ORIENTED_EDGE('',*,*,#14697,.T.);
#14699=ORIENTED_EDGE('',*,*,#14612,.T.);
#14700=ORIENTED_EDGE('',*,*,#9513,.F.);
#14701=EDGE_LOOP('',(#14696,#14698,#14699,#14700));
#14702=FACE_OUTER_BOUND('',#14701,.F.);
#14704=CARTESIAN_POINT('',(4.32E0,2.66E0,-4.317106781187E0));
#14705=DIRECTION('',(0.E0,7.071067811865E-1,7.071067811865E-1));
#14706=DIRECTION('',(0.E0,-7.071067811865E-1,7.071067811865E-1));
#14707=AXIS2_PLACEMENT_3D('',#14704,#14705,#14706);
#14708=PLANE('',#14707);
#14709=ORIENTED_EDGE('',*,*,#14531,.F.);
#14711=ORIENTED_EDGE('',*,*,#14710,.T.);
#14712=ORIENTED_EDGE('',*,*,#14614,.T.);
#14713=ORIENTED_EDGE('',*,*,#14697,.F.);
#14714=EDGE_LOOP('',(#14709,#14711,#14712,#14713));
#14715=FACE_OUTER_BOUND('',#14714,.F.);
#14717=CARTESIAN_POINT('',(4.32E0,2.66E0,-4.85E0));
#14718=DIRECTION('',(0.E0,1.E0,0.E0));
#14719=DIRECTION('',(0.E0,0.E0,1.E0));
#14720=AXIS2_PLACEMENT_3D('',#14717,#14718,#14719);
#14721=PLANE('',#14720);
#14722=ORIENTED_EDGE('',*,*,#14529,.F.);
#14724=ORIENTED_EDGE('',*,*,#14723,.T.);
#14725=ORIENTED_EDGE('',*,*,#14616,.T.);
#14726=ORIENTED_EDGE('',*,*,#14710,.F.);
#14727=EDGE_LOOP('',(#14722,#14724,#14725,#14726));
#14728=FACE_OUTER_BOUND('',#14727,.F.);
#14730=CARTESIAN_POINT('',(4.32E0,2.06E0,-4.85E0));
#14731=DIRECTION('',(0.E0,0.E0,-1.E0));
#14732=DIRECTION('',(0.E0,1.E0,0.E0));
#14733=AXIS2_PLACEMENT_3D('',#14730,#14731,#14732);
#14734=PLANE('',#14733);
#14735=ORIENTED_EDGE('',*,*,#14527,.F.);
#14737=ORIENTED_EDGE('',*,*,#14736,.T.);
#14738=ORIENTED_EDGE('',*,*,#14618,.T.);
#14739=ORIENTED_EDGE('',*,*,#14723,.F.);
#14740=EDGE_LOOP('',(#14735,#14737,#14738,#14739));
#14741=FACE_OUTER_BOUND('',#14740,.F.);
#14743=CARTESIAN_POINT('',(4.32E0,2.06E0,-4.8E0));
#14744=DIRECTION('',(0.E0,-1.E0,0.E0));
#14745=DIRECTION('',(0.E0,0.E0,-1.E0));
#14746=AXIS2_PLACEMENT_3D('',#14743,#14744,#14745);
#14747=PLANE('',#14746);
#14748=ORIENTED_EDGE('',*,*,#14525,.F.);
#14750=ORIENTED_EDGE('',*,*,#14749,.T.);
#14751=ORIENTED_EDGE('',*,*,#14620,.T.);
#14752=ORIENTED_EDGE('',*,*,#14736,.F.);
#14753=EDGE_LOOP('',(#14748,#14750,#14751,#14752));
#14754=FACE_OUTER_BOUND('',#14753,.F.);
#14756=CARTESIAN_POINT('',(4.32E0,1.91E0,-4.8E0));
#14757=DIRECTION('',(1.E0,0.E0,0.E0));
#14758=DIRECTION('',(0.E0,1.E0,0.E0));
#14759=AXIS2_PLACEMENT_3D('',#14756,#14757,#14758);
#14760=CYLINDRICAL_SURFACE('',#14759,1.5E-1);
#14761=ORIENTED_EDGE('',*,*,#14523,.F.);
#14763=ORIENTED_EDGE('',*,*,#14762,.T.);
#14764=ORIENTED_EDGE('',*,*,#14622,.T.);
#14765=ORIENTED_EDGE('',*,*,#14749,.F.);
#14766=EDGE_LOOP('',(#14761,#14763,#14764,#14765));
#14767=FACE_OUTER_BOUND('',#14766,.F.);
#14769=CARTESIAN_POINT('',(4.32E0,1.744306019820E0,-4.838822856765E0));
#14770=DIRECTION('',(0.E0,9.659258262889E-1,-2.588190451033E-1));
#14771=DIRECTION('',(0.E0,2.588190451033E-1,9.659258262889E-1));
#14772=AXIS2_PLACEMENT_3D('',#14769,#14770,#14771);
#14773=PLANE('',#14772);
#14774=ORIENTED_EDGE('',*,*,#14521,.F.);
#14776=ORIENTED_EDGE('',*,*,#14775,.T.);
#14777=ORIENTED_EDGE('',*,*,#14624,.T.);
#14778=ORIENTED_EDGE('',*,*,#14762,.F.);
#14779=EDGE_LOOP('',(#14774,#14776,#14777,#14778));
#14780=FACE_OUTER_BOUND('',#14779,.F.);
#14782=CARTESIAN_POINT('',(4.32E0,1.599417145877E0,-4.8E0));
#14783=DIRECTION('',(1.E0,0.E0,0.E0));
#14784=DIRECTION('',(0.E0,1.E0,0.E0));
#14785=AXIS2_PLACEMENT_3D('',#14782,#14783,#14784);
#14786=CYLINDRICAL_SURFACE('',#14785,1.5E-1);
#14787=ORIENTED_EDGE('',*,*,#14519,.F.);
#14789=ORIENTED_EDGE('',*,*,#14788,.T.);
#14790=ORIENTED_EDGE('',*,*,#14626,.T.);
#14791=ORIENTED_EDGE('',*,*,#14775,.F.);
#14792=EDGE_LOOP('',(#14787,#14789,#14790,#14791));
#14793=FACE_OUTER_BOUND('',#14792,.F.);
#14795=CARTESIAN_POINT('',(4.32E0,1.142544378350E0,-4.95E0));
#14796=DIRECTION('',(0.E0,0.E0,-1.E0));
#14797=DIRECTION('',(0.E0,1.E0,0.E0));
#14798=AXIS2_PLACEMENT_3D('',#14795,#14796,#14797);
#14799=PLANE('',#14798);
#14800=ORIENTED_EDGE('',*,*,#9805,.T.);
#14801=ORIENTED_EDGE('',*,*,#14628,.T.);
#14802=ORIENTED_EDGE('',*,*,#14788,.F.);
#14803=ORIENTED_EDGE('',*,*,#14517,.F.);
#14804=EDGE_LOOP('',(#14800,#14801,#14802,#14803));
#14805=FACE_OUTER_BOUND('',#14804,.F.);
#14807=CARTESIAN_POINT('',(4.32E0,6.177825652032E-1,-4.189797969542E0));
#14808=DIRECTION('',(0.E0,-5.188376802131E-2,9.986531302789E-1));
#14809=DIRECTION('',(0.E0,-9.986531302789E-1,-5.188376802131E-2));
#14810=AXIS2_PLACEMENT_3D('',#14807,#14808,#14809);
#14811=PLANE('',#14810);
#14812=ORIENTED_EDGE('',*,*,#10944,.T.);
#14813=ORIENTED_EDGE('',*,*,#14674,.T.);
#14815=ORIENTED_EDGE('',*,*,#14814,.F.);
#14816=ORIENTED_EDGE('',*,*,#14542,.F.);
#14817=EDGE_LOOP('',(#14812,#14813,#14815,#14816));
#14818=FACE_OUTER_BOUND('',#14817,.F.);
#14820=CARTESIAN_POINT('',(4.32E0,6.177825652032E-1,-4.189797969542E0));
#14821=DIRECTION('',(0.E0,-5.188376802131E-2,9.986531302789E-1));
#14822=DIRECTION('',(0.E0,-9.986531302789E-1,-5.188376802131E-2));
#14823=AXIS2_PLACEMENT_3D('',#14820,#14821,#14822);
#14824=PLANE('',#14823);
#14825=ORIENTED_EDGE('',*,*,#11106,.F.);
#14826=ORIENTED_EDGE('',*,*,#14573,.F.);
#14828=ORIENTED_EDGE('',*,*,#14827,.T.);
#14829=ORIENTED_EDGE('',*,*,#14643,.T.);
#14830=EDGE_LOOP('',(#14825,#14826,#14828,#14829));
#14831=FACE_OUTER_BOUND('',#14830,.F.);
#14833=CARTESIAN_POINT('',(4.32E0,-2.828082538003E0,-4.365955705014E0));
#14834=DIRECTION('',(1.E0,0.E0,0.E0));
#14835=DIRECTION('',(0.E0,1.E0,0.E0));
#14836=AXIS2_PLACEMENT_3D('',#14833,#14834,#14835);
#14837=CYLINDRICAL_SURFACE('',#14836,1.5E-1);
#14838=ORIENTED_EDGE('',*,*,#14544,.F.);
#14839=ORIENTED_EDGE('',*,*,#14814,.T.);
#14840=ORIENTED_EDGE('',*,*,#14672,.T.);
#14842=ORIENTED_EDGE('',*,*,#14841,.F.);
#14843=EDGE_LOOP('',(#14838,#14839,#14840,#14842));
#14844=FACE_OUTER_BOUND('',#14843,.F.);
#14846=CARTESIAN_POINT('',(4.32E0,-2.820299972800E0,-4.515753674556E0));
#14847=DIRECTION('',(0.E0,-5.188376802131E-2,9.986531302789E-1));
#14848=DIRECTION('',(0.E0,-9.986531302789E-1,-5.188376802131E-2));
#14849=AXIS2_PLACEMENT_3D('',#14846,#14847,#14848);
#14850=PLANE('',#14849);
#14851=ORIENTED_EDGE('',*,*,#14546,.F.);
#14852=ORIENTED_EDGE('',*,*,#14841,.T.);
#14853=ORIENTED_EDGE('',*,*,#14670,.T.);
#14855=ORIENTED_EDGE('',*,*,#14854,.F.);
#14856=EDGE_LOOP('',(#14851,#14852,#14853,#14855));
#14857=FACE_OUTER_BOUND('',#14856,.F.);
#14859=CARTESIAN_POINT('',(4.32E0,-3.288337590747E0,-4.690272283581E0));
#14860=DIRECTION('',(1.E0,0.E0,0.E0));
#14861=DIRECTION('',(0.E0,1.E0,0.E0));
#14862=AXIS2_PLACEMENT_3D('',#14859,#14860,#14861);
#14863=CYLINDRICAL_SURFACE('',#14862,1.5E-1);
#14864=ORIENTED_EDGE('',*,*,#14548,.F.);
#14865=ORIENTED_EDGE('',*,*,#14854,.T.);
#14866=ORIENTED_EDGE('',*,*,#14668,.T.);
#14868=ORIENTED_EDGE('',*,*,#14867,.F.);
#14869=EDGE_LOOP('',(#14864,#14865,#14866,#14868));
#14870=FACE_OUTER_BOUND('',#14869,.F.);
#14872=CARTESIAN_POINT('',(4.32E0,-3.438243829040E0,-4.684969480476E0));
#14873=DIRECTION('',(0.E0,-9.993749219550E-1,3.535202069687E-2));
#14874=DIRECTION('',(0.E0,-3.535202069687E-2,-9.993749219550E-1));
#14875=AXIS2_PLACEMENT_3D('',#14872,#14873,#14874);
#14876=PLANE('',#14875);
#14877=ORIENTED_EDGE('',*,*,#14550,.F.);
#14878=ORIENTED_EDGE('',*,*,#14867,.T.);
#14879=ORIENTED_EDGE('',*,*,#14666,.T.);
#14881=ORIENTED_EDGE('',*,*,#14880,.F.);
#14882=EDGE_LOOP('',(#14877,#14878,#14879,#14881));
#14883=FACE_OUTER_BOUND('',#14882,.F.);
#14885=CARTESIAN_POINT('',(4.32E0,-3.304306767599E0,-5.141708850892E0));
#14886=DIRECTION('',(1.E0,0.E0,0.E0));
#14887=DIRECTION('',(0.E0,1.E0,0.E0));
#14888=AXIS2_PLACEMENT_3D('',#14885,#14886,#14887);
#14889=CYLINDRICAL_SURFACE('',#14888,1.5E-1);
#14890=ORIENTED_EDGE('',*,*,#14552,.F.);
#14891=ORIENTED_EDGE('',*,*,#14880,.T.);
#14892=ORIENTED_EDGE('',*,*,#14664,.T.);
#14894=ORIENTED_EDGE('',*,*,#14893,.F.);
#14895=EDGE_LOOP('',(#14890,#14891,#14892,#14894));
#14896=FACE_OUTER_BOUND('',#14895,.F.);
#14898=CARTESIAN_POINT('',(4.32E0,-3.296524202396E0,-5.291506820434E0));
#14899=DIRECTION('',(0.E0,5.188376802132E-2,-9.986531302789E-1));
#14900=DIRECTION('',(0.E0,9.986531302789E-1,5.188376802132E-2));
#14901=AXIS2_PLACEMENT_3D('',#14898,#14899,#14900);
#14902=PLANE('',#14901);
#14903=ORIENTED_EDGE('',*,*,#14554,.F.);
#14904=ORIENTED_EDGE('',*,*,#14893,.T.);
#14905=ORIENTED_EDGE('',*,*,#14662,.T.);
#14907=ORIENTED_EDGE('',*,*,#14906,.F.);
#14908=EDGE_LOOP('',(#14903,#14904,#14905,#14907));
#14909=FACE_OUTER_BOUND('',#14908,.F.);
#14911=CARTESIAN_POINT('',(4.32E0,-1.325094247350E0,-5.189083655316E0));
#14912=DIRECTION('',(0.E0,6.816671306988E-1,-7.316624378256E-1));
#14913=DIRECTION('',(0.E0,7.316624378256E-1,6.816671306988E-1));
#14914=AXIS2_PLACEMENT_3D('',#14911,#14912,#14913);
#14915=PLANE('',#14914);
#14916=ORIENTED_EDGE('',*,*,#14556,.F.);
#14917=ORIENTED_EDGE('',*,*,#14906,.T.);
#14918=ORIENTED_EDGE('',*,*,#14660,.T.);
#14920=ORIENTED_EDGE('',*,*,#14919,.F.);
#14921=EDGE_LOOP('',(#14916,#14917,#14918,#14920));
#14922=FACE_OUTER_BOUND('',#14921,.F.);
#14924=CARTESIAN_POINT('',(4.32E0,-1.01E0,-4.895520147902E0));
#14925=DIRECTION('',(0.E0,-3.535202069687E-2,-9.993749219550E-1));
#14926=DIRECTION('',(0.E0,9.993749219550E-1,-3.535202069687E-2));
#14927=AXIS2_PLACEMENT_3D('',#14924,#14925,#14926);
#14928=PLANE('',#14927);
#14929=ORIENTED_EDGE('',*,*,#14558,.F.);
#14930=ORIENTED_EDGE('',*,*,#14919,.T.);
#14931=ORIENTED_EDGE('',*,*,#14658,.T.);
#14933=ORIENTED_EDGE('',*,*,#14932,.F.);
#14934=EDGE_LOOP('',(#14929,#14930,#14931,#14933));
#14935=FACE_OUTER_BOUND('',#14934,.F.);
#14937=CARTESIAN_POINT('',(4.32E0,5.354070705563E-1,-4.800093761707E0));
#14938=DIRECTION('',(1.E0,0.E0,0.E0));
#14939=DIRECTION('',(0.E0,1.E0,0.E0));
#14940=AXIS2_PLACEMENT_3D('',#14937,#14938,#14939);
#14941=CYLINDRICAL_SURFACE('',#14940,1.5E-1);
#14942=ORIENTED_EDGE('',*,*,#14560,.F.);
#14943=ORIENTED_EDGE('',*,*,#14932,.T.);
#14944=ORIENTED_EDGE('',*,*,#14656,.T.);
#14946=ORIENTED_EDGE('',*,*,#14945,.F.);
#14947=EDGE_LOOP('',(#14942,#14943,#14944,#14946));
#14948=FACE_OUTER_BOUND('',#14947,.F.);
#14950=CARTESIAN_POINT('',(4.32E0,6.788329112097E-1,-4.844014465627E0));
#14951=DIRECTION('',(0.E0,9.561722710226E-1,-2.928046928029E-1));
#14952=DIRECTION('',(0.E0,2.928046928029E-1,9.561722710226E-1));
#14953=AXIS2_PLACEMENT_3D('',#14950,#14951,#14952);
#14954=PLANE('',#14953);
#14955=ORIENTED_EDGE('',*,*,#14562,.F.);
#14956=ORIENTED_EDGE('',*,*,#14945,.T.);
#14957=ORIENTED_EDGE('',*,*,#14654,.T.);
#14959=ORIENTED_EDGE('',*,*,#14958,.F.);
#14960=EDGE_LOOP('',(#14955,#14956,#14957,#14959));
#14961=FACE_OUTER_BOUND('',#14960,.F.);
#14963=CARTESIAN_POINT('',(4.32E0,8.4E-1,-4.83E0));
#14964=DIRECTION('',(1.E0,0.E0,0.E0));
#14965=DIRECTION('',(0.E0,1.E0,0.E0));
#14966=AXIS2_PLACEMENT_3D('',#14963,#14964,#14965);
#14967=CYLINDRICAL_SURFACE('',#14966,1.5E-1);
#14968=ORIENTED_EDGE('',*,*,#14564,.F.);
#14969=ORIENTED_EDGE('',*,*,#14958,.T.);
#14970=ORIENTED_EDGE('',*,*,#14652,.T.);
#14972=ORIENTED_EDGE('',*,*,#14971,.F.);
#14973=EDGE_LOOP('',(#14968,#14969,#14970,#14972));
#14974=FACE_OUTER_BOUND('',#14973,.F.);
#14976=CARTESIAN_POINT('',(4.32E0,9.848888739434E-1,-4.791177143235E0));
#14977=DIRECTION('',(0.E0,-9.659258262891E-1,-2.588190451023E-1));
#14978=DIRECTION('',(0.E0,2.588190451023E-1,-9.659258262891E-1));
#14979=AXIS2_PLACEMENT_3D('',#14976,#14977,#14978);
#14980=PLANE('',#14979);
#14981=ORIENTED_EDGE('',*,*,#14566,.F.);
#14982=ORIENTED_EDGE('',*,*,#14971,.T.);
#14983=ORIENTED_EDGE('',*,*,#14650,.T.);
#14985=ORIENTED_EDGE('',*,*,#14984,.F.);
#14986=EDGE_LOOP('',(#14981,#14982,#14983,#14985));
#14987=FACE_OUTER_BOUND('',#14986,.F.);
#14989=CARTESIAN_POINT('',(4.32E0,1.142544378350E0,-4.8E0));
#14990=DIRECTION('',(1.E0,0.E0,0.E0));
#14991=DIRECTION('',(0.E0,1.E0,0.E0));
#14992=AXIS2_PLACEMENT_3D('',#14989,#14990,#14991);
#14993=CYLINDRICAL_SURFACE('',#14992,1.5E-1);
#14994=ORIENTED_EDGE('',*,*,#9933,.F.);
#14995=ORIENTED_EDGE('',*,*,#14568,.F.);
#14996=ORIENTED_EDGE('',*,*,#14984,.T.);
#14997=ORIENTED_EDGE('',*,*,#14648,.T.);
#14998=EDGE_LOOP('',(#14994,#14995,#14996,#14997));
#14999=FACE_OUTER_BOUND('',#14998,.F.);
#15001=CARTESIAN_POINT('',(4.32E0,6.1E-1,-4.04E0));
#15002=DIRECTION('',(1.E0,0.E0,0.E0));
#15003=DIRECTION('',(0.E0,1.E0,0.E0));
#15004=AXIS2_PLACEMENT_3D('',#15001,#15002,#15003);
#15005=CYLINDRICAL_SURFACE('',#15004,1.5E-1);
#15006=ORIENTED_EDGE('',*,*,#9937,.T.);
#15007=ORIENTED_EDGE('',*,*,#14645,.T.);
#15008=ORIENTED_EDGE('',*,*,#14827,.F.);
#15009=ORIENTED_EDGE('',*,*,#14571,.F.);
#15010=EDGE_LOOP('',(#15006,#15007,#15008,#15009));
#15011=FACE_OUTER_BOUND('',#15010,.F.);
#15013=CARTESIAN_POINT('',(-4.57E0,-6.05E-1,-4.04E0));
#15014=DIRECTION('',(1.E0,0.E0,0.E0));
#15015=DIRECTION('',(0.E0,1.E0,0.E0));
#15016=AXIS2_PLACEMENT_3D('',#15013,#15014,#15015);
#15017=CYLINDRICAL_SURFACE('',#15016,1.5E-1);
#15018=ORIENTED_EDGE('',*,*,#9673,.F.);
#15020=ORIENTED_EDGE('',*,*,#15019,.T.);
#15022=ORIENTED_EDGE('',*,*,#15021,.T.);
#15023=ORIENTED_EDGE('',*,*,#11149,.F.);
#15024=EDGE_LOOP('',(#15018,#15020,#15022,#15023));
#15025=FACE_OUTER_BOUND('',#15024,.F.);
#15027=CARTESIAN_POINT('',(-4.57E0,2.715E0,-4.361338911258E0));
#15028=DIRECTION('',(0.E0,5.147976746091E-2,9.986740376831E-1));
#15029=DIRECTION('',(0.E0,-9.986740376831E-1,5.147976746091E-2));
#15030=AXIS2_PLACEMENT_3D('',#15027,#15028,#15029);
#15031=PLANE('',#15030);
#15032=ORIENTED_EDGE('',*,*,#9643,.F.);
#15034=ORIENTED_EDGE('',*,*,#15033,.T.);
#15036=ORIENTED_EDGE('',*,*,#15035,.T.);
#15037=ORIENTED_EDGE('',*,*,#9771,.F.);
#15038=EDGE_LOOP('',(#15032,#15034,#15036,#15037));
#15039=FACE_OUTER_BOUND('',#15038,.F.);
#15041=CARTESIAN_POINT('',(-4.57E0,2.715E0,-4.361338911258E0));
#15042=DIRECTION('',(0.E0,5.147976746091E-2,9.986740376831E-1));
#15043=DIRECTION('',(0.E0,-9.986740376831E-1,5.147976746091E-2));
#15044=AXIS2_PLACEMENT_3D('',#15041,#15042,#15043);
#15045=PLANE('',#15044);
#15046=ORIENTED_EDGE('',*,*,#9671,.F.);
#15047=ORIENTED_EDGE('',*,*,#10006,.T.);
#15049=ORIENTED_EDGE('',*,*,#15048,.T.);
#15050=ORIENTED_EDGE('',*,*,#15019,.F.);
#15051=EDGE_LOOP('',(#15046,#15047,#15049,#15050));
#15052=FACE_OUTER_BOUND('',#15051,.F.);
#15054=CARTESIAN_POINT('',(-4.57E0,2.864857799005E0,-4.367868848268E0));
#15055=DIRECTION('',(1.E0,0.E0,0.E0));
#15056=DIRECTION('',(0.E0,1.E0,0.E0));
#15057=AXIS2_PLACEMENT_3D('',#15054,#15055,#15056);
#15058=CYLINDRICAL_SURFACE('',#15057,1.5E-1);
#15059=ORIENTED_EDGE('',*,*,#9661,.F.);
#15061=ORIENTED_EDGE('',*,*,#15060,.T.);
#15063=ORIENTED_EDGE('',*,*,#15062,.T.);
#15064=ORIENTED_EDGE('',*,*,#15033,.F.);
#15065=EDGE_LOOP('',(#15059,#15061,#15063,#15064));
#15066=FACE_OUTER_BOUND('',#15065,.F.);
#15068=CARTESIAN_POINT('',(-4.57E0,3.322721965119E0,-4.541670042903E0));
#15069=DIRECTION('',(0.E0,5.147976746091E-2,9.986740376831E-1));
#15070=DIRECTION('',(0.E0,-9.986740376831E-1,5.147976746091E-2));
#15071=AXIS2_PLACEMENT_3D('',#15068,#15069,#15070);
#15072=PLANE('',#15071);
#15073=ORIENTED_EDGE('',*,*,#9659,.F.);
#15075=ORIENTED_EDGE('',*,*,#15074,.T.);
#15077=ORIENTED_EDGE('',*,*,#15076,.T.);
#15078=ORIENTED_EDGE('',*,*,#15060,.F.);
#15079=EDGE_LOOP('',(#15073,#15075,#15077,#15078));
#15080=FACE_OUTER_BOUND('',#15079,.F.);
#15082=CARTESIAN_POINT('',(-4.57E0,3.315E0,-4.691471148555E0));
#15083=DIRECTION('',(1.E0,0.E0,0.E0));
#15084=DIRECTION('',(0.E0,1.E0,0.E0));
#15085=AXIS2_PLACEMENT_3D('',#15082,#15083,#15084);
#15086=CYLINDRICAL_SURFACE('',#15085,1.5E-1);
#15087=ORIENTED_EDGE('',*,*,#9657,.F.);
#15089=ORIENTED_EDGE('',*,*,#15088,.T.);
#15091=ORIENTED_EDGE('',*,*,#15090,.T.);
#15092=ORIENTED_EDGE('',*,*,#15074,.F.);
#15093=EDGE_LOOP('',(#15087,#15089,#15091,#15092));
#15094=FACE_OUTER_BOUND('',#15093,.F.);
#15096=CARTESIAN_POINT('',(-4.57E0,3.465E0,-5.142068623827E0));
#15097=DIRECTION('',(0.E0,1.E0,0.E0));
#15098=DIRECTION('',(0.E0,0.E0,1.E0));
#15099=AXIS2_PLACEMENT_3D('',#15096,#15097,#15098);
#15100=PLANE('',#15099);
#15101=ORIENTED_EDGE('',*,*,#9655,.F.);
#15103=ORIENTED_EDGE('',*,*,#15102,.T.);
#15105=ORIENTED_EDGE('',*,*,#15104,.T.);
#15106=ORIENTED_EDGE('',*,*,#15088,.F.);
#15107=EDGE_LOOP('',(#15101,#15103,#15105,#15106));
#15108=FACE_OUTER_BOUND('',#15107,.F.);
#15110=CARTESIAN_POINT('',(-4.57E0,3.315E0,-5.142068623827E0));
#15111=DIRECTION('',(1.E0,0.E0,0.E0));
#15112=DIRECTION('',(0.E0,1.E0,0.E0));
#15113=AXIS2_PLACEMENT_3D('',#15110,#15111,#15112);
#15114=CYLINDRICAL_SURFACE('',#15113,1.5E-1);
#15115=ORIENTED_EDGE('',*,*,#9653,.F.);
#15117=ORIENTED_EDGE('',*,*,#15116,.T.);
#15119=ORIENTED_EDGE('',*,*,#15118,.T.);
#15120=ORIENTED_EDGE('',*,*,#15102,.F.);
#15121=EDGE_LOOP('',(#15115,#15117,#15119,#15120));
#15122=FACE_OUTER_BOUND('',#15121,.F.);
#15124=CARTESIAN_POINT('',(-4.57E0,1.332055554303E0,-5.190050727336E0));
#15125=DIRECTION('',(0.E0,-5.147976746091E-2,-9.986740376831E-1));
#15126=DIRECTION('',(0.E0,9.986740376831E-1,-5.147976746091E-2));
#15127=AXIS2_PLACEMENT_3D('',#15124,#15125,#15126);
#15128=PLANE('',#15127);
#15129=ORIENTED_EDGE('',*,*,#9651,.F.);
#15131=ORIENTED_EDGE('',*,*,#15130,.T.);
#15133=ORIENTED_EDGE('',*,*,#15132,.T.);
#15134=ORIENTED_EDGE('',*,*,#15116,.F.);
#15135=EDGE_LOOP('',(#15129,#15131,#15133,#15134));
#15136=FACE_OUTER_BOUND('',#15135,.F.);
#15138=CARTESIAN_POINT('',(-4.57E0,1.015E0,-4.894899435359E0));
#15139=DIRECTION('',(0.E0,-6.813710873348E-1,-7.319381403809E-1));
#15140=DIRECTION('',(0.E0,7.319381403809E-1,-6.813710873348E-1));
#15141=AXIS2_PLACEMENT_3D('',#15138,#15139,#15140);
#15142=PLANE('',#15141);
#15143=ORIENTED_EDGE('',*,*,#9689,.F.);
#15145=ORIENTED_EDGE('',*,*,#15144,.T.);
#15147=ORIENTED_EDGE('',*,*,#15146,.T.);
#15148=ORIENTED_EDGE('',*,*,#10002,.F.);
#15149=EDGE_LOOP('',(#15143,#15145,#15147,#15148));
#15150=FACE_OUTER_BOUND('',#15149,.F.);
#15152=CARTESIAN_POINT('',(-4.57E0,1.015E0,-4.894899435359E0));
#15153=DIRECTION('',(0.E0,-6.813710873348E-1,-7.319381403809E-1));
#15154=DIRECTION('',(0.E0,7.319381403809E-1,-6.813710873348E-1));
#15155=AXIS2_PLACEMENT_3D('',#15152,#15153,#15154);
#15156=PLANE('',#15155);
#15157=ORIENTED_EDGE('',*,*,#9649,.F.);
#15158=ORIENTED_EDGE('',*,*,#9913,.T.);
#15160=ORIENTED_EDGE('',*,*,#15159,.T.);
#15161=ORIENTED_EDGE('',*,*,#15130,.F.);
#15162=EDGE_LOOP('',(#15157,#15158,#15160,#15161));
#15163=FACE_OUTER_BOUND('',#15162,.F.);
#15165=CARTESIAN_POINT('',(-4.57E0,-5.250172991923E-1,-4.95E0));
#15166=DIRECTION('',(0.E0,3.575630611351E-2,-9.993605388313E-1));
#15167=DIRECTION('',(0.E0,9.993605388313E-1,3.575630611351E-2));
#15168=AXIS2_PLACEMENT_3D('',#15165,#15166,#15167);
#15169=PLANE('',#15168);
#15170=ORIENTED_EDGE('',*,*,#9687,.F.);
#15172=ORIENTED_EDGE('',*,*,#15171,.T.);
#15174=ORIENTED_EDGE('',*,*,#15173,.T.);
#15175=ORIENTED_EDGE('',*,*,#15144,.F.);
#15176=EDGE_LOOP('',(#15170,#15172,#15174,#15175));
#15177=FACE_OUTER_BOUND('',#15176,.F.);
#15179=CARTESIAN_POINT('',(-4.57E0,-5.303807451093E-1,-4.800095919175E0));
#15180=DIRECTION('',(1.E0,0.E0,0.E0));
#15181=DIRECTION('',(0.E0,1.E0,0.E0));
#15182=AXIS2_PLACEMENT_3D('',#15179,#15180,#15181);
#15183=CYLINDRICAL_SURFACE('',#15182,1.5E-1);
#15184=ORIENTED_EDGE('',*,*,#9685,.F.);
#15186=ORIENTED_EDGE('',*,*,#15185,.T.);
#15188=ORIENTED_EDGE('',*,*,#15187,.T.);
#15189=ORIENTED_EDGE('',*,*,#15171,.F.);
#15190=EDGE_LOOP('',(#15184,#15186,#15188,#15189));
#15191=FACE_OUTER_BOUND('',#15190,.F.);
#15193=CARTESIAN_POINT('',(-4.57E0,-6.915919388160E-1,-4.786021278015E0));
#15194=DIRECTION('',(0.E0,-9.560537412267E-1,-2.931914799010E-1));
#15195=DIRECTION('',(0.E0,2.931914799010E-1,-9.560537412267E-1));
#15196=AXIS2_PLACEMENT_3D('',#15193,#15194,#15195);
#15197=PLANE('',#15196);
#15198=ORIENTED_EDGE('',*,*,#9683,.F.);
#15200=ORIENTED_EDGE('',*,*,#15199,.T.);
#15202=ORIENTED_EDGE('',*,*,#15201,.T.);
#15203=ORIENTED_EDGE('',*,*,#15185,.F.);
#15204=EDGE_LOOP('',(#15198,#15200,#15202,#15203));
#15205=FACE_OUTER_BOUND('',#15204,.F.);
#15207=CARTESIAN_POINT('',(-4.57E0,-8.35E-1,-4.83E0));
#15208=DIRECTION('',(1.E0,0.E0,0.E0));
#15209=DIRECTION('',(0.E0,1.E0,0.E0));
#15210=AXIS2_PLACEMENT_3D('',#15207,#15208,#15209);
#15211=CYLINDRICAL_SURFACE('',#15210,1.5E-1);
#15212=ORIENTED_EDGE('',*,*,#9681,.F.);
#15214=ORIENTED_EDGE('',*,*,#15213,.T.);
#15216=ORIENTED_EDGE('',*,*,#15215,.T.);
#15217=ORIENTED_EDGE('',*,*,#15199,.F.);
#15218=EDGE_LOOP('',(#15212,#15214,#15216,#15217));
#15219=FACE_OUTER_BOUND('',#15218,.F.);
#15221=CARTESIAN_POINT('',(-4.57E0,-9.926555044066E-1,-4.838822856765E0));
#15222=DIRECTION('',(0.E0,9.659258262893E-1,-2.588190451016E-1));
#15223=DIRECTION('',(0.E0,2.588190451016E-1,9.659258262893E-1));
#15224=AXIS2_PLACEMENT_3D('',#15221,#15222,#15223);
#15225=PLANE('',#15224);
#15226=ORIENTED_EDGE('',*,*,#9679,.F.);
#15228=ORIENTED_EDGE('',*,*,#15227,.T.);
#15230=ORIENTED_EDGE('',*,*,#15229,.T.);
#15231=ORIENTED_EDGE('',*,*,#15213,.F.);
#15232=EDGE_LOOP('',(#15226,#15228,#15230,#15231));
#15233=FACE_OUTER_BOUND('',#15232,.F.);
#15235=CARTESIAN_POINT('',(-4.57E0,-1.137544378350E0,-4.8E0));
#15236=DIRECTION('',(1.E0,0.E0,0.E0));
#15237=DIRECTION('',(0.E0,1.E0,0.E0));
#15238=AXIS2_PLACEMENT_3D('',#15235,#15236,#15237);
#15239=CYLINDRICAL_SURFACE('',#15238,1.5E-1);
#15240=ORIENTED_EDGE('',*,*,#9677,.F.);
#15241=ORIENTED_EDGE('',*,*,#11153,.T.);
#15243=ORIENTED_EDGE('',*,*,#15242,.T.);
#15244=ORIENTED_EDGE('',*,*,#15227,.F.);
#15245=EDGE_LOOP('',(#15240,#15241,#15243,#15244));
#15246=FACE_OUTER_BOUND('',#15245,.F.);
#15248=CARTESIAN_POINT('',(-4.32E0,7.5E-1,0.E0));
#15249=DIRECTION('',(1.E0,0.E0,0.E0));
#15250=DIRECTION('',(0.E0,1.E0,0.E0));
#15251=AXIS2_PLACEMENT_3D('',#15248,#15249,#15250);
#15252=PLANE('',#15251);
#15253=ORIENTED_EDGE('',*,*,#9704,.F.);
#15254=ORIENTED_EDGE('',*,*,#9718,.F.);
#15255=ORIENTED_EDGE('',*,*,#9732,.F.);
#15256=ORIENTED_EDGE('',*,*,#9746,.F.);
#15257=ORIENTED_EDGE('',*,*,#9852,.T.);
#15258=ORIENTED_EDGE('',*,*,#9459,.T.);
#15259=EDGE_LOOP('',(#15253,#15254,#15255,#15256,#15257,#15258));
#15260=FACE_OUTER_BOUND('',#15259,.F.);
#15262=CARTESIAN_POINT('',(-4.32E0,7.5E-1,0.E0));
#15263=DIRECTION('',(1.E0,0.E0,0.E0));
#15264=DIRECTION('',(0.E0,1.E0,0.E0));
#15265=AXIS2_PLACEMENT_3D('',#15262,#15263,#15264);
#15266=PLANE('',#15265);
#15268=ORIENTED_EDGE('',*,*,#15267,.F.);
#15269=ORIENTED_EDGE('',*,*,#9583,.T.);
#15270=ORIENTED_EDGE('',*,*,#10887,.T.);
#15272=ORIENTED_EDGE('',*,*,#15271,.F.);
#15274=ORIENTED_EDGE('',*,*,#15273,.F.);
#15276=ORIENTED_EDGE('',*,*,#15275,.F.);
#15278=ORIENTED_EDGE('',*,*,#15277,.F.);
#15280=ORIENTED_EDGE('',*,*,#15279,.F.);
#15282=ORIENTED_EDGE('',*,*,#15281,.F.);
#15284=ORIENTED_EDGE('',*,*,#15283,.F.);
#15286=ORIENTED_EDGE('',*,*,#15285,.F.);
#15287=EDGE_LOOP('',(#15268,#15269,#15270,#15272,#15274,#15276,#15278,#15280,
#15282,#15284,#15286));
#15288=FACE_OUTER_BOUND('',#15287,.F.);
#15290=CARTESIAN_POINT('',(-4.32E0,7.5E-1,0.E0));
#15291=DIRECTION('',(1.E0,0.E0,0.E0));
#15292=DIRECTION('',(0.E0,1.E0,0.E0));
#15293=AXIS2_PLACEMENT_3D('',#15290,#15291,#15292);
#15294=PLANE('',#15293);
#15295=ORIENTED_EDGE('',*,*,#15035,.F.);
#15296=ORIENTED_EDGE('',*,*,#15062,.F.);
#15297=ORIENTED_EDGE('',*,*,#15076,.F.);
#15298=ORIENTED_EDGE('',*,*,#15090,.F.);
#15299=ORIENTED_EDGE('',*,*,#15104,.F.);
#15300=ORIENTED_EDGE('',*,*,#15118,.F.);
#15301=ORIENTED_EDGE('',*,*,#15132,.F.);
#15302=ORIENTED_EDGE('',*,*,#15159,.F.);
#15303=ORIENTED_EDGE('',*,*,#9911,.T.);
#15304=ORIENTED_EDGE('',*,*,#9773,.T.);
#15305=EDGE_LOOP('',(#15295,#15296,#15297,#15298,#15299,#15300,#15301,#15302,
#15303,#15304));
#15306=FACE_OUTER_BOUND('',#15305,.F.);
#15308=CARTESIAN_POINT('',(-4.32E0,7.5E-1,0.E0));
#15309=DIRECTION('',(1.E0,0.E0,0.E0));
#15310=DIRECTION('',(0.E0,1.E0,0.E0));
#15311=AXIS2_PLACEMENT_3D('',#15308,#15309,#15310);
#15312=PLANE('',#15311);
#15313=ORIENTED_EDGE('',*,*,#15048,.F.);
#15314=ORIENTED_EDGE('',*,*,#10004,.T.);
#15315=ORIENTED_EDGE('',*,*,#15146,.F.);
#15316=ORIENTED_EDGE('',*,*,#15173,.F.);
#15317=ORIENTED_EDGE('',*,*,#15187,.F.);
#15318=ORIENTED_EDGE('',*,*,#15201,.F.);
#15319=ORIENTED_EDGE('',*,*,#15215,.F.);
#15320=ORIENTED_EDGE('',*,*,#15229,.F.);
#15321=ORIENTED_EDGE('',*,*,#15242,.F.);
#15322=ORIENTED_EDGE('',*,*,#11151,.T.);
#15323=ORIENTED_EDGE('',*,*,#15021,.F.);
#15324=EDGE_LOOP('',(#15313,#15314,#15315,#15316,#15317,#15318,#15319,#15320,
#15321,#15322,#15323));
#15325=FACE_OUTER_BOUND('',#15324,.F.);
#15327=CARTESIAN_POINT('',(-4.57E0,-2.285E0,-3.242893218813E0));
#15328=DIRECTION('',(1.E0,0.E0,0.E0));
#15329=DIRECTION('',(0.E0,1.E0,0.E0));
#15330=AXIS2_PLACEMENT_3D('',#15327,#15328,#15329);
#15331=CYLINDRICAL_SURFACE('',#15330,5.E-1);
#15332=ORIENTED_EDGE('',*,*,#9614,.F.);
#15333=ORIENTED_EDGE('',*,*,#9585,.T.);
#15334=ORIENTED_EDGE('',*,*,#15267,.T.);
#15336=ORIENTED_EDGE('',*,*,#15335,.F.);
#15337=EDGE_LOOP('',(#15332,#15333,#15334,#15336));
#15338=FACE_OUTER_BOUND('',#15337,.F.);
#15340=CARTESIAN_POINT('',(-4.57E0,-1.931446609407E0,-3.596446609407E0));
#15341=DIRECTION('',(0.E0,-7.071067811865E-1,7.071067811865E-1));
#15342=DIRECTION('',(0.E0,-7.071067811865E-1,-7.071067811865E-1));
#15343=AXIS2_PLACEMENT_3D('',#15340,#15341,#15342);
#15344=PLANE('',#15343);
#15345=ORIENTED_EDGE('',*,*,#9616,.F.);
#15346=ORIENTED_EDGE('',*,*,#15335,.T.);
#15347=ORIENTED_EDGE('',*,*,#15285,.T.);
#15349=ORIENTED_EDGE('',*,*,#15348,.F.);
#15350=EDGE_LOOP('',(#15345,#15346,#15347,#15349));
#15351=FACE_OUTER_BOUND('',#15350,.F.);
#15353=CARTESIAN_POINT('',(-4.57E0,-2.655E0,-4.32E0));
#15354=DIRECTION('',(0.E0,-1.E0,0.E0));
#15355=DIRECTION('',(0.E0,0.E0,-1.E0));
#15356=AXIS2_PLACEMENT_3D('',#15353,#15354,#15355);
#15357=PLANE('',#15356);
#15358=ORIENTED_EDGE('',*,*,#9618,.F.);
#15359=ORIENTED_EDGE('',*,*,#15348,.T.);
#15360=ORIENTED_EDGE('',*,*,#15283,.T.);
#15362=ORIENTED_EDGE('',*,*,#15361,.F.);
#15363=EDGE_LOOP('',(#15358,#15359,#15360,#15362));
#15364=FACE_OUTER_BOUND('',#15363,.F.);
#15366=CARTESIAN_POINT('',(-4.57E0,-2.655E0,-4.85E0));
#15367=DIRECTION('',(0.E0,0.E0,-1.E0));
#15368=DIRECTION('',(0.E0,1.E0,0.E0));
#15369=AXIS2_PLACEMENT_3D('',#15366,#15367,#15368);
#15370=PLANE('',#15369);
#15371=ORIENTED_EDGE('',*,*,#9620,.F.);
#15372=ORIENTED_EDGE('',*,*,#15361,.T.);
#15373=ORIENTED_EDGE('',*,*,#15281,.T.);
#15375=ORIENTED_EDGE('',*,*,#15374,.F.);
#15376=EDGE_LOOP('',(#15371,#15372,#15373,#15375));
#15377=FACE_OUTER_BOUND('',#15376,.F.);
#15379=CARTESIAN_POINT('',(-4.57E0,-2.055E0,-4.85E0));
#15380=DIRECTION('',(0.E0,1.E0,0.E0));
#15381=DIRECTION('',(0.E0,0.E0,1.E0));
#15382=AXIS2_PLACEMENT_3D('',#15379,#15380,#15381);
#15383=PLANE('',#15382);
#15384=ORIENTED_EDGE('',*,*,#9622,.F.);
#15385=ORIENTED_EDGE('',*,*,#15374,.T.);
#15386=ORIENTED_EDGE('',*,*,#15279,.T.);
#15388=ORIENTED_EDGE('',*,*,#15387,.F.);
#15389=EDGE_LOOP('',(#15384,#15385,#15386,#15388));
#15390=FACE_OUTER_BOUND('',#15389,.F.);
#15392=CARTESIAN_POINT('',(-4.57E0,-1.905E0,-4.8E0));
#15393=DIRECTION('',(1.E0,0.E0,0.E0));
#15394=DIRECTION('',(0.E0,1.E0,0.E0));
#15395=AXIS2_PLACEMENT_3D('',#15392,#15393,#15394);
#15396=CYLINDRICAL_SURFACE('',#15395,1.5E-1);
#15397=ORIENTED_EDGE('',*,*,#9624,.F.);
#15398=ORIENTED_EDGE('',*,*,#15387,.T.);
#15399=ORIENTED_EDGE('',*,*,#15277,.T.);
#15401=ORIENTED_EDGE('',*,*,#15400,.F.);
#15402=EDGE_LOOP('',(#15397,#15398,#15399,#15401));
#15403=FACE_OUTER_BOUND('',#15402,.F.);
#15405=CARTESIAN_POINT('',(-4.57E0,-1.760111126057E0,-4.761177143235E0));
#15406=DIRECTION('',(0.E0,-9.659258262891E-1,-2.588190451023E-1));
#15407=DIRECTION('',(0.E0,2.588190451023E-1,-9.659258262891E-1));
#15408=AXIS2_PLACEMENT_3D('',#15405,#15406,#15407);
#15409=PLANE('',#15408);
#15410=ORIENTED_EDGE('',*,*,#9626,.F.);
#15411=ORIENTED_EDGE('',*,*,#15400,.T.);
#15412=ORIENTED_EDGE('',*,*,#15275,.T.);
#15414=ORIENTED_EDGE('',*,*,#15413,.F.);
#15415=EDGE_LOOP('',(#15410,#15411,#15412,#15414));
#15416=FACE_OUTER_BOUND('',#15415,.F.);
#15418=CARTESIAN_POINT('',(-4.57E0,-1.594417145877E0,-4.8E0));
#15419=DIRECTION('',(1.E0,0.E0,0.E0));
#15420=DIRECTION('',(0.E0,1.E0,0.E0));
#15421=AXIS2_PLACEMENT_3D('',#15418,#15419,#15420);
#15422=CYLINDRICAL_SURFACE('',#15421,1.5E-1);
#15423=ORIENTED_EDGE('',*,*,#9628,.F.);
#15424=ORIENTED_EDGE('',*,*,#15413,.T.);
#15425=ORIENTED_EDGE('',*,*,#15273,.T.);
#15427=ORIENTED_EDGE('',*,*,#15426,.F.);
#15428=EDGE_LOOP('',(#15423,#15424,#15425,#15427));
#15429=FACE_OUTER_BOUND('',#15428,.F.);
#15431=CARTESIAN_POINT('',(-4.57E0,-1.594417145877E0,-4.95E0));
#15432=DIRECTION('',(0.E0,0.E0,-1.E0));
#15433=DIRECTION('',(0.E0,1.E0,0.E0));
#15434=AXIS2_PLACEMENT_3D('',#15431,#15432,#15433);
#15435=PLANE('',#15434);
#15436=ORIENTED_EDGE('',*,*,#9630,.F.);
#15437=ORIENTED_EDGE('',*,*,#15426,.T.);
#15438=ORIENTED_EDGE('',*,*,#15271,.T.);
#15439=ORIENTED_EDGE('',*,*,#10885,.F.);
#15440=EDGE_LOOP('',(#15436,#15437,#15438,#15439));
#15441=FACE_OUTER_BOUND('',#15440,.F.);
#15443=CARTESIAN_POINT('',(-5.345E0,-3.E0,-1.9E0));
#15444=DIRECTION('',(1.E0,0.E0,0.E0));
#15445=DIRECTION('',(0.E0,0.E0,1.E0));
#15446=AXIS2_PLACEMENT_3D('',#15443,#15444,#15445);
#15447=PLANE('',#15446);
#15448=ORIENTED_EDGE('',*,*,#8488,.T.);
#15449=ORIENTED_EDGE('',*,*,#8912,.T.);
#15450=ORIENTED_EDGE('',*,*,#8715,.T.);
#15451=ORIENTED_EDGE('',*,*,#9127,.T.);
#15452=EDGE_LOOP('',(#15448,#15449,#15450,#15451));
#15453=FACE_OUTER_BOUND('',#15452,.F.);
#15455=CARTESIAN_POINT('',(4.87E0,-1.05E0,0.E0));
#15456=DIRECTION('',(1.E0,0.E0,0.E0));
#15457=DIRECTION('',(0.E0,1.E0,0.E0));
#15458=AXIS2_PLACEMENT_3D('',#15455,#15456,#15457);
#15459=PLANE('',#15458);
#15460=ORIENTED_EDGE('',*,*,#9132,.F.);
#15462=ORIENTED_EDGE('',*,*,#15461,.T.);
#15464=ORIENTED_EDGE('',*,*,#15463,.T.);
#15466=ORIENTED_EDGE('',*,*,#15465,.F.);
#15467=EDGE_LOOP('',(#15460,#15462,#15464,#15466));
#15468=FACE_OUTER_BOUND('',#15467,.F.);
#15470=CARTESIAN_POINT('',(4.645E0,-1.05E0,0.E0));
#15471=DIRECTION('',(0.E0,-1.E0,0.E0));
#15472=DIRECTION('',(1.E0,0.E0,0.E0));
#15473=AXIS2_PLACEMENT_3D('',#15470,#15471,#15472);
#15474=PLANE('',#15473);
#15475=ORIENTED_EDGE('',*,*,#9154,.F.);
#15477=ORIENTED_EDGE('',*,*,#15476,.T.);
#15479=ORIENTED_EDGE('',*,*,#15478,.T.);
#15480=ORIENTED_EDGE('',*,*,#15461,.F.);
#15481=EDGE_LOOP('',(#15475,#15477,#15479,#15480));
#15482=FACE_OUTER_BOUND('',#15481,.F.);
#15484=CARTESIAN_POINT('',(4.645E0,-1.5E0,0.E0));
#15485=DIRECTION('',(1.E0,0.E0,0.E0));
#15486=DIRECTION('',(0.E0,1.E0,0.E0));
#15487=AXIS2_PLACEMENT_3D('',#15484,#15485,#15486);
#15488=PLANE('',#15487);
#15489=ORIENTED_EDGE('',*,*,#9152,.F.);
#15491=ORIENTED_EDGE('',*,*,#15490,.T.);
#15493=ORIENTED_EDGE('',*,*,#15492,.T.);
#15494=ORIENTED_EDGE('',*,*,#15476,.F.);
#15495=EDGE_LOOP('',(#15489,#15491,#15493,#15494));
#15496=FACE_OUTER_BOUND('',#15495,.F.);
#15498=CARTESIAN_POINT('',(4.245E0,-1.5E0,0.E0));
#15499=DIRECTION('',(0.E0,-1.E0,0.E0));
#15500=DIRECTION('',(1.E0,0.E0,0.E0));
#15501=AXIS2_PLACEMENT_3D('',#15498,#15499,#15500);
#15502=PLANE('',#15501);
#15503=ORIENTED_EDGE('',*,*,#9150,.F.);
#15505=ORIENTED_EDGE('',*,*,#15504,.T.);
#15507=ORIENTED_EDGE('',*,*,#15506,.T.);
#15508=ORIENTED_EDGE('',*,*,#15490,.F.);
#15509=EDGE_LOOP('',(#15503,#15505,#15507,#15508));
#15510=FACE_OUTER_BOUND('',#15509,.F.);
#15512=CARTESIAN_POINT('',(4.245E0,-1.05E0,0.E0));
#15513=DIRECTION('',(-1.E0,0.E0,0.E0));
#15514=DIRECTION('',(0.E0,-1.E0,0.E0));
#15515=AXIS2_PLACEMENT_3D('',#15512,#15513,#15514);
#15516=PLANE('',#15515);
#15517=ORIENTED_EDGE('',*,*,#9148,.F.);
#15519=ORIENTED_EDGE('',*,*,#15518,.T.);
#15521=ORIENTED_EDGE('',*,*,#15520,.T.);
#15522=ORIENTED_EDGE('',*,*,#15504,.F.);
#15523=EDGE_LOOP('',(#15517,#15519,#15521,#15522));
#15524=FACE_OUTER_BOUND('',#15523,.F.);
#15526=CARTESIAN_POINT('',(4.02E0,-1.05E0,0.E0));
#15527=DIRECTION('',(0.E0,-1.E0,0.E0));
#15528=DIRECTION('',(1.E0,0.E0,0.E0));
#15529=AXIS2_PLACEMENT_3D('',#15526,#15527,#15528);
#15530=PLANE('',#15529);
#15531=ORIENTED_EDGE('',*,*,#9146,.F.);
#15533=ORIENTED_EDGE('',*,*,#15532,.T.);
#15535=ORIENTED_EDGE('',*,*,#15534,.T.);
#15536=ORIENTED_EDGE('',*,*,#15518,.F.);
#15537=EDGE_LOOP('',(#15531,#15533,#15535,#15536));
#15538=FACE_OUTER_BOUND('',#15537,.F.);
#15540=CARTESIAN_POINT('',(4.02E0,-4.5E-1,0.E0));
#15541=DIRECTION('',(-1.E0,0.E0,0.E0));
#15542=DIRECTION('',(0.E0,-1.E0,0.E0));
#15543=AXIS2_PLACEMENT_3D('',#15540,#15541,#15542);
#15544=PLANE('',#15543);
#15545=ORIENTED_EDGE('',*,*,#9144,.F.);
#15547=ORIENTED_EDGE('',*,*,#15546,.T.);
#15549=ORIENTED_EDGE('',*,*,#15548,.T.);
#15550=ORIENTED_EDGE('',*,*,#15532,.F.);
#15551=EDGE_LOOP('',(#15545,#15547,#15549,#15550));
#15552=FACE_OUTER_BOUND('',#15551,.F.);
#15554=CARTESIAN_POINT('',(4.245E0,-4.5E-1,0.E0));
#15555=DIRECTION('',(0.E0,1.E0,0.E0));
#15556=DIRECTION('',(-1.E0,0.E0,0.E0));
#15557=AXIS2_PLACEMENT_3D('',#15554,#15555,#15556);
#15558=PLANE('',#15557);
#15559=ORIENTED_EDGE('',*,*,#9142,.F.);
#15561=ORIENTED_EDGE('',*,*,#15560,.T.);
#15563=ORIENTED_EDGE('',*,*,#15562,.T.);
#15564=ORIENTED_EDGE('',*,*,#15546,.F.);
#15565=EDGE_LOOP('',(#15559,#15561,#15563,#15564));
#15566=FACE_OUTER_BOUND('',#15565,.F.);
#15568=CARTESIAN_POINT('',(4.245E0,0.E0,0.E0));
#15569=DIRECTION('',(-1.E0,0.E0,0.E0));
#15570=DIRECTION('',(0.E0,-1.E0,0.E0));
#15571=AXIS2_PLACEMENT_3D('',#15568,#15569,#15570);
#15572=PLANE('',#15571);
#15573=ORIENTED_EDGE('',*,*,#9140,.F.);
#15575=ORIENTED_EDGE('',*,*,#15574,.T.);
#15577=ORIENTED_EDGE('',*,*,#15576,.T.);
#15578=ORIENTED_EDGE('',*,*,#15560,.F.);
#15579=EDGE_LOOP('',(#15573,#15575,#15577,#15578));
#15580=FACE_OUTER_BOUND('',#15579,.F.);
#15582=CARTESIAN_POINT('',(4.645E0,0.E0,0.E0));
#15583=DIRECTION('',(0.E0,1.E0,0.E0));
#15584=DIRECTION('',(-1.E0,0.E0,0.E0));
#15585=AXIS2_PLACEMENT_3D('',#15582,#15583,#15584);
#15586=PLANE('',#15585);
#15587=ORIENTED_EDGE('',*,*,#9138,.F.);
#15589=ORIENTED_EDGE('',*,*,#15588,.T.);
#15591=ORIENTED_EDGE('',*,*,#15590,.T.);
#15592=ORIENTED_EDGE('',*,*,#15574,.F.);
#15593=EDGE_LOOP('',(#15587,#15589,#15591,#15592));
#15594=FACE_OUTER_BOUND('',#15593,.F.);
#15596=CARTESIAN_POINT('',(4.645E0,-4.5E-1,0.E0));
#15597=DIRECTION('',(1.E0,0.E0,0.E0));
#15598=DIRECTION('',(0.E0,1.E0,0.E0));
#15599=AXIS2_PLACEMENT_3D('',#15596,#15597,#15598);
#15600=PLANE('',#15599);
#15601=ORIENTED_EDGE('',*,*,#9136,.F.);
#15603=ORIENTED_EDGE('',*,*,#15602,.T.);
#15605=ORIENTED_EDGE('',*,*,#15604,.T.);
#15606=ORIENTED_EDGE('',*,*,#15588,.F.);
#15607=EDGE_LOOP('',(#15601,#15603,#15605,#15606));
#15608=FACE_OUTER_BOUND('',#15607,.F.);
#15610=CARTESIAN_POINT('',(4.87E0,-4.5E-1,0.E0));
#15611=DIRECTION('',(0.E0,1.E0,0.E0));
#15612=DIRECTION('',(-1.E0,0.E0,0.E0));
#15613=AXIS2_PLACEMENT_3D('',#15610,#15611,#15612);
#15614=PLANE('',#15613);
#15615=ORIENTED_EDGE('',*,*,#9134,.F.);
#15616=ORIENTED_EDGE('',*,*,#15465,.T.);
#15618=ORIENTED_EDGE('',*,*,#15617,.T.);
#15619=ORIENTED_EDGE('',*,*,#15602,.F.);
#15620=EDGE_LOOP('',(#15615,#15616,#15618,#15619));
#15621=FACE_OUTER_BOUND('',#15620,.F.);
#15623=CARTESIAN_POINT('',(0.E0,0.E0,-1.E-1));
#15624=DIRECTION('',(0.E0,0.E0,1.E0));
#15625=DIRECTION('',(0.E0,1.E0,0.E0));
#15626=AXIS2_PLACEMENT_3D('',#15623,#15624,#15625);
#15627=PLANE('',#15626);
#15628=ORIENTED_EDGE('',*,*,#15463,.F.);
#15629=ORIENTED_EDGE('',*,*,#15478,.F.);
#15630=ORIENTED_EDGE('',*,*,#15492,.F.);
#15631=ORIENTED_EDGE('',*,*,#15506,.F.);
#15632=ORIENTED_EDGE('',*,*,#15520,.F.);
#15633=ORIENTED_EDGE('',*,*,#15534,.F.);
#15634=ORIENTED_EDGE('',*,*,#15548,.F.);
#15635=ORIENTED_EDGE('',*,*,#15562,.F.);
#15636=ORIENTED_EDGE('',*,*,#15576,.F.);
#15637=ORIENTED_EDGE('',*,*,#15590,.F.);
#15638=ORIENTED_EDGE('',*,*,#15604,.F.);
#15639=ORIENTED_EDGE('',*,*,#15617,.F.);
#15640=EDGE_LOOP('',(#15628,#15629,#15630,#15631,#15632,#15633,#15634,#15635,
#15636,#15637,#15638,#15639));
#15641=FACE_OUTER_BOUND('',#15640,.F.);
#15643=CARTESIAN_POINT('',(0.E0,0.E0,-1.E-1));
#15644=DIRECTION('',(0.E0,0.E0,1.E0));
#15645=DIRECTION('',(0.E0,1.E0,0.E0));
#15646=AXIS2_PLACEMENT_3D('',#15643,#15644,#15645);
#15647=PLANE('',#15646);
#15649=ORIENTED_EDGE('',*,*,#15648,.F.);
#15651=ORIENTED_EDGE('',*,*,#15650,.F.);
#15653=ORIENTED_EDGE('',*,*,#15652,.F.);
#15655=ORIENTED_EDGE('',*,*,#15654,.F.);
#15657=ORIENTED_EDGE('',*,*,#15656,.F.);
#15659=ORIENTED_EDGE('',*,*,#15658,.F.);
#15661=ORIENTED_EDGE('',*,*,#15660,.F.);
#15663=ORIENTED_EDGE('',*,*,#15662,.F.);
#15665=ORIENTED_EDGE('',*,*,#15664,.F.);
#15667=ORIENTED_EDGE('',*,*,#15666,.F.);
#15669=ORIENTED_EDGE('',*,*,#15668,.F.);
#15671=ORIENTED_EDGE('',*,*,#15670,.F.);
#15672=EDGE_LOOP('',(#15649,#15651,#15653,#15655,#15657,#15659,#15661,#15663,
#15665,#15667,#15669,#15671));
#15673=FACE_OUTER_BOUND('',#15672,.F.);
#15675=CARTESIAN_POINT('',(2.975E0,0.E0,0.E0));
#15676=DIRECTION('',(0.E0,-1.E0,0.E0));
#15677=DIRECTION('',(1.E0,0.E0,0.E0));
#15678=AXIS2_PLACEMENT_3D('',#15675,#15676,#15677);
#15679=PLANE('',#15678);
#15680=ORIENTED_EDGE('',*,*,#9158,.F.);
#15682=ORIENTED_EDGE('',*,*,#15681,.T.);
#15683=ORIENTED_EDGE('',*,*,#15648,.T.);
#15685=ORIENTED_EDGE('',*,*,#15684,.F.);
#15686=EDGE_LOOP('',(#15680,#15682,#15683,#15685));
#15687=FACE_OUTER_BOUND('',#15686,.F.);
#15689=CARTESIAN_POINT('',(2.975E0,4.5E-1,0.E0));
#15690=DIRECTION('',(-1.E0,0.E0,0.E0));
#15691=DIRECTION('',(0.E0,-1.E0,0.E0));
#15692=AXIS2_PLACEMENT_3D('',#15689,#15690,#15691);
#15693=PLANE('',#15692);
#15694=ORIENTED_EDGE('',*,*,#9180,.F.);
#15696=ORIENTED_EDGE('',*,*,#15695,.T.);
#15697=ORIENTED_EDGE('',*,*,#15650,.T.);
#15698=ORIENTED_EDGE('',*,*,#15681,.F.);
#15699=EDGE_LOOP('',(#15694,#15696,#15697,#15698));
#15700=FACE_OUTER_BOUND('',#15699,.F.);
#15702=CARTESIAN_POINT('',(2.75E0,4.5E-1,0.E0));
#15703=DIRECTION('',(0.E0,-1.E0,0.E0));
#15704=DIRECTION('',(1.E0,0.E0,0.E0));
#15705=AXIS2_PLACEMENT_3D('',#15702,#15703,#15704);
#15706=PLANE('',#15705);
#15707=ORIENTED_EDGE('',*,*,#9178,.F.);
#15709=ORIENTED_EDGE('',*,*,#15708,.T.);
#15710=ORIENTED_EDGE('',*,*,#15652,.T.);
#15711=ORIENTED_EDGE('',*,*,#15695,.F.);
#15712=EDGE_LOOP('',(#15707,#15709,#15710,#15711));
#15713=FACE_OUTER_BOUND('',#15712,.F.);
#15715=CARTESIAN_POINT('',(2.75E0,1.05E0,0.E0));
#15716=DIRECTION('',(-1.E0,0.E0,0.E0));
#15717=DIRECTION('',(0.E0,-1.E0,0.E0));
#15718=AXIS2_PLACEMENT_3D('',#15715,#15716,#15717);
#15719=PLANE('',#15718);
#15720=ORIENTED_EDGE('',*,*,#9176,.F.);
#15722=ORIENTED_EDGE('',*,*,#15721,.T.);
#15723=ORIENTED_EDGE('',*,*,#15654,.T.);
#15724=ORIENTED_EDGE('',*,*,#15708,.F.);
#15725=EDGE_LOOP('',(#15720,#15722,#15723,#15724));
#15726=FACE_OUTER_BOUND('',#15725,.F.);
#15728=CARTESIAN_POINT('',(2.975E0,1.05E0,0.E0));
#15729=DIRECTION('',(0.E0,1.E0,0.E0));
#15730=DIRECTION('',(-1.E0,0.E0,0.E0));
#15731=AXIS2_PLACEMENT_3D('',#15728,#15729,#15730);
#15732=PLANE('',#15731);
#15733=ORIENTED_EDGE('',*,*,#9174,.F.);
#15735=ORIENTED_EDGE('',*,*,#15734,.T.);
#15736=ORIENTED_EDGE('',*,*,#15656,.T.);
#15737=ORIENTED_EDGE('',*,*,#15721,.F.);
#15738=EDGE_LOOP('',(#15733,#15735,#15736,#15737));
#15739=FACE_OUTER_BOUND('',#15738,.F.);
#15741=CARTESIAN_POINT('',(2.975E0,1.5E0,0.E0));
#15742=DIRECTION('',(-1.E0,0.E0,0.E0));
#15743=DIRECTION('',(0.E0,-1.E0,0.E0));
#15744=AXIS2_PLACEMENT_3D('',#15741,#15742,#15743);
#15745=PLANE('',#15744);
#15746=ORIENTED_EDGE('',*,*,#9172,.F.);
#15748=ORIENTED_EDGE('',*,*,#15747,.T.);
#15749=ORIENTED_EDGE('',*,*,#15658,.T.);
#15750=ORIENTED_EDGE('',*,*,#15734,.F.);
#15751=EDGE_LOOP('',(#15746,#15748,#15749,#15750));
#15752=FACE_OUTER_BOUND('',#15751,.F.);
#15754=CARTESIAN_POINT('',(3.375E0,1.5E0,0.E0));
#15755=DIRECTION('',(0.E0,1.E0,0.E0));
#15756=DIRECTION('',(-1.E0,0.E0,0.E0));
#15757=AXIS2_PLACEMENT_3D('',#15754,#15755,#15756);
#15758=PLANE('',#15757);
#15759=ORIENTED_EDGE('',*,*,#9170,.F.);
#15761=ORIENTED_EDGE('',*,*,#15760,.T.);
#15762=ORIENTED_EDGE('',*,*,#15660,.T.);
#15763=ORIENTED_EDGE('',*,*,#15747,.F.);
#15764=EDGE_LOOP('',(#15759,#15761,#15762,#15763));
#15765=FACE_OUTER_BOUND('',#15764,.F.);
#15767=CARTESIAN_POINT('',(3.375E0,1.05E0,0.E0));
#15768=DIRECTION('',(1.E0,0.E0,0.E0));
#15769=DIRECTION('',(0.E0,1.E0,0.E0));
#15770=AXIS2_PLACEMENT_3D('',#15767,#15768,#15769);
#15771=PLANE('',#15770);
#15772=ORIENTED_EDGE('',*,*,#9168,.F.);
#15774=ORIENTED_EDGE('',*,*,#15773,.T.);
#15775=ORIENTED_EDGE('',*,*,#15662,.T.);
#15776=ORIENTED_EDGE('',*,*,#15760,.F.);
#15777=EDGE_LOOP('',(#15772,#15774,#15775,#15776));
#15778=FACE_OUTER_BOUND('',#15777,.F.);
#15780=CARTESIAN_POINT('',(3.6E0,1.05E0,0.E0));
#15781=DIRECTION('',(0.E0,1.E0,0.E0));
#15782=DIRECTION('',(-1.E0,0.E0,0.E0));
#15783=AXIS2_PLACEMENT_3D('',#15780,#15781,#15782);
#15784=PLANE('',#15783);
#15785=ORIENTED_EDGE('',*,*,#9166,.F.);
#15787=ORIENTED_EDGE('',*,*,#15786,.T.);
#15788=ORIENTED_EDGE('',*,*,#15664,.T.);
#15789=ORIENTED_EDGE('',*,*,#15773,.F.);
#15790=EDGE_LOOP('',(#15785,#15787,#15788,#15789));
#15791=FACE_OUTER_BOUND('',#15790,.F.);
#15793=CARTESIAN_POINT('',(3.6E0,4.5E-1,0.E0));
#15794=DIRECTION('',(1.E0,0.E0,0.E0));
#15795=DIRECTION('',(0.E0,1.E0,0.E0));
#15796=AXIS2_PLACEMENT_3D('',#15793,#15794,#15795);
#15797=PLANE('',#15796);
#15798=ORIENTED_EDGE('',*,*,#9164,.F.);
#15800=ORIENTED_EDGE('',*,*,#15799,.T.);
#15801=ORIENTED_EDGE('',*,*,#15666,.T.);
#15802=ORIENTED_EDGE('',*,*,#15786,.F.);
#15803=EDGE_LOOP('',(#15798,#15800,#15801,#15802));
#15804=FACE_OUTER_BOUND('',#15803,.F.);
#15806=CARTESIAN_POINT('',(3.375E0,4.5E-1,0.E0));
#15807=DIRECTION('',(0.E0,-1.E0,0.E0));
#15808=DIRECTION('',(1.E0,0.E0,0.E0));
#15809=AXIS2_PLACEMENT_3D('',#15806,#15807,#15808);
#15810=PLANE('',#15809);
#15811=ORIENTED_EDGE('',*,*,#9162,.F.);
#15813=ORIENTED_EDGE('',*,*,#15812,.T.);
#15814=ORIENTED_EDGE('',*,*,#15668,.T.);
#15815=ORIENTED_EDGE('',*,*,#15799,.F.);
#15816=EDGE_LOOP('',(#15811,#15813,#15814,#15815));
#15817=FACE_OUTER_BOUND('',#15816,.F.);
#15819=CARTESIAN_POINT('',(3.375E0,0.E0,0.E0));
#15820=DIRECTION('',(1.E0,0.E0,0.E0));
#15821=DIRECTION('',(0.E0,1.E0,0.E0));
#15822=AXIS2_PLACEMENT_3D('',#15819,#15820,#15821);
#15823=PLANE('',#15822);
#15824=ORIENTED_EDGE('',*,*,#9160,.F.);
#15825=ORIENTED_EDGE('',*,*,#15684,.T.);
#15826=ORIENTED_EDGE('',*,*,#15670,.T.);
#15827=ORIENTED_EDGE('',*,*,#15812,.F.);
#15828=EDGE_LOOP('',(#15824,#15825,#15826,#15827));
#15829=FACE_OUTER_BOUND('',#15828,.F.);
#15831=CARTESIAN_POINT('',(2.33E0,-1.05E0,0.E0));
#15832=DIRECTION('',(1.E0,0.E0,0.E0));
#15833=DIRECTION('',(0.E0,1.E0,0.E0));
#15834=AXIS2_PLACEMENT_3D('',#15831,#15832,#15833);
#15835=PLANE('',#15834);
#15837=ORIENTED_EDGE('',*,*,#15836,.T.);
#15839=ORIENTED_EDGE('',*,*,#15838,.T.);
#15841=ORIENTED_EDGE('',*,*,#15840,.F.);
#15842=ORIENTED_EDGE('',*,*,#9184,.F.);
#15843=EDGE_LOOP('',(#15837,#15839,#15841,#15842));
#15844=FACE_OUTER_BOUND('',#15843,.F.);
#15846=CARTESIAN_POINT('',(2.105E0,-1.05E0,0.E0));
#15847=DIRECTION('',(0.E0,-1.E0,0.E0));
#15848=DIRECTION('',(1.E0,0.E0,0.E0));
#15849=AXIS2_PLACEMENT_3D('',#15846,#15847,#15848);
#15850=PLANE('',#15849);
#15851=ORIENTED_EDGE('',*,*,#15836,.F.);
#15852=ORIENTED_EDGE('',*,*,#9206,.F.);
#15854=ORIENTED_EDGE('',*,*,#15853,.T.);
#15856=ORIENTED_EDGE('',*,*,#15855,.T.);
#15857=EDGE_LOOP('',(#15851,#15852,#15854,#15856));
#15858=FACE_OUTER_BOUND('',#15857,.F.);
#15860=CARTESIAN_POINT('',(2.105E0,-1.5E0,0.E0));
#15861=DIRECTION('',(1.E0,0.E0,0.E0));
#15862=DIRECTION('',(0.E0,1.E0,0.E0));
#15863=AXIS2_PLACEMENT_3D('',#15860,#15861,#15862);
#15864=PLANE('',#15863);
#15866=ORIENTED_EDGE('',*,*,#15865,.T.);
#15868=ORIENTED_EDGE('',*,*,#15867,.T.);
#15869=ORIENTED_EDGE('',*,*,#15853,.F.);
#15870=ORIENTED_EDGE('',*,*,#9204,.F.);
#15871=EDGE_LOOP('',(#15866,#15868,#15869,#15870));
#15872=FACE_OUTER_BOUND('',#15871,.F.);
#15874=CARTESIAN_POINT('',(1.705E0,-1.5E0,0.E0));
#15875=DIRECTION('',(0.E0,-1.E0,0.E0));
#15876=DIRECTION('',(1.E0,0.E0,0.E0));
#15877=AXIS2_PLACEMENT_3D('',#15874,#15875,#15876);
#15878=PLANE('',#15877);
#15880=ORIENTED_EDGE('',*,*,#15879,.T.);
#15882=ORIENTED_EDGE('',*,*,#15881,.T.);
#15883=ORIENTED_EDGE('',*,*,#15865,.F.);
#15884=ORIENTED_EDGE('',*,*,#9202,.F.);
#15885=EDGE_LOOP('',(#15880,#15882,#15883,#15884));
#15886=FACE_OUTER_BOUND('',#15885,.F.);
#15888=CARTESIAN_POINT('',(1.705E0,-1.05E0,0.E0));
#15889=DIRECTION('',(-1.E0,0.E0,0.E0));
#15890=DIRECTION('',(0.E0,-1.E0,0.E0));
#15891=AXIS2_PLACEMENT_3D('',#15888,#15889,#15890);
#15892=PLANE('',#15891);
#15894=ORIENTED_EDGE('',*,*,#15893,.T.);
#15896=ORIENTED_EDGE('',*,*,#15895,.T.);
#15897=ORIENTED_EDGE('',*,*,#15879,.F.);
#15898=ORIENTED_EDGE('',*,*,#9200,.F.);
#15899=EDGE_LOOP('',(#15894,#15896,#15897,#15898));
#15900=FACE_OUTER_BOUND('',#15899,.F.);
#15902=CARTESIAN_POINT('',(1.48E0,-1.05E0,0.E0));
#15903=DIRECTION('',(0.E0,-1.E0,0.E0));
#15904=DIRECTION('',(1.E0,0.E0,0.E0));
#15905=AXIS2_PLACEMENT_3D('',#15902,#15903,#15904);
#15906=PLANE('',#15905);
#15908=ORIENTED_EDGE('',*,*,#15907,.T.);
#15910=ORIENTED_EDGE('',*,*,#15909,.T.);
#15911=ORIENTED_EDGE('',*,*,#15893,.F.);
#15912=ORIENTED_EDGE('',*,*,#9198,.F.);
#15913=EDGE_LOOP('',(#15908,#15910,#15911,#15912));
#15914=FACE_OUTER_BOUND('',#15913,.F.);
#15916=CARTESIAN_POINT('',(1.48E0,-4.5E-1,0.E0));
#15917=DIRECTION('',(-1.E0,0.E0,0.E0));
#15918=DIRECTION('',(0.E0,-1.E0,0.E0));
#15919=AXIS2_PLACEMENT_3D('',#15916,#15917,#15918);
#15920=PLANE('',#15919);
#15922=ORIENTED_EDGE('',*,*,#15921,.T.);
#15924=ORIENTED_EDGE('',*,*,#15923,.T.);
#15925=ORIENTED_EDGE('',*,*,#15907,.F.);
#15926=ORIENTED_EDGE('',*,*,#9196,.F.);
#15927=EDGE_LOOP('',(#15922,#15924,#15925,#15926));
#15928=FACE_OUTER_BOUND('',#15927,.F.);
#15930=CARTESIAN_POINT('',(1.705E0,-4.5E-1,0.E0));
#15931=DIRECTION('',(0.E0,1.E0,0.E0));
#15932=DIRECTION('',(-1.E0,0.E0,0.E0));
#15933=AXIS2_PLACEMENT_3D('',#15930,#15931,#15932);
#15934=PLANE('',#15933);
#15936=ORIENTED_EDGE('',*,*,#15935,.T.);
#15938=ORIENTED_EDGE('',*,*,#15937,.T.);
#15939=ORIENTED_EDGE('',*,*,#15921,.F.);
#15940=ORIENTED_EDGE('',*,*,#9194,.F.);
#15941=EDGE_LOOP('',(#15936,#15938,#15939,#15940));
#15942=FACE_OUTER_BOUND('',#15941,.F.);
#15944=CARTESIAN_POINT('',(1.705E0,0.E0,0.E0));
#15945=DIRECTION('',(-1.E0,0.E0,0.E0));
#15946=DIRECTION('',(0.E0,-1.E0,0.E0));
#15947=AXIS2_PLACEMENT_3D('',#15944,#15945,#15946);
#15948=PLANE('',#15947);
#15950=ORIENTED_EDGE('',*,*,#15949,.T.);
#15952=ORIENTED_EDGE('',*,*,#15951,.T.);
#15953=ORIENTED_EDGE('',*,*,#15935,.F.);
#15954=ORIENTED_EDGE('',*,*,#9192,.F.);
#15955=EDGE_LOOP('',(#15950,#15952,#15953,#15954));
#15956=FACE_OUTER_BOUND('',#15955,.F.);
#15958=CARTESIAN_POINT('',(2.105E0,0.E0,0.E0));
#15959=DIRECTION('',(0.E0,1.E0,0.E0));
#15960=DIRECTION('',(-1.E0,0.E0,0.E0));
#15961=AXIS2_PLACEMENT_3D('',#15958,#15959,#15960);
#15962=PLANE('',#15961);
#15964=ORIENTED_EDGE('',*,*,#15963,.T.);
#15966=ORIENTED_EDGE('',*,*,#15965,.T.);
#15967=ORIENTED_EDGE('',*,*,#15949,.F.);
#15968=ORIENTED_EDGE('',*,*,#9190,.F.);
#15969=EDGE_LOOP('',(#15964,#15966,#15967,#15968));
#15970=FACE_OUTER_BOUND('',#15969,.F.);
#15972=CARTESIAN_POINT('',(2.105E0,-4.5E-1,0.E0));
#15973=DIRECTION('',(1.E0,0.E0,0.E0));
#15974=DIRECTION('',(0.E0,1.E0,0.E0));
#15975=AXIS2_PLACEMENT_3D('',#15972,#15973,#15974);
#15976=PLANE('',#15975);
#15978=ORIENTED_EDGE('',*,*,#15977,.T.);
#15980=ORIENTED_EDGE('',*,*,#15979,.T.);
#15981=ORIENTED_EDGE('',*,*,#15963,.F.);
#15982=ORIENTED_EDGE('',*,*,#9188,.F.);
#15983=EDGE_LOOP('',(#15978,#15980,#15981,#15982));
#15984=FACE_OUTER_BOUND('',#15983,.F.);
#15986=CARTESIAN_POINT('',(2.33E0,-4.5E-1,0.E0));
#15987=DIRECTION('',(0.E0,1.E0,0.E0));
#15988=DIRECTION('',(-1.E0,0.E0,0.E0));
#15989=AXIS2_PLACEMENT_3D('',#15986,#15987,#15988);
#15990=PLANE('',#15989);
#15991=ORIENTED_EDGE('',*,*,#15840,.T.);
#15993=ORIENTED_EDGE('',*,*,#15992,.T.);
#15994=ORIENTED_EDGE('',*,*,#15977,.F.);
#15995=ORIENTED_EDGE('',*,*,#9186,.F.);
#15996=EDGE_LOOP('',(#15991,#15993,#15994,#15995));
#15997=FACE_OUTER_BOUND('',#15996,.F.);
#15999=CARTESIAN_POINT('',(-2.54E0,0.E0,-1.E-1));
#16000=DIRECTION('',(0.E0,0.E0,1.E0));
#16001=DIRECTION('',(0.E0,1.E0,0.E0));
#16002=AXIS2_PLACEMENT_3D('',#15999,#16000,#16001);
#16003=PLANE('',#16002);
#16004=ORIENTED_EDGE('',*,*,#15838,.F.);
#16005=ORIENTED_EDGE('',*,*,#15855,.F.);
#16006=ORIENTED_EDGE('',*,*,#15867,.F.);
#16007=ORIENTED_EDGE('',*,*,#15881,.F.);
#16008=ORIENTED_EDGE('',*,*,#15895,.F.);
#16009=ORIENTED_EDGE('',*,*,#15909,.F.);
#16010=ORIENTED_EDGE('',*,*,#15923,.F.);
#16011=ORIENTED_EDGE('',*,*,#15937,.F.);
#16012=ORIENTED_EDGE('',*,*,#15951,.F.);
#16013=ORIENTED_EDGE('',*,*,#15965,.F.);
#16014=ORIENTED_EDGE('',*,*,#15979,.F.);
#16015=ORIENTED_EDGE('',*,*,#15992,.F.);
#16016=EDGE_LOOP('',(#16004,#16005,#16006,#16007,#16008,#16009,#16010,#16011,
#16012,#16013,#16014,#16015));
#16017=FACE_OUTER_BOUND('',#16016,.F.);
#16019=CARTESIAN_POINT('',(-2.54E0,0.E0,-1.E-1));
#16020=DIRECTION('',(0.E0,0.E0,1.E0));
#16021=DIRECTION('',(0.E0,1.E0,0.E0));
#16022=AXIS2_PLACEMENT_3D('',#16019,#16020,#16021);
#16023=PLANE('',#16022);
#16025=ORIENTED_EDGE('',*,*,#16024,.F.);
#16027=ORIENTED_EDGE('',*,*,#16026,.F.);
#16029=ORIENTED_EDGE('',*,*,#16028,.F.);
#16031=ORIENTED_EDGE('',*,*,#16030,.F.);
#16033=ORIENTED_EDGE('',*,*,#16032,.F.);
#16035=ORIENTED_EDGE('',*,*,#16034,.F.);
#16037=ORIENTED_EDGE('',*,*,#16036,.F.);
#16039=ORIENTED_EDGE('',*,*,#16038,.F.);
#16041=ORIENTED_EDGE('',*,*,#16040,.F.);
#16043=ORIENTED_EDGE('',*,*,#16042,.F.);
#16045=ORIENTED_EDGE('',*,*,#16044,.F.);
#16047=ORIENTED_EDGE('',*,*,#16046,.F.);
#16048=EDGE_LOOP('',(#16025,#16027,#16029,#16031,#16033,#16035,#16037,#16039,
#16041,#16043,#16045,#16047));
#16049=FACE_OUTER_BOUND('',#16048,.F.);
#16051=CARTESIAN_POINT('',(4.35E-1,0.E0,0.E0));
#16052=DIRECTION('',(0.E0,-1.E0,0.E0));
#16053=DIRECTION('',(1.E0,0.E0,0.E0));
#16054=AXIS2_PLACEMENT_3D('',#16051,#16052,#16053);
#16055=PLANE('',#16054);
#16057=ORIENTED_EDGE('',*,*,#16056,.T.);
#16058=ORIENTED_EDGE('',*,*,#16024,.T.);
#16060=ORIENTED_EDGE('',*,*,#16059,.F.);
#16061=ORIENTED_EDGE('',*,*,#9210,.F.);
#16062=EDGE_LOOP('',(#16057,#16058,#16060,#16061));
#16063=FACE_OUTER_BOUND('',#16062,.F.);
#16065=CARTESIAN_POINT('',(4.35E-1,4.5E-1,0.E0));
#16066=DIRECTION('',(-1.E0,0.E0,0.E0));
#16067=DIRECTION('',(0.E0,-1.E0,0.E0));
#16068=AXIS2_PLACEMENT_3D('',#16065,#16066,#16067);
#16069=PLANE('',#16068);
#16070=ORIENTED_EDGE('',*,*,#16056,.F.);
#16071=ORIENTED_EDGE('',*,*,#9232,.F.);
#16073=ORIENTED_EDGE('',*,*,#16072,.T.);
#16074=ORIENTED_EDGE('',*,*,#16026,.T.);
#16075=EDGE_LOOP('',(#16070,#16071,#16073,#16074));
#16076=FACE_OUTER_BOUND('',#16075,.F.);
#16078=CARTESIAN_POINT('',(2.1E-1,4.5E-1,0.E0));
#16079=DIRECTION('',(0.E0,-1.E0,0.E0));
#16080=DIRECTION('',(1.E0,0.E0,0.E0));
#16081=AXIS2_PLACEMENT_3D('',#16078,#16079,#16080);
#16082=PLANE('',#16081);
#16084=ORIENTED_EDGE('',*,*,#16083,.T.);
#16085=ORIENTED_EDGE('',*,*,#16028,.T.);
#16086=ORIENTED_EDGE('',*,*,#16072,.F.);
#16087=ORIENTED_EDGE('',*,*,#9230,.F.);
#16088=EDGE_LOOP('',(#16084,#16085,#16086,#16087));
#16089=FACE_OUTER_BOUND('',#16088,.F.);
#16091=CARTESIAN_POINT('',(2.1E-1,1.05E0,0.E0));
#16092=DIRECTION('',(-1.E0,0.E0,0.E0));
#16093=DIRECTION('',(0.E0,-1.E0,0.E0));
#16094=AXIS2_PLACEMENT_3D('',#16091,#16092,#16093);
#16095=PLANE('',#16094);
#16097=ORIENTED_EDGE('',*,*,#16096,.T.);
#16098=ORIENTED_EDGE('',*,*,#16030,.T.);
#16099=ORIENTED_EDGE('',*,*,#16083,.F.);
#16100=ORIENTED_EDGE('',*,*,#9228,.F.);
#16101=EDGE_LOOP('',(#16097,#16098,#16099,#16100));
#16102=FACE_OUTER_BOUND('',#16101,.F.);
#16104=CARTESIAN_POINT('',(4.35E-1,1.05E0,0.E0));
#16105=DIRECTION('',(0.E0,1.E0,0.E0));
#16106=DIRECTION('',(-1.E0,0.E0,0.E0));
#16107=AXIS2_PLACEMENT_3D('',#16104,#16105,#16106);
#16108=PLANE('',#16107);
#16110=ORIENTED_EDGE('',*,*,#16109,.T.);
#16111=ORIENTED_EDGE('',*,*,#16032,.T.);
#16112=ORIENTED_EDGE('',*,*,#16096,.F.);
#16113=ORIENTED_EDGE('',*,*,#9226,.F.);
#16114=EDGE_LOOP('',(#16110,#16111,#16112,#16113));
#16115=FACE_OUTER_BOUND('',#16114,.F.);
#16117=CARTESIAN_POINT('',(4.35E-1,1.5E0,0.E0));
#16118=DIRECTION('',(-1.E0,0.E0,0.E0));
#16119=DIRECTION('',(0.E0,-1.E0,0.E0));
#16120=AXIS2_PLACEMENT_3D('',#16117,#16118,#16119);
#16121=PLANE('',#16120);
#16123=ORIENTED_EDGE('',*,*,#16122,.T.);
#16124=ORIENTED_EDGE('',*,*,#16034,.T.);
#16125=ORIENTED_EDGE('',*,*,#16109,.F.);
#16126=ORIENTED_EDGE('',*,*,#9224,.F.);
#16127=EDGE_LOOP('',(#16123,#16124,#16125,#16126));
#16128=FACE_OUTER_BOUND('',#16127,.F.);
#16130=CARTESIAN_POINT('',(8.35E-1,1.5E0,0.E0));
#16131=DIRECTION('',(0.E0,1.E0,0.E0));
#16132=DIRECTION('',(-1.E0,0.E0,0.E0));
#16133=AXIS2_PLACEMENT_3D('',#16130,#16131,#16132);
#16134=PLANE('',#16133);
#16136=ORIENTED_EDGE('',*,*,#16135,.T.);
#16137=ORIENTED_EDGE('',*,*,#16036,.T.);
#16138=ORIENTED_EDGE('',*,*,#16122,.F.);
#16139=ORIENTED_EDGE('',*,*,#9222,.F.);
#16140=EDGE_LOOP('',(#16136,#16137,#16138,#16139));
#16141=FACE_OUTER_BOUND('',#16140,.F.);
#16143=CARTESIAN_POINT('',(8.35E-1,1.05E0,0.E0));
#16144=DIRECTION('',(1.E0,0.E0,0.E0));
#16145=DIRECTION('',(0.E0,1.E0,0.E0));
#16146=AXIS2_PLACEMENT_3D('',#16143,#16144,#16145);
#16147=PLANE('',#16146);
#16149=ORIENTED_EDGE('',*,*,#16148,.T.);
#16150=ORIENTED_EDGE('',*,*,#16038,.T.);
#16151=ORIENTED_EDGE('',*,*,#16135,.F.);
#16152=ORIENTED_EDGE('',*,*,#9220,.F.);
#16153=EDGE_LOOP('',(#16149,#16150,#16151,#16152));
#16154=FACE_OUTER_BOUND('',#16153,.F.);
#16156=CARTESIAN_POINT('',(1.06E0,1.05E0,0.E0));
#16157=DIRECTION('',(0.E0,1.E0,0.E0));
#16158=DIRECTION('',(-1.E0,0.E0,0.E0));
#16159=AXIS2_PLACEMENT_3D('',#16156,#16157,#16158);
#16160=PLANE('',#16159);
#16162=ORIENTED_EDGE('',*,*,#16161,.T.);
#16163=ORIENTED_EDGE('',*,*,#16040,.T.);
#16164=ORIENTED_EDGE('',*,*,#16148,.F.);
#16165=ORIENTED_EDGE('',*,*,#9218,.F.);
#16166=EDGE_LOOP('',(#16162,#16163,#16164,#16165));
#16167=FACE_OUTER_BOUND('',#16166,.F.);
#16169=CARTESIAN_POINT('',(1.06E0,4.5E-1,0.E0));
#16170=DIRECTION('',(1.E0,0.E0,0.E0));
#16171=DIRECTION('',(0.E0,1.E0,0.E0));
#16172=AXIS2_PLACEMENT_3D('',#16169,#16170,#16171);
#16173=PLANE('',#16172);
#16175=ORIENTED_EDGE('',*,*,#16174,.T.);
#16176=ORIENTED_EDGE('',*,*,#16042,.T.);
#16177=ORIENTED_EDGE('',*,*,#16161,.F.);
#16178=ORIENTED_EDGE('',*,*,#9216,.F.);
#16179=EDGE_LOOP('',(#16175,#16176,#16177,#16178));
#16180=FACE_OUTER_BOUND('',#16179,.F.);
#16182=CARTESIAN_POINT('',(8.35E-1,4.5E-1,0.E0));
#16183=DIRECTION('',(0.E0,-1.E0,0.E0));
#16184=DIRECTION('',(1.E0,0.E0,0.E0));
#16185=AXIS2_PLACEMENT_3D('',#16182,#16183,#16184);
#16186=PLANE('',#16185);
#16188=ORIENTED_EDGE('',*,*,#16187,.T.);
#16189=ORIENTED_EDGE('',*,*,#16044,.T.);
#16190=ORIENTED_EDGE('',*,*,#16174,.F.);
#16191=ORIENTED_EDGE('',*,*,#9214,.F.);
#16192=EDGE_LOOP('',(#16188,#16189,#16190,#16191));
#16193=FACE_OUTER_BOUND('',#16192,.F.);
#16195=CARTESIAN_POINT('',(8.35E-1,0.E0,0.E0));
#16196=DIRECTION('',(1.E0,0.E0,0.E0));
#16197=DIRECTION('',(0.E0,1.E0,0.E0));
#16198=AXIS2_PLACEMENT_3D('',#16195,#16196,#16197);
#16199=PLANE('',#16198);
#16200=ORIENTED_EDGE('',*,*,#16059,.T.);
#16201=ORIENTED_EDGE('',*,*,#16046,.T.);
#16202=ORIENTED_EDGE('',*,*,#16187,.F.);
#16203=ORIENTED_EDGE('',*,*,#9212,.F.);
#16204=EDGE_LOOP('',(#16200,#16201,#16202,#16203));
#16205=FACE_OUTER_BOUND('',#16204,.F.);
#16207=CARTESIAN_POINT('',(-2.1E-1,-1.05E0,0.E0));
#16208=DIRECTION('',(1.E0,0.E0,0.E0));
#16209=DIRECTION('',(0.E0,1.E0,0.E0));
#16210=AXIS2_PLACEMENT_3D('',#16207,#16208,#16209);
#16211=PLANE('',#16210);
#16213=ORIENTED_EDGE('',*,*,#16212,.T.);
#16215=ORIENTED_EDGE('',*,*,#16214,.T.);
#16217=ORIENTED_EDGE('',*,*,#16216,.F.);
#16218=ORIENTED_EDGE('',*,*,#9236,.F.);
#16219=EDGE_LOOP('',(#16213,#16215,#16217,#16218));
#16220=FACE_OUTER_BOUND('',#16219,.F.);
#16222=CARTESIAN_POINT('',(-4.35E-1,-1.05E0,0.E0));
#16223=DIRECTION('',(0.E0,-1.E0,0.E0));
#16224=DIRECTION('',(1.E0,0.E0,0.E0));
#16225=AXIS2_PLACEMENT_3D('',#16222,#16223,#16224);
#16226=PLANE('',#16225);
#16227=ORIENTED_EDGE('',*,*,#16212,.F.);
#16228=ORIENTED_EDGE('',*,*,#9258,.F.);
#16230=ORIENTED_EDGE('',*,*,#16229,.T.);
#16232=ORIENTED_EDGE('',*,*,#16231,.T.);
#16233=EDGE_LOOP('',(#16227,#16228,#16230,#16232));
#16234=FACE_OUTER_BOUND('',#16233,.F.);
#16236=CARTESIAN_POINT('',(-4.35E-1,-1.5E0,0.E0));
#16237=DIRECTION('',(1.E0,0.E0,0.E0));
#16238=DIRECTION('',(0.E0,1.E0,0.E0));
#16239=AXIS2_PLACEMENT_3D('',#16236,#16237,#16238);
#16240=PLANE('',#16239);
#16242=ORIENTED_EDGE('',*,*,#16241,.T.);
#16244=ORIENTED_EDGE('',*,*,#16243,.T.);
#16245=ORIENTED_EDGE('',*,*,#16229,.F.);
#16246=ORIENTED_EDGE('',*,*,#9256,.F.);
#16247=EDGE_LOOP('',(#16242,#16244,#16245,#16246));
#16248=FACE_OUTER_BOUND('',#16247,.F.);
#16250=CARTESIAN_POINT('',(-8.35E-1,-1.5E0,0.E0));
#16251=DIRECTION('',(0.E0,-1.E0,0.E0));
#16252=DIRECTION('',(1.E0,0.E0,0.E0));
#16253=AXIS2_PLACEMENT_3D('',#16250,#16251,#16252);
#16254=PLANE('',#16253);
#16256=ORIENTED_EDGE('',*,*,#16255,.T.);
#16258=ORIENTED_EDGE('',*,*,#16257,.T.);
#16259=ORIENTED_EDGE('',*,*,#16241,.F.);
#16260=ORIENTED_EDGE('',*,*,#9254,.F.);
#16261=EDGE_LOOP('',(#16256,#16258,#16259,#16260));
#16262=FACE_OUTER_BOUND('',#16261,.F.);
#16264=CARTESIAN_POINT('',(-8.35E-1,-1.05E0,0.E0));
#16265=DIRECTION('',(-1.E0,0.E0,0.E0));
#16266=DIRECTION('',(0.E0,-1.E0,0.E0));
#16267=AXIS2_PLACEMENT_3D('',#16264,#16265,#16266);
#16268=PLANE('',#16267);
#16270=ORIENTED_EDGE('',*,*,#16269,.T.);
#16272=ORIENTED_EDGE('',*,*,#16271,.T.);
#16273=ORIENTED_EDGE('',*,*,#16255,.F.);
#16274=ORIENTED_EDGE('',*,*,#9252,.F.);
#16275=EDGE_LOOP('',(#16270,#16272,#16273,#16274));
#16276=FACE_OUTER_BOUND('',#16275,.F.);
#16278=CARTESIAN_POINT('',(-1.06E0,-1.05E0,0.E0));
#16279=DIRECTION('',(0.E0,-1.E0,0.E0));
#16280=DIRECTION('',(1.E0,0.E0,0.E0));
#16281=AXIS2_PLACEMENT_3D('',#16278,#16279,#16280);
#16282=PLANE('',#16281);
#16284=ORIENTED_EDGE('',*,*,#16283,.T.);
#16286=ORIENTED_EDGE('',*,*,#16285,.T.);
#16287=ORIENTED_EDGE('',*,*,#16269,.F.);
#16288=ORIENTED_EDGE('',*,*,#9250,.F.);
#16289=EDGE_LOOP('',(#16284,#16286,#16287,#16288));
#16290=FACE_OUTER_BOUND('',#16289,.F.);
#16292=CARTESIAN_POINT('',(-1.06E0,-4.5E-1,0.E0));
#16293=DIRECTION('',(-1.E0,0.E0,0.E0));
#16294=DIRECTION('',(0.E0,-1.E0,0.E0));
#16295=AXIS2_PLACEMENT_3D('',#16292,#16293,#16294);
#16296=PLANE('',#16295);
#16298=ORIENTED_EDGE('',*,*,#16297,.T.);
#16300=ORIENTED_EDGE('',*,*,#16299,.T.);
#16301=ORIENTED_EDGE('',*,*,#16283,.F.);
#16302=ORIENTED_EDGE('',*,*,#9248,.F.);
#16303=EDGE_LOOP('',(#16298,#16300,#16301,#16302));
#16304=FACE_OUTER_BOUND('',#16303,.F.);
#16306=CARTESIAN_POINT('',(-8.35E-1,-4.5E-1,0.E0));
#16307=DIRECTION('',(0.E0,1.E0,0.E0));
#16308=DIRECTION('',(-1.E0,0.E0,0.E0));
#16309=AXIS2_PLACEMENT_3D('',#16306,#16307,#16308);
#16310=PLANE('',#16309);
#16312=ORIENTED_EDGE('',*,*,#16311,.T.);
#16314=ORIENTED_EDGE('',*,*,#16313,.T.);
#16315=ORIENTED_EDGE('',*,*,#16297,.F.);
#16316=ORIENTED_EDGE('',*,*,#9246,.F.);
#16317=EDGE_LOOP('',(#16312,#16314,#16315,#16316));
#16318=FACE_OUTER_BOUND('',#16317,.F.);
#16320=CARTESIAN_POINT('',(-8.35E-1,0.E0,0.E0));
#16321=DIRECTION('',(-1.E0,0.E0,0.E0));
#16322=DIRECTION('',(0.E0,-1.E0,0.E0));
#16323=AXIS2_PLACEMENT_3D('',#16320,#16321,#16322);
#16324=PLANE('',#16323);
#16326=ORIENTED_EDGE('',*,*,#16325,.T.);
#16328=ORIENTED_EDGE('',*,*,#16327,.T.);
#16329=ORIENTED_EDGE('',*,*,#16311,.F.);
#16330=ORIENTED_EDGE('',*,*,#9244,.F.);
#16331=EDGE_LOOP('',(#16326,#16328,#16329,#16330));
#16332=FACE_OUTER_BOUND('',#16331,.F.);
#16334=CARTESIAN_POINT('',(-4.35E-1,0.E0,0.E0));
#16335=DIRECTION('',(0.E0,1.E0,0.E0));
#16336=DIRECTION('',(-1.E0,0.E0,0.E0));
#16337=AXIS2_PLACEMENT_3D('',#16334,#16335,#16336);
#16338=PLANE('',#16337);
#16340=ORIENTED_EDGE('',*,*,#16339,.T.);
#16342=ORIENTED_EDGE('',*,*,#16341,.T.);
#16343=ORIENTED_EDGE('',*,*,#16325,.F.);
#16344=ORIENTED_EDGE('',*,*,#9242,.F.);
#16345=EDGE_LOOP('',(#16340,#16342,#16343,#16344));
#16346=FACE_OUTER_BOUND('',#16345,.F.);
#16348=CARTESIAN_POINT('',(-4.35E-1,-4.5E-1,0.E0));
#16349=DIRECTION('',(1.E0,0.E0,0.E0));
#16350=DIRECTION('',(0.E0,1.E0,0.E0));
#16351=AXIS2_PLACEMENT_3D('',#16348,#16349,#16350);
#16352=PLANE('',#16351);
#16354=ORIENTED_EDGE('',*,*,#16353,.T.);
#16356=ORIENTED_EDGE('',*,*,#16355,.T.);
#16357=ORIENTED_EDGE('',*,*,#16339,.F.);
#16358=ORIENTED_EDGE('',*,*,#9240,.F.);
#16359=EDGE_LOOP('',(#16354,#16356,#16357,#16358));
#16360=FACE_OUTER_BOUND('',#16359,.F.);
#16362=CARTESIAN_POINT('',(-2.1E-1,-4.5E-1,0.E0));
#16363=DIRECTION('',(0.E0,1.E0,0.E0));
#16364=DIRECTION('',(-1.E0,0.E0,0.E0));
#16365=AXIS2_PLACEMENT_3D('',#16362,#16363,#16364);
#16366=PLANE('',#16365);
#16367=ORIENTED_EDGE('',*,*,#16216,.T.);
#16369=ORIENTED_EDGE('',*,*,#16368,.T.);
#16370=ORIENTED_EDGE('',*,*,#16353,.F.);
#16371=ORIENTED_EDGE('',*,*,#9238,.F.);
#16372=EDGE_LOOP('',(#16367,#16369,#16370,#16371));
#16373=FACE_OUTER_BOUND('',#16372,.F.);
#16375=CARTESIAN_POINT('',(-5.08E0,0.E0,-1.E-1));
#16376=DIRECTION('',(0.E0,0.E0,1.E0));
#16377=DIRECTION('',(0.E0,1.E0,0.E0));
#16378=AXIS2_PLACEMENT_3D('',#16375,#16376,#16377);
#16379=PLANE('',#16378);
#16380=ORIENTED_EDGE('',*,*,#16214,.F.);
#16381=ORIENTED_EDGE('',*,*,#16231,.F.);
#16382=ORIENTED_EDGE('',*,*,#16243,.F.);
#16383=ORIENTED_EDGE('',*,*,#16257,.F.);
#16384=ORIENTED_EDGE('',*,*,#16271,.F.);
#16385=ORIENTED_EDGE('',*,*,#16285,.F.);
#16386=ORIENTED_EDGE('',*,*,#16299,.F.);
#16387=ORIENTED_EDGE('',*,*,#16313,.F.);
#16388=ORIENTED_EDGE('',*,*,#16327,.F.);
#16389=ORIENTED_EDGE('',*,*,#16341,.F.);
#16390=ORIENTED_EDGE('',*,*,#16355,.F.);
#16391=ORIENTED_EDGE('',*,*,#16368,.F.);
#16392=EDGE_LOOP('',(#16380,#16381,#16382,#16383,#16384,#16385,#16386,#16387,
#16388,#16389,#16390,#16391));
#16393=FACE_OUTER_BOUND('',#16392,.F.);
#16395=CARTESIAN_POINT('',(-5.08E0,0.E0,-1.E-1));
#16396=DIRECTION('',(0.E0,0.E0,1.E0));
#16397=DIRECTION('',(0.E0,1.E0,0.E0));
#16398=AXIS2_PLACEMENT_3D('',#16395,#16396,#16397);
#16399=PLANE('',#16398);
#16401=ORIENTED_EDGE('',*,*,#16400,.F.);
#16403=ORIENTED_EDGE('',*,*,#16402,.F.);
#16405=ORIENTED_EDGE('',*,*,#16404,.F.);
#16407=ORIENTED_EDGE('',*,*,#16406,.F.);
#16409=ORIENTED_EDGE('',*,*,#16408,.F.);
#16411=ORIENTED_EDGE('',*,*,#16410,.F.);
#16413=ORIENTED_EDGE('',*,*,#16412,.F.);
#16415=ORIENTED_EDGE('',*,*,#16414,.F.);
#16417=ORIENTED_EDGE('',*,*,#16416,.F.);
#16419=ORIENTED_EDGE('',*,*,#16418,.F.);
#16421=ORIENTED_EDGE('',*,*,#16420,.F.);
#16423=ORIENTED_EDGE('',*,*,#16422,.F.);
#16424=EDGE_LOOP('',(#16401,#16403,#16405,#16407,#16409,#16411,#16413,#16415,
#16417,#16419,#16421,#16423));
#16425=FACE_OUTER_BOUND('',#16424,.F.);
#16427=CARTESIAN_POINT('',(-2.105E0,0.E0,0.E0));
#16428=DIRECTION('',(0.E0,-1.E0,0.E0));
#16429=DIRECTION('',(1.E0,0.E0,0.E0));
#16430=AXIS2_PLACEMENT_3D('',#16427,#16428,#16429);
#16431=PLANE('',#16430);
#16433=ORIENTED_EDGE('',*,*,#16432,.T.);
#16434=ORIENTED_EDGE('',*,*,#16400,.T.);
#16436=ORIENTED_EDGE('',*,*,#16435,.F.);
#16437=ORIENTED_EDGE('',*,*,#9262,.F.);
#16438=EDGE_LOOP('',(#16433,#16434,#16436,#16437));
#16439=FACE_OUTER_BOUND('',#16438,.F.);
#16441=CARTESIAN_POINT('',(-2.105E0,4.5E-1,0.E0));
#16442=DIRECTION('',(-1.E0,0.E0,0.E0));
#16443=DIRECTION('',(0.E0,-1.E0,0.E0));
#16444=AXIS2_PLACEMENT_3D('',#16441,#16442,#16443);
#16445=PLANE('',#16444);
#16446=ORIENTED_EDGE('',*,*,#16432,.F.);
#16447=ORIENTED_EDGE('',*,*,#9284,.F.);
#16449=ORIENTED_EDGE('',*,*,#16448,.T.);
#16450=ORIENTED_EDGE('',*,*,#16402,.T.);
#16451=EDGE_LOOP('',(#16446,#16447,#16449,#16450));
#16452=FACE_OUTER_BOUND('',#16451,.F.);
#16454=CARTESIAN_POINT('',(-2.33E0,4.5E-1,0.E0));
#16455=DIRECTION('',(0.E0,-1.E0,0.E0));
#16456=DIRECTION('',(1.E0,0.E0,0.E0));
#16457=AXIS2_PLACEMENT_3D('',#16454,#16455,#16456);
#16458=PLANE('',#16457);
#16460=ORIENTED_EDGE('',*,*,#16459,.T.);
#16461=ORIENTED_EDGE('',*,*,#16404,.T.);
#16462=ORIENTED_EDGE('',*,*,#16448,.F.);
#16463=ORIENTED_EDGE('',*,*,#9282,.F.);
#16464=EDGE_LOOP('',(#16460,#16461,#16462,#16463));
#16465=FACE_OUTER_BOUND('',#16464,.F.);
#16467=CARTESIAN_POINT('',(-2.33E0,1.05E0,0.E0));
#16468=DIRECTION('',(-1.E0,0.E0,0.E0));
#16469=DIRECTION('',(0.E0,-1.E0,0.E0));
#16470=AXIS2_PLACEMENT_3D('',#16467,#16468,#16469);
#16471=PLANE('',#16470);
#16473=ORIENTED_EDGE('',*,*,#16472,.T.);
#16474=ORIENTED_EDGE('',*,*,#16406,.T.);
#16475=ORIENTED_EDGE('',*,*,#16459,.F.);
#16476=ORIENTED_EDGE('',*,*,#9280,.F.);
#16477=EDGE_LOOP('',(#16473,#16474,#16475,#16476));
#16478=FACE_OUTER_BOUND('',#16477,.F.);
#16480=CARTESIAN_POINT('',(-2.105E0,1.05E0,0.E0));
#16481=DIRECTION('',(0.E0,1.E0,0.E0));
#16482=DIRECTION('',(-1.E0,0.E0,0.E0));
#16483=AXIS2_PLACEMENT_3D('',#16480,#16481,#16482);
#16484=PLANE('',#16483);
#16486=ORIENTED_EDGE('',*,*,#16485,.T.);
#16487=ORIENTED_EDGE('',*,*,#16408,.T.);
#16488=ORIENTED_EDGE('',*,*,#16472,.F.);
#16489=ORIENTED_EDGE('',*,*,#9278,.F.);
#16490=EDGE_LOOP('',(#16486,#16487,#16488,#16489));
#16491=FACE_OUTER_BOUND('',#16490,.F.);
#16493=CARTESIAN_POINT('',(-2.105E0,1.5E0,0.E0));
#16494=DIRECTION('',(-1.E0,0.E0,0.E0));
#16495=DIRECTION('',(0.E0,-1.E0,0.E0));
#16496=AXIS2_PLACEMENT_3D('',#16493,#16494,#16495);
#16497=PLANE('',#16496);
#16499=ORIENTED_EDGE('',*,*,#16498,.T.);
#16500=ORIENTED_EDGE('',*,*,#16410,.T.);
#16501=ORIENTED_EDGE('',*,*,#16485,.F.);
#16502=ORIENTED_EDGE('',*,*,#9276,.F.);
#16503=EDGE_LOOP('',(#16499,#16500,#16501,#16502));
#16504=FACE_OUTER_BOUND('',#16503,.F.);
#16506=CARTESIAN_POINT('',(-1.705E0,1.5E0,0.E0));
#16507=DIRECTION('',(0.E0,1.E0,0.E0));
#16508=DIRECTION('',(-1.E0,0.E0,0.E0));
#16509=AXIS2_PLACEMENT_3D('',#16506,#16507,#16508);
#16510=PLANE('',#16509);
#16512=ORIENTED_EDGE('',*,*,#16511,.T.);
#16513=ORIENTED_EDGE('',*,*,#16412,.T.);
#16514=ORIENTED_EDGE('',*,*,#16498,.F.);
#16515=ORIENTED_EDGE('',*,*,#9274,.F.);
#16516=EDGE_LOOP('',(#16512,#16513,#16514,#16515));
#16517=FACE_OUTER_BOUND('',#16516,.F.);
#16519=CARTESIAN_POINT('',(-1.705E0,1.05E0,0.E0));
#16520=DIRECTION('',(1.E0,0.E0,0.E0));
#16521=DIRECTION('',(0.E0,1.E0,0.E0));
#16522=AXIS2_PLACEMENT_3D('',#16519,#16520,#16521);
#16523=PLANE('',#16522);
#16525=ORIENTED_EDGE('',*,*,#16524,.T.);
#16526=ORIENTED_EDGE('',*,*,#16414,.T.);
#16527=ORIENTED_EDGE('',*,*,#16511,.F.);
#16528=ORIENTED_EDGE('',*,*,#9272,.F.);
#16529=EDGE_LOOP('',(#16525,#16526,#16527,#16528));
#16530=FACE_OUTER_BOUND('',#16529,.F.);
#16532=CARTESIAN_POINT('',(-1.48E0,1.05E0,0.E0));
#16533=DIRECTION('',(0.E0,1.E0,0.E0));
#16534=DIRECTION('',(-1.E0,0.E0,0.E0));
#16535=AXIS2_PLACEMENT_3D('',#16532,#16533,#16534);
#16536=PLANE('',#16535);
#16538=ORIENTED_EDGE('',*,*,#16537,.T.);
#16539=ORIENTED_EDGE('',*,*,#16416,.T.);
#16540=ORIENTED_EDGE('',*,*,#16524,.F.);
#16541=ORIENTED_EDGE('',*,*,#9270,.F.);
#16542=EDGE_LOOP('',(#16538,#16539,#16540,#16541));
#16543=FACE_OUTER_BOUND('',#16542,.F.);
#16545=CARTESIAN_POINT('',(-1.48E0,4.5E-1,0.E0));
#16546=DIRECTION('',(1.E0,0.E0,0.E0));
#16547=DIRECTION('',(0.E0,1.E0,0.E0));
#16548=AXIS2_PLACEMENT_3D('',#16545,#16546,#16547);
#16549=PLANE('',#16548);
#16551=ORIENTED_EDGE('',*,*,#16550,.T.);
#16552=ORIENTED_EDGE('',*,*,#16418,.T.);
#16553=ORIENTED_EDGE('',*,*,#16537,.F.);
#16554=ORIENTED_EDGE('',*,*,#9268,.F.);
#16555=EDGE_LOOP('',(#16551,#16552,#16553,#16554));
#16556=FACE_OUTER_BOUND('',#16555,.F.);
#16558=CARTESIAN_POINT('',(-1.705E0,4.5E-1,0.E0));
#16559=DIRECTION('',(0.E0,-1.E0,0.E0));
#16560=DIRECTION('',(1.E0,0.E0,0.E0));
#16561=AXIS2_PLACEMENT_3D('',#16558,#16559,#16560);
#16562=PLANE('',#16561);
#16564=ORIENTED_EDGE('',*,*,#16563,.T.);
#16565=ORIENTED_EDGE('',*,*,#16420,.T.);
#16566=ORIENTED_EDGE('',*,*,#16550,.F.);
#16567=ORIENTED_EDGE('',*,*,#9266,.F.);
#16568=EDGE_LOOP('',(#16564,#16565,#16566,#16567));
#16569=FACE_OUTER_BOUND('',#16568,.F.);
#16571=CARTESIAN_POINT('',(-1.705E0,0.E0,0.E0));
#16572=DIRECTION('',(1.E0,0.E0,0.E0));
#16573=DIRECTION('',(0.E0,1.E0,0.E0));
#16574=AXIS2_PLACEMENT_3D('',#16571,#16572,#16573);
#16575=PLANE('',#16574);
#16576=ORIENTED_EDGE('',*,*,#16435,.T.);
#16577=ORIENTED_EDGE('',*,*,#16422,.T.);
#16578=ORIENTED_EDGE('',*,*,#16563,.F.);
#16579=ORIENTED_EDGE('',*,*,#9264,.F.);
#16580=EDGE_LOOP('',(#16576,#16577,#16578,#16579));
#16581=FACE_OUTER_BOUND('',#16580,.F.);
#16583=CARTESIAN_POINT('',(-2.75E0,-1.05E0,0.E0));
#16584=DIRECTION('',(1.E0,0.E0,0.E0));
#16585=DIRECTION('',(0.E0,1.E0,0.E0));
#16586=AXIS2_PLACEMENT_3D('',#16583,#16584,#16585);
#16587=PLANE('',#16586);
#16589=ORIENTED_EDGE('',*,*,#16588,.T.);
#16591=ORIENTED_EDGE('',*,*,#16590,.T.);
#16593=ORIENTED_EDGE('',*,*,#16592,.F.);
#16594=ORIENTED_EDGE('',*,*,#9288,.F.);
#16595=EDGE_LOOP('',(#16589,#16591,#16593,#16594));
#16596=FACE_OUTER_BOUND('',#16595,.F.);
#16598=CARTESIAN_POINT('',(-2.975E0,-1.05E0,0.E0));
#16599=DIRECTION('',(0.E0,-1.E0,0.E0));
#16600=DIRECTION('',(1.E0,0.E0,0.E0));
#16601=AXIS2_PLACEMENT_3D('',#16598,#16599,#16600);
#16602=PLANE('',#16601);
#16603=ORIENTED_EDGE('',*,*,#16588,.F.);
#16604=ORIENTED_EDGE('',*,*,#9310,.F.);
#16606=ORIENTED_EDGE('',*,*,#16605,.T.);
#16608=ORIENTED_EDGE('',*,*,#16607,.T.);
#16609=EDGE_LOOP('',(#16603,#16604,#16606,#16608));
#16610=FACE_OUTER_BOUND('',#16609,.F.);
#16612=CARTESIAN_POINT('',(-2.975E0,-1.5E0,0.E0));
#16613=DIRECTION('',(1.E0,0.E0,0.E0));
#16614=DIRECTION('',(0.E0,1.E0,0.E0));
#16615=AXIS2_PLACEMENT_3D('',#16612,#16613,#16614);
#16616=PLANE('',#16615);
#16618=ORIENTED_EDGE('',*,*,#16617,.T.);
#16620=ORIENTED_EDGE('',*,*,#16619,.T.);
#16621=ORIENTED_EDGE('',*,*,#16605,.F.);
#16622=ORIENTED_EDGE('',*,*,#9308,.F.);
#16623=EDGE_LOOP('',(#16618,#16620,#16621,#16622));
#16624=FACE_OUTER_BOUND('',#16623,.F.);
#16626=CARTESIAN_POINT('',(-3.375E0,-1.5E0,0.E0));
#16627=DIRECTION('',(0.E0,-1.E0,0.E0));
#16628=DIRECTION('',(1.E0,0.E0,0.E0));
#16629=AXIS2_PLACEMENT_3D('',#16626,#16627,#16628);
#16630=PLANE('',#16629);
#16632=ORIENTED_EDGE('',*,*,#16631,.T.);
#16634=ORIENTED_EDGE('',*,*,#16633,.T.);
#16635=ORIENTED_EDGE('',*,*,#16617,.F.);
#16636=ORIENTED_EDGE('',*,*,#9306,.F.);
#16637=EDGE_LOOP('',(#16632,#16634,#16635,#16636));
#16638=FACE_OUTER_BOUND('',#16637,.F.);
#16640=CARTESIAN_POINT('',(-3.375E0,-1.05E0,0.E0));
#16641=DIRECTION('',(-1.E0,0.E0,0.E0));
#16642=DIRECTION('',(0.E0,-1.E0,0.E0));
#16643=AXIS2_PLACEMENT_3D('',#16640,#16641,#16642);
#16644=PLANE('',#16643);
#16646=ORIENTED_EDGE('',*,*,#16645,.T.);
#16648=ORIENTED_EDGE('',*,*,#16647,.T.);
#16649=ORIENTED_EDGE('',*,*,#16631,.F.);
#16650=ORIENTED_EDGE('',*,*,#9304,.F.);
#16651=EDGE_LOOP('',(#16646,#16648,#16649,#16650));
#16652=FACE_OUTER_BOUND('',#16651,.F.);
#16654=CARTESIAN_POINT('',(-3.6E0,-1.05E0,0.E0));
#16655=DIRECTION('',(0.E0,-1.E0,0.E0));
#16656=DIRECTION('',(1.E0,0.E0,0.E0));
#16657=AXIS2_PLACEMENT_3D('',#16654,#16655,#16656);
#16658=PLANE('',#16657);
#16660=ORIENTED_EDGE('',*,*,#16659,.T.);
#16662=ORIENTED_EDGE('',*,*,#16661,.T.);
#16663=ORIENTED_EDGE('',*,*,#16645,.F.);
#16664=ORIENTED_EDGE('',*,*,#9302,.F.);
#16665=EDGE_LOOP('',(#16660,#16662,#16663,#16664));
#16666=FACE_OUTER_BOUND('',#16665,.F.);
#16668=CARTESIAN_POINT('',(-3.6E0,-4.5E-1,0.E0));
#16669=DIRECTION('',(-1.E0,0.E0,0.E0));
#16670=DIRECTION('',(0.E0,-1.E0,0.E0));
#16671=AXIS2_PLACEMENT_3D('',#16668,#16669,#16670);
#16672=PLANE('',#16671);
#16674=ORIENTED_EDGE('',*,*,#16673,.T.);
#16676=ORIENTED_EDGE('',*,*,#16675,.T.);
#16677=ORIENTED_EDGE('',*,*,#16659,.F.);
#16678=ORIENTED_EDGE('',*,*,#9300,.F.);
#16679=EDGE_LOOP('',(#16674,#16676,#16677,#16678));
#16680=FACE_OUTER_BOUND('',#16679,.F.);
#16682=CARTESIAN_POINT('',(-3.375E0,-4.5E-1,0.E0));
#16683=DIRECTION('',(0.E0,1.E0,0.E0));
#16684=DIRECTION('',(-1.E0,0.E0,0.E0));
#16685=AXIS2_PLACEMENT_3D('',#16682,#16683,#16684);
#16686=PLANE('',#16685);
#16688=ORIENTED_EDGE('',*,*,#16687,.T.);
#16690=ORIENTED_EDGE('',*,*,#16689,.T.);
#16691=ORIENTED_EDGE('',*,*,#16673,.F.);
#16692=ORIENTED_EDGE('',*,*,#9298,.F.);
#16693=EDGE_LOOP('',(#16688,#16690,#16691,#16692));
#16694=FACE_OUTER_BOUND('',#16693,.F.);
#16696=CARTESIAN_POINT('',(-3.375E0,0.E0,0.E0));
#16697=DIRECTION('',(-1.E0,0.E0,0.E0));
#16698=DIRECTION('',(0.E0,-1.E0,0.E0));
#16699=AXIS2_PLACEMENT_3D('',#16696,#16697,#16698);
#16700=PLANE('',#16699);
#16702=ORIENTED_EDGE('',*,*,#16701,.T.);
#16704=ORIENTED_EDGE('',*,*,#16703,.T.);
#16705=ORIENTED_EDGE('',*,*,#16687,.F.);
#16706=ORIENTED_EDGE('',*,*,#9296,.F.);
#16707=EDGE_LOOP('',(#16702,#16704,#16705,#16706));
#16708=FACE_OUTER_BOUND('',#16707,.F.);
#16710=CARTESIAN_POINT('',(-2.975E0,0.E0,0.E0));
#16711=DIRECTION('',(0.E0,1.E0,0.E0));
#16712=DIRECTION('',(-1.E0,0.E0,0.E0));
#16713=AXIS2_PLACEMENT_3D('',#16710,#16711,#16712);
#16714=PLANE('',#16713);
#16716=ORIENTED_EDGE('',*,*,#16715,.T.);
#16718=ORIENTED_EDGE('',*,*,#16717,.T.);
#16719=ORIENTED_EDGE('',*,*,#16701,.F.);
#16720=ORIENTED_EDGE('',*,*,#9294,.F.);
#16721=EDGE_LOOP('',(#16716,#16718,#16719,#16720));
#16722=FACE_OUTER_BOUND('',#16721,.F.);
#16724=CARTESIAN_POINT('',(-2.975E0,-4.5E-1,0.E0));
#16725=DIRECTION('',(1.E0,0.E0,0.E0));
#16726=DIRECTION('',(0.E0,1.E0,0.E0));
#16727=AXIS2_PLACEMENT_3D('',#16724,#16725,#16726);
#16728=PLANE('',#16727);
#16730=ORIENTED_EDGE('',*,*,#16729,.T.);
#16732=ORIENTED_EDGE('',*,*,#16731,.T.);
#16733=ORIENTED_EDGE('',*,*,#16715,.F.);
#16734=ORIENTED_EDGE('',*,*,#9292,.F.);
#16735=EDGE_LOOP('',(#16730,#16732,#16733,#16734));
#16736=FACE_OUTER_BOUND('',#16735,.F.);
#16738=CARTESIAN_POINT('',(-2.75E0,-4.5E-1,0.E0));
#16739=DIRECTION('',(0.E0,1.E0,0.E0));
#16740=DIRECTION('',(-1.E0,0.E0,0.E0));
#16741=AXIS2_PLACEMENT_3D('',#16738,#16739,#16740);
#16742=PLANE('',#16741);
#16743=ORIENTED_EDGE('',*,*,#16592,.T.);
#16745=ORIENTED_EDGE('',*,*,#16744,.T.);
#16746=ORIENTED_EDGE('',*,*,#16729,.F.);
#16747=ORIENTED_EDGE('',*,*,#9290,.F.);
#16748=EDGE_LOOP('',(#16743,#16745,#16746,#16747));
#16749=FACE_OUTER_BOUND('',#16748,.F.);
#16751=CARTESIAN_POINT('',(-7.62E0,0.E0,-1.E-1));
#16752=DIRECTION('',(0.E0,0.E0,1.E0));
#16753=DIRECTION('',(0.E0,1.E0,0.E0));
#16754=AXIS2_PLACEMENT_3D('',#16751,#16752,#16753);
#16755=PLANE('',#16754);
#16756=ORIENTED_EDGE('',*,*,#16590,.F.);
#16757=ORIENTED_EDGE('',*,*,#16607,.F.);
#16758=ORIENTED_EDGE('',*,*,#16619,.F.);
#16759=ORIENTED_EDGE('',*,*,#16633,.F.);
#16760=ORIENTED_EDGE('',*,*,#16647,.F.);
#16761=ORIENTED_EDGE('',*,*,#16661,.F.);
#16762=ORIENTED_EDGE('',*,*,#16675,.F.);
#16763=ORIENTED_EDGE('',*,*,#16689,.F.);
#16764=ORIENTED_EDGE('',*,*,#16703,.F.);
#16765=ORIENTED_EDGE('',*,*,#16717,.F.);
#16766=ORIENTED_EDGE('',*,*,#16731,.F.);
#16767=ORIENTED_EDGE('',*,*,#16744,.F.);
#16768=EDGE_LOOP('',(#16756,#16757,#16758,#16759,#16760,#16761,#16762,#16763,
#16764,#16765,#16766,#16767));
#16769=FACE_OUTER_BOUND('',#16768,.F.);
#16771=CARTESIAN_POINT('',(-7.62E0,0.E0,-1.E-1));
#16772=DIRECTION('',(0.E0,0.E0,1.E0));
#16773=DIRECTION('',(0.E0,1.E0,0.E0));
#16774=AXIS2_PLACEMENT_3D('',#16771,#16772,#16773);
#16775=PLANE('',#16774);
#16777=ORIENTED_EDGE('',*,*,#16776,.F.);
#16779=ORIENTED_EDGE('',*,*,#16778,.F.);
#16781=ORIENTED_EDGE('',*,*,#16780,.F.);
#16783=ORIENTED_EDGE('',*,*,#16782,.F.);
#16785=ORIENTED_EDGE('',*,*,#16784,.F.);
#16787=ORIENTED_EDGE('',*,*,#16786,.F.);
#16789=ORIENTED_EDGE('',*,*,#16788,.F.);
#16791=ORIENTED_EDGE('',*,*,#16790,.F.);
#16793=ORIENTED_EDGE('',*,*,#16792,.F.);
#16795=ORIENTED_EDGE('',*,*,#16794,.F.);
#16797=ORIENTED_EDGE('',*,*,#16796,.F.);
#16799=ORIENTED_EDGE('',*,*,#16798,.F.);
#16800=EDGE_LOOP('',(#16777,#16779,#16781,#16783,#16785,#16787,#16789,#16791,
#16793,#16795,#16797,#16799));
#16801=FACE_OUTER_BOUND('',#16800,.F.);
#16803=CARTESIAN_POINT('',(-4.645E0,0.E0,0.E0));
#16804=DIRECTION('',(0.E0,-1.E0,0.E0));
#16805=DIRECTION('',(1.E0,0.E0,0.E0));
#16806=AXIS2_PLACEMENT_3D('',#16803,#16804,#16805);
#16807=PLANE('',#16806);
#16809=ORIENTED_EDGE('',*,*,#16808,.T.);
#16810=ORIENTED_EDGE('',*,*,#16776,.T.);
#16812=ORIENTED_EDGE('',*,*,#16811,.F.);
#16813=ORIENTED_EDGE('',*,*,#9314,.F.);
#16814=EDGE_LOOP('',(#16809,#16810,#16812,#16813));
#16815=FACE_OUTER_BOUND('',#16814,.F.);
#16817=CARTESIAN_POINT('',(-4.645E0,4.5E-1,0.E0));
#16818=DIRECTION('',(-1.E0,0.E0,0.E0));
#16819=DIRECTION('',(0.E0,-1.E0,0.E0));
#16820=AXIS2_PLACEMENT_3D('',#16817,#16818,#16819);
#16821=PLANE('',#16820);
#16822=ORIENTED_EDGE('',*,*,#16808,.F.);
#16823=ORIENTED_EDGE('',*,*,#9336,.F.);
#16825=ORIENTED_EDGE('',*,*,#16824,.T.);
#16826=ORIENTED_EDGE('',*,*,#16778,.T.);
#16827=EDGE_LOOP('',(#16822,#16823,#16825,#16826));
#16828=FACE_OUTER_BOUND('',#16827,.F.);
#16830=CARTESIAN_POINT('',(-4.87E0,4.5E-1,0.E0));
#16831=DIRECTION('',(0.E0,-1.E0,0.E0));
#16832=DIRECTION('',(1.E0,0.E0,0.E0));
#16833=AXIS2_PLACEMENT_3D('',#16830,#16831,#16832);
#16834=PLANE('',#16833);
#16836=ORIENTED_EDGE('',*,*,#16835,.T.);
#16837=ORIENTED_EDGE('',*,*,#16780,.T.);
#16838=ORIENTED_EDGE('',*,*,#16824,.F.);
#16839=ORIENTED_EDGE('',*,*,#9334,.F.);
#16840=EDGE_LOOP('',(#16836,#16837,#16838,#16839));
#16841=FACE_OUTER_BOUND('',#16840,.F.);
#16843=CARTESIAN_POINT('',(-4.87E0,1.05E0,0.E0));
#16844=DIRECTION('',(-1.E0,0.E0,0.E0));
#16845=DIRECTION('',(0.E0,-1.E0,0.E0));
#16846=AXIS2_PLACEMENT_3D('',#16843,#16844,#16845);
#16847=PLANE('',#16846);
#16849=ORIENTED_EDGE('',*,*,#16848,.T.);
#16850=ORIENTED_EDGE('',*,*,#16782,.T.);
#16851=ORIENTED_EDGE('',*,*,#16835,.F.);
#16852=ORIENTED_EDGE('',*,*,#9332,.F.);
#16853=EDGE_LOOP('',(#16849,#16850,#16851,#16852));
#16854=FACE_OUTER_BOUND('',#16853,.F.);
#16856=CARTESIAN_POINT('',(-4.645E0,1.05E0,0.E0));
#16857=DIRECTION('',(0.E0,1.E0,0.E0));
#16858=DIRECTION('',(-1.E0,0.E0,0.E0));
#16859=AXIS2_PLACEMENT_3D('',#16856,#16857,#16858);
#16860=PLANE('',#16859);
#16862=ORIENTED_EDGE('',*,*,#16861,.T.);
#16863=ORIENTED_EDGE('',*,*,#16784,.T.);
#16864=ORIENTED_EDGE('',*,*,#16848,.F.);
#16865=ORIENTED_EDGE('',*,*,#9330,.F.);
#16866=EDGE_LOOP('',(#16862,#16863,#16864,#16865));
#16867=FACE_OUTER_BOUND('',#16866,.F.);
#16869=CARTESIAN_POINT('',(-4.645E0,1.5E0,0.E0));
#16870=DIRECTION('',(-1.E0,0.E0,0.E0));
#16871=DIRECTION('',(0.E0,-1.E0,0.E0));
#16872=AXIS2_PLACEMENT_3D('',#16869,#16870,#16871);
#16873=PLANE('',#16872);
#16875=ORIENTED_EDGE('',*,*,#16874,.T.);
#16876=ORIENTED_EDGE('',*,*,#16786,.T.);
#16877=ORIENTED_EDGE('',*,*,#16861,.F.);
#16878=ORIENTED_EDGE('',*,*,#9328,.F.);
#16879=EDGE_LOOP('',(#16875,#16876,#16877,#16878));
#16880=FACE_OUTER_BOUND('',#16879,.F.);
#16882=CARTESIAN_POINT('',(-4.245E0,1.5E0,0.E0));
#16883=DIRECTION('',(0.E0,1.E0,0.E0));
#16884=DIRECTION('',(-1.E0,0.E0,0.E0));
#16885=AXIS2_PLACEMENT_3D('',#16882,#16883,#16884);
#16886=PLANE('',#16885);
#16888=ORIENTED_EDGE('',*,*,#16887,.T.);
#16889=ORIENTED_EDGE('',*,*,#16788,.T.);
#16890=ORIENTED_EDGE('',*,*,#16874,.F.);
#16891=ORIENTED_EDGE('',*,*,#9326,.F.);
#16892=EDGE_LOOP('',(#16888,#16889,#16890,#16891));
#16893=FACE_OUTER_BOUND('',#16892,.F.);
#16895=CARTESIAN_POINT('',(-4.245E0,1.05E0,0.E0));
#16896=DIRECTION('',(1.E0,0.E0,0.E0));
#16897=DIRECTION('',(0.E0,1.E0,0.E0));
#16898=AXIS2_PLACEMENT_3D('',#16895,#16896,#16897);
#16899=PLANE('',#16898);
#16901=ORIENTED_EDGE('',*,*,#16900,.T.);
#16902=ORIENTED_EDGE('',*,*,#16790,.T.);
#16903=ORIENTED_EDGE('',*,*,#16887,.F.);
#16904=ORIENTED_EDGE('',*,*,#9324,.F.);
#16905=EDGE_LOOP('',(#16901,#16902,#16903,#16904));
#16906=FACE_OUTER_BOUND('',#16905,.F.);
#16908=CARTESIAN_POINT('',(-4.02E0,1.05E0,0.E0));
#16909=DIRECTION('',(0.E0,1.E0,0.E0));
#16910=DIRECTION('',(-1.E0,0.E0,0.E0));
#16911=AXIS2_PLACEMENT_3D('',#16908,#16909,#16910);
#16912=PLANE('',#16911);
#16914=ORIENTED_EDGE('',*,*,#16913,.T.);
#16915=ORIENTED_EDGE('',*,*,#16792,.T.);
#16916=ORIENTED_EDGE('',*,*,#16900,.F.);
#16917=ORIENTED_EDGE('',*,*,#9322,.F.);
#16918=EDGE_LOOP('',(#16914,#16915,#16916,#16917));
#16919=FACE_OUTER_BOUND('',#16918,.F.);
#16921=CARTESIAN_POINT('',(-4.02E0,4.5E-1,0.E0));
#16922=DIRECTION('',(1.E0,0.E0,0.E0));
#16923=DIRECTION('',(0.E0,1.E0,0.E0));
#16924=AXIS2_PLACEMENT_3D('',#16921,#16922,#16923);
#16925=PLANE('',#16924);
#16927=ORIENTED_EDGE('',*,*,#16926,.T.);
#16928=ORIENTED_EDGE('',*,*,#16794,.T.);
#16929=ORIENTED_EDGE('',*,*,#16913,.F.);
#16930=ORIENTED_EDGE('',*,*,#9320,.F.);
#16931=EDGE_LOOP('',(#16927,#16928,#16929,#16930));
#16932=FACE_OUTER_BOUND('',#16931,.F.);
#16934=CARTESIAN_POINT('',(-4.245E0,4.5E-1,0.E0));
#16935=DIRECTION('',(0.E0,-1.E0,0.E0));
#16936=DIRECTION('',(1.E0,0.E0,0.E0));
#16937=AXIS2_PLACEMENT_3D('',#16934,#16935,#16936);
#16938=PLANE('',#16937);
#16940=ORIENTED_EDGE('',*,*,#16939,.T.);
#16941=ORIENTED_EDGE('',*,*,#16796,.T.);
#16942=ORIENTED_EDGE('',*,*,#16926,.F.);
#16943=ORIENTED_EDGE('',*,*,#9318,.F.);
#16944=EDGE_LOOP('',(#16940,#16941,#16942,#16943));
#16945=FACE_OUTER_BOUND('',#16944,.F.);
#16947=CARTESIAN_POINT('',(-4.245E0,0.E0,0.E0));
#16948=DIRECTION('',(1.E0,0.E0,0.E0));
#16949=DIRECTION('',(0.E0,1.E0,0.E0));
#16950=AXIS2_PLACEMENT_3D('',#16947,#16948,#16949);
#16951=PLANE('',#16950);
#16952=ORIENTED_EDGE('',*,*,#16811,.T.);
#16953=ORIENTED_EDGE('',*,*,#16798,.T.);
#16954=ORIENTED_EDGE('',*,*,#16939,.F.);
#16955=ORIENTED_EDGE('',*,*,#9316,.F.);
#16956=EDGE_LOOP('',(#16952,#16953,#16954,#16955));
#16957=FACE_OUTER_BOUND('',#16956,.F.);
#16959=CARTESIAN_POINT('',(6.865E0,-1.E0,0.E0));
#16960=DIRECTION('',(0.E0,1.E0,0.E0));
#16961=DIRECTION('',(-1.E0,0.E0,0.E0));
#16962=AXIS2_PLACEMENT_3D('',#16959,#16960,#16961);
#16963=PLANE('',#16962);
#16964=ORIENTED_EDGE('',*,*,#8592,.T.);
#16966=ORIENTED_EDGE('',*,*,#16965,.T.);
#16967=ORIENTED_EDGE('',*,*,#8625,.T.);
#16968=ORIENTED_EDGE('',*,*,#8536,.T.);
#16969=EDGE_LOOP('',(#16964,#16966,#16967,#16968));
#16970=FACE_OUTER_BOUND('',#16969,.F.);
#16972=CARTESIAN_POINT('',(6.375E0,-3.E0,-8.4E-1));
#16973=DIRECTION('',(1.E0,0.E0,0.E0));
#16974=DIRECTION('',(0.E0,0.E0,1.E0));
#16975=AXIS2_PLACEMENT_3D('',#16972,#16973,#16974);
#16976=PLANE('',#16975);
#16977=ORIENTED_EDGE('',*,*,#8607,.T.);
#16978=ORIENTED_EDGE('',*,*,#8634,.F.);
#16980=ORIENTED_EDGE('',*,*,#16979,.F.);
#16981=ORIENTED_EDGE('',*,*,#8575,.T.);
#16982=EDGE_LOOP('',(#16977,#16978,#16980,#16981));
#16983=FACE_OUTER_BOUND('',#16982,.F.);
#16985=CARTESIAN_POINT('',(6.375E0,-3.E0,-8.4E-1));
#16986=DIRECTION('',(1.E0,0.E0,0.E0));
#16987=DIRECTION('',(0.E0,0.E0,1.E0));
#16988=AXIS2_PLACEMENT_3D('',#16985,#16986,#16987);
#16989=PLANE('',#16988);
#16991=ORIENTED_EDGE('',*,*,#16990,.T.);
#16992=ORIENTED_EDGE('',*,*,#8627,.F.);
#16993=ORIENTED_EDGE('',*,*,#16965,.F.);
#16994=ORIENTED_EDGE('',*,*,#8590,.T.);
#16995=EDGE_LOOP('',(#16991,#16992,#16993,#16994));
#16996=FACE_OUTER_BOUND('',#16995,.F.);
#16998=CARTESIAN_POINT('',(6.865E0,5.E-1,0.E0));
#16999=DIRECTION('',(0.E0,1.E0,0.E0));
#17000=DIRECTION('',(-1.E0,0.E0,0.E0));
#17001=AXIS2_PLACEMENT_3D('',#16998,#16999,#17000);
#17002=PLANE('',#17001);
#17003=ORIENTED_EDGE('',*,*,#8577,.T.);
#17004=ORIENTED_EDGE('',*,*,#16979,.T.);
#17005=ORIENTED_EDGE('',*,*,#8632,.T.);
#17006=ORIENTED_EDGE('',*,*,#8528,.T.);
#17007=EDGE_LOOP('',(#17003,#17004,#17005,#17006));
#17008=FACE_OUTER_BOUND('',#17007,.F.);
#17010=CARTESIAN_POINT('',(6.375E0,-5.E-1,0.E0));
#17011=DIRECTION('',(0.E0,-1.E0,0.E0));
#17012=DIRECTION('',(1.E0,0.E0,0.E0));
#17013=AXIS2_PLACEMENT_3D('',#17010,#17011,#17012);
#17014=PLANE('',#17013);
#17015=ORIENTED_EDGE('',*,*,#8588,.F.);
#17016=ORIENTED_EDGE('',*,*,#8532,.F.);
#17017=ORIENTED_EDGE('',*,*,#8629,.F.);
#17018=ORIENTED_EDGE('',*,*,#16990,.F.);
#17019=EDGE_LOOP('',(#17015,#17016,#17017,#17018));
#17020=FACE_OUTER_BOUND('',#17019,.F.);
#17022=CLOSED_SHELL('',(#8437,#8455,#8472,#8520,#8567,#8582,#8597,#8611,#8638,
#8654,#8671,#8719,#8733,#8747,#8761,#8775,#8794,#8813,#8828,#8843,#8858,#8873,
#8888,#8903,#8925,#8985,#9000,#9015,#9029,#9055,#9068,#9082,#9094,#9106,#9118,
#9340,#9353,#9365,#9400,#9421,#9589,#9608,#9637,#9665,#9695,#9709,#9723,#9737,
#9751,#9764,#9863,#9876,#9917,#10010,#10023,#10057,#10074,#10089,#10103,#10119,
#10133,#10147,#10205,#10220,#10234,#10248,#10260,#10275,#10289,#10303,#10315,
#10330,#10344,#10358,#10370,#10385,#10399,#10413,#10425,#10438,#10453,#10466,
#10481,#10494,#10509,#10521,#10535,#10551,#10605,#10620,#10634,#10648,#10660,
#10672,#10684,#10700,#10715,#10729,#10743,#10755,#10770,#10784,#10798,#10810,
#10825,#10839,#10853,#10865,#10878,#10978,#10991,#11005,#11020,#11035,#11049,
#11064,#11077,#11157,#11169,#11181,#11209,#11227,#11255,#11281,#11295,#11322,
#11340,#11368,#11394,#11407,#11420,#11433,#11446,#11459,#11472,#11485,#11497,
#11510,#11523,#11536,#11548,#11561,#11573,#11586,#11599,#11612,#11625,#11638,
#11651,#11664,#11677,#11689,#11702,#11715,#11728,#11741,#11754,#11766,#11784,
#11812,#11838,#11866,#11880,#11894,#11908,#11921,#11935,#11963,#11989,#12017,
#12030,#12043,#12056,#12069,#12082,#12095,#12108,#12121,#12133,#12146,#12159,
#12172,#12185,#12198,#12211,#12224,#12237,#12250,#12262,#12275,#12288,#12301,
#12314,#12327,#12339,#12351,#12369,#12397,#12423,#12451,#12465,#12479,#12493,
#12506,#12520,#12548,#12574,#12602,#12615,#12628,#12641,#12654,#12667,#12680,
#12693,#12706,#12718,#12731,#12744,#12757,#12770,#12783,#12796,#12809,#12822,
#12835,#12847,#12860,#12873,#12886,#12899,#12912,#12924,#12936,#12964,#12978,
#13022,#13036,#13050,#13064,#13078,#13092,#13106,#13120,#13134,#13147,#13166,
#13180,#13224,#13237,#13249,#13262,#13274,#13287,#13300,#13313,#13326,#13339,
#13352,#13365,#13378,#13391,#13404,#13417,#13430,#13443,#13455,#13483,#13497,
#13541,#13555,#13569,#13583,#13597,#13611,#13625,#13639,#13653,#13666,#13685,
#13699,#13743,#13756,#13768,#13781,#13793,#13806,#13819,#13832,#13845,#13858,
#13871,#13884,#13897,#13910,#13923,#13936,#13949,#13962,#13974,#14002,#14016,
#14060,#14074,#14088,#14102,#14116,#14130,#14144,#14158,#14172,#14185,#14204,
#14218,#14262,#14275,#14287,#14300,#14312,#14325,#14338,#14351,#14364,#14377,
#14390,#14403,#14416,#14429,#14442,#14455,#14468,#14481,#14493,#14507,#14535,
#14579,#14593,#14606,#14634,#14678,#14690,#14703,#14716,#14729,#14742,#14755,
#14768,#14781,#14794,#14806,#14819,#14832,#14845,#14858,#14871,#14884,#14897,
#14910,#14923,#14936,#14949,#14962,#14975,#14988,#15000,#15012,#15026,#15040,
#15053,#15067,#15081,#15095,#15109,#15123,#15137,#15151,#15164,#15178,#15192,
#15206,#15220,#15234,#15247,#15261,#15289,#15307,#15326,#15339,#15352,#15365,
#15378,#15391,#15404,#15417,#15430,#15442,#15454,#15469,#15483,#15497,#15511,
#15525,#15539,#15553,#15567,#15581,#15595,#15609,#15622,#15642,#15674,#15688,
#15701,#15714,#15727,#15740,#15753,#15766,#15779,#15792,#15805,#15818,#15830,
#15845,#15859,#15873,#15887,#15901,#15915,#15929,#15943,#15957,#15971,#15985,
#15998,#16018,#16050,#16064,#16077,#16090,#16103,#16116,#16129,#16142,#16155,
#16168,#16181,#16194,#16206,#16221,#16235,#16249,#16263,#16277,#16291,#16305,
#16319,#16333,#16347,#16361,#16374,#16394,#16426,#16440,#16453,#16466,#16479,
#16492,#16505,#16518,#16531,#16544,#16557,#16570,#16582,#16597,#16611,#16625,
#16639,#16653,#16667,#16681,#16695,#16709,#16723,#16737,#16750,#16770,#16802,
#16816,#16829,#16842,#16855,#16868,#16881,#16894,#16907,#16920,#16933,#16946,
#16958,#16971,#16984,#16997,#17009,#17021));
#17023=MANIFOLD_SOLID_BREP('',#17022);
#17026=PLANE_ANGLE_MEASURE_WITH_UNIT(PLANE_ANGLE_MEASURE(1.745329251994E-2),
#17025);
#17027=(CONVERSION_BASED_UNIT('DEGREE',#17026)NAMED_UNIT(*)PLANE_ANGLE_UNIT());
#17029=UNCERTAINTY_MEASURE_WITH_UNIT(LENGTH_MEASURE(1.418862371996E-5),#17024,
'distance_accuracy_value',
'Maximum model space distance between geometric entities at asserted connectivities');
#17032=APPLICATION_CONTEXT('automotive_design');
#17033=APPLICATION_PROTOCOL_DEFINITION('international standard',
'automotive_design',2001,#17032);
#17034=PRODUCT_DEFINITION_CONTEXT('part definition',#17032,'design');
#17035=PRODUCT_CONTEXT('',#17032,'mechanical');
#17036=PRODUCT('C-338069-8','C-338069-8','NOT SPECIFIED',(#17035));
#17037=PRODUCT_DEFINITION_FORMATION('1','LAST_VERSION',#17036);
#17045=DERIVED_UNIT_ELEMENT(#17044,2.E0);
#17046=DERIVED_UNIT((#17045));
#17047=MEASURE_REPRESENTATION_ITEM('surface area measure',AREA_MEASURE(
4.621440526396E2),#17046);
#17052=DERIVED_UNIT_ELEMENT(#17051,3.E0);
#17053=DERIVED_UNIT((#17052));
#17054=MEASURE_REPRESENTATION_ITEM('volume measure',VOLUME_MEASURE(
2.263462490930E2),#17053);
#17058=CARTESIAN_POINT('centre point',(-1.631076298495E-1,1.227410630282E-3,
-2.323923334462E0));
#17063=DERIVED_UNIT_ELEMENT(#17062,2.E0);
#17064=DERIVED_UNIT((#17063));
#17065=MEASURE_REPRESENTATION_ITEM('surface area measure',AREA_MEASURE(
4.621440526396E2),#17064);
#17070=DERIVED_UNIT_ELEMENT(#17069,3.E0);
#17071=DERIVED_UNIT((#17070));
#17072=MEASURE_REPRESENTATION_ITEM('volume measure',VOLUME_MEASURE(
2.263462490930E2),#17071);
#17076=CARTESIAN_POINT('centre point',(-1.631076298495E-1,1.227410630282E-3,
-2.323923334462E0));
#17081=PRODUCT_RELATED_PRODUCT_CATEGORY('part','',(#17036));
#1=DRAUGHTING_PRE_DEFINED_COLOUR('black');
#2=COLOUR_RGB('',0.E0,0.E0,3.6E-1);
#3=COLOUR_RGB('',0.E0,0.E0,4.8E-1);
#4=DRAUGHTING_PRE_DEFINED_COLOUR('blue');
#5=COLOUR_RGB('',0.E0,5.8824E-2,4.58824E-1);
#6=COLOUR_RGB('',0.E0,1.80392E-1,4.78431E-1);
#7=COLOUR_RGB('',0.E0,3.6E-1,9.E-2);
#8=COLOUR_RGB('',0.E0,3.6E-1,2.7E-1);
#9=COLOUR_RGB('',0.E0,5.6E-1,6.4E-1);
#10=COLOUR_RGB('',0.E0,5.8E-1,8.E-1);
#11=COLOUR_RGB('',0.E0,7.1E-1,6.6E-1);
#12=COLOUR_RGB('',0.E0,7.13E-1,0.E0);
#13=COLOUR_RGB('',0.E0,9.5E-1,8.4E-1);
#14=DRAUGHTING_PRE_DEFINED_COLOUR('green');
#15=DRAUGHTING_PRE_DEFINED_COLOUR('cyan');
#16=COLOUR_RGB('',1.1765E-2,1.9608E-2,3.9216E-2);
#17=COLOUR_RGB('',4.E-2,0.E0,1.6E-1);
#18=COLOUR_RGB('',3.9216E-2,2.19608E-1,1.21569E-1);
#19=COLOUR_RGB('',3.9216E-2,3.60784E-1,2.E-1);
#20=COLOUR_RGB('',5.098E-2,7.0588E-2,1.01961E-1);
#21=COLOUR_RGB('',9.E-2,0.E0,1.2E-1);
#22=COLOUR_RGB('',9.0196E-2,1.60784E-1,1.09804E-1);
#23=COLOUR_RGB('',9.0196E-2,3.80392E-1,6.70588E-1);
#24=COLOUR_RGB('',1.E-1,0.E0,2.5E-1);
#25=COLOUR_RGB('',1.01961E-1,4.78431E-1,3.88235E-1);
#26=COLOUR_RGB('',1.09804E-1,1.4902E-1,9.0196E-2);
#27=COLOUR_RGB('',1.4902E-1,3.09804E-1,5.29412E-1);
#28=COLOUR_RGB('',1.4902E-1,4.E-1,1.60784E-1);
#29=COLOUR_RGB('',1.6E-1,3.2E-2,0.E0);
#30=COLOUR_RGB('',1.60784E-1,4.5098E-1,7.21569E-1);
#31=COLOUR_RGB('',1.6E-1,4.6E-1,6.5E-1);
#32=COLOUR_RGB('',1.6E-1,1.E0,1.6E-1);
#33=COLOUR_RGB('',2.E-1,3.2E-2,0.E0);
#34=COLOUR_RGB('',2.11765E-1,4.11765E-1,1.4902E-1);
#35=COLOUR_RGB('',2.39216E-1,2.39216E-1,2.31373E-1);
#36=COLOUR_RGB('',2.39216E-1,2.70588E-1,1.80392E-1);
#37=COLOUR_RGB('',2.5098E-1,2.90196E-1,3.29412E-1);
#38=COLOUR_RGB('',2.90196E-1,4.31373E-1,2.E-1);
#39=COLOUR_RGB('',3.1E-1,3.1E-1,5.6E-1);
#40=COLOUR_RGB('',3.09804E-1,6.58824E-1,2.E-1);
#41=COLOUR_RGB('',3.2E-1,1.5E-1,0.E0);
#42=COLOUR_RGB('',3.60784E-1,3.1373E-2,1.68627E-1);
#43=COLOUR_RGB('',3.68627E-1,2.E-1,1.21569E-1);
#44=COLOUR_RGB('',3.88235E-1,2.39216E-1,6.11765E-1);
#45=COLOUR_RGB('',4.E-1,4.E-1,4.E-1);
#46=COLOUR_RGB('',4.11765E-1,5.8824E-2,7.8431E-2);
#47=COLOUR_RGB('',4.11765E-1,3.29412E-1,2.19608E-1);
#48=COLOUR_RGB('',4.2E-1,4.2E-1,1.E0);
#49=COLOUR_RGB('',4.4E-1,8.5E-1,1.E0);
#50=COLOUR_RGB('',4.58824E-1,4.5098E-1,3.09804E-1);
#51=COLOUR_RGB('',4.70588E-1,5.09804E-1,5.4902E-1);
#52=COLOUR_RGB('',4.78431E-1,4.90196E-1,4.58824E-1);
#53=COLOUR_RGB('',4.90196E-1,3.60784E-1,2.19608E-1);
#54=COLOUR_RGB('',4.9E-1,4.9E-1,0.E0);
#55=COLOUR_RGB('',4.9E-1,1.E0,0.E0);
#56=COLOUR_RGB('',5.E-1,0.E0,0.E0);
#57=COLOUR_RGB('',5.E-1,0.E0,2.3E-1);
#58=COLOUR_RGB('',5.E-1,5.E-1,5.E-1);
#59=COLOUR_RGB('',5.21569E-1,2.19608E-1,1.68627E-1);
#60=COLOUR_RGB('',5.3E-1,0.E0,0.E0);
#61=COLOUR_RGB('',5.29412E-1,5.80392E-1,6.5098E-1);
#62=COLOUR_RGB('',5.4E-1,0.E0,4.4E-1);
#63=COLOUR_RGB('',5.5E-1,3.E-1,0.E0);
#64=COLOUR_RGB('',5.6E-1,1.E-1,5.E-2);
#65=COLOUR_RGB('',5.60784E-1,5.80392E-1,6.19608E-1);
#66=COLOUR_RGB('',5.68627E-1,5.8824E-2,4.E-1);
#67=COLOUR_RGB('',5.8E-1,2.2E-1,1.E-2);
#68=COLOUR_RGB('',5.88235E-1,1.21569E-1,1.09804E-1);
#69=COLOUR_RGB('',6.E-1,6.E-1,6.E-1);
#70=COLOUR_RGB('',6.11765E-1,5.60784E-1,3.80392E-1);
#71=COLOUR_RGB('',6.11765E-1,6.11765E-1,6.5098E-1);
#72=COLOUR_RGB('',6.2E-1,0.E0,5.5E-1);
#73=COLOUR_RGB('',6.19608E-1,6.39216E-1,6.90196E-1);
#74=COLOUR_RGB('',6.4E-1,0.E0,2.5E-1);
#75=COLOUR_RGB('',6.4E-1,1.E-2,0.E0);
#76=COLOUR_RGB('',6.39216E-1,5.4902E-1,4.78431E-1);
#77=COLOUR_RGB('',6.5098E-1,6.70588E-1,7.09804E-1);
#78=COLOUR_RGB('',6.70588E-1,1.21569E-1,1.09804E-1);
#79=COLOUR_RGB('',6.78431E-1,4.78431E-1,3.09804E-1);
#80=COLOUR_RGB('',6.8E-1,7.5E-1,1.E0);
#81=COLOUR_RGB('',6.952E-1,7.426E-1,7.9E-1);
#82=COLOUR_RGB('',7.09804E-1,7.0588E-2,2.E-1);
#83=COLOUR_RGB('',7.1E-1,3.1E-1,0.E0);
#84=COLOUR_RGB('',7.2E-1,7.2E-1,7.2E-1);
#85=COLOUR_RGB('',7.29412E-1,7.41176E-1,7.29412E-1);
#86=COLOUR_RGB('',7.41176E-1,7.29412E-1,6.70588E-1);
#87=COLOUR_RGB('',7.4E-1,1.E0,2.6E-1);
#88=COLOUR_RGB('',7.5E-1,3.E-2,0.E0);
#89=COLOUR_RGB('',7.4902E-1,8.90196E-1,7.29412E-1);
#90=COLOUR_RGB('',7.6E-1,0.E0,4.7E-1);
#91=COLOUR_RGB('',7.80392E-1,9.0196E-2,7.0588E-2);
#92=COLOUR_RGB('',7.88235E-1,2.19608E-1,5.4902E-1);
#93=COLOUR_RGB('',8.1E-1,4.E-2,0.E0);
#94=COLOUR_RGB('',8.1E-1,6.1E-1,0.E0);
#95=COLOUR_RGB('',8.2E-1,4.E-2,6.6E-1);
#96=COLOUR_RGB('',8.31373E-1,8.5098E-1,8.58824E-1);
#97=COLOUR_RGB('',8.5098E-1,7.29412E-1,5.4902E-1);
#98=COLOUR_RGB('',8.5E-1,8.5E-1,8.5E-1);
#99=COLOUR_RGB('',8.78431E-1,3.68627E-1,1.21569E-1);
#100=COLOUR_RGB('',8.784E-1,9.49E-1,1.E0);
#101=COLOUR_RGB('',8.90196E-1,5.88235E-1,1.41176E-1);
#102=COLOUR_RGB('',9.E-1,1.E0,0.E0);
#103=COLOUR_RGB('',9.09804E-1,6.11765E-1,7.09804E-1);
#104=COLOUR_RGB('',9.37E-1,7.85E-1,0.E0);
#105=COLOUR_RGB('',9.41176E-1,9.29412E-1,9.01961E-1);
#106=COLOUR_RGB('',9.5E-1,2.2E-1,8.1E-1);
#107=COLOUR_RGB('',9.6E-1,3.7E-1,3.E-1);
#108=COLOUR_RGB('',9.6E-1,7.1E-1,3.75E-1);
#109=COLOUR_RGB('',9.80392E-1,1.E0,1.E0);
#110=COLOUR_RGB('',9.88235E-1,1.09804E-1,7.8431E-2);
#111=COLOUR_RGB('',9.88235E-1,7.21569E-1,1.29412E-1);
#112=COLOUR_RGB('',9.88235E-1,9.21569E-1,8.E-1);
#113=DRAUGHTING_PRE_DEFINED_COLOUR('red');
#114=COLOUR_RGB('',1.E0,0.E0,6.1E-1);
#115=COLOUR_RGB('',1.E0,4.E-2,0.E0);
#116=COLOUR_RGB('',1.E0,2.3E-1,0.E0);
#117=COLOUR_RGB('',1.E0,3.5E-1,5.2E-1);
#118=COLOUR_RGB('',1.E0,3.6E-1,0.E0);
#119=COLOUR_RGB('',1.E0,3.88235E-1,2.11765E-1);
#120=COLOUR_RGB('',1.E0,4.9E-1,3.7E-1);
#121=COLOUR_RGB('',1.E0,5.E-1,0.E0);
#122=COLOUR_RGB('',1.E0,5.6E-1,7.8E-1);
#123=COLOUR_RGB('',1.E0,6.4E-1,4.9E-1);
#124=COLOUR_RGB('',1.E0,6.7E-1,0.E0);
#125=COLOUR_RGB('',1.E0,7.6E-1,6.5E-1);
#126=COLOUR_RGB('',1.E0,8.39216E-1,3.01961E-1);
#127=COLOUR_RGB('',1.E0,8.6E-1,4.E-2);
#128=COLOUR_RGB('',1.E0,9.60784E-1,2.58824E-1);
#129=COLOUR_RGB('',1.E0,9.60784E-1,8.90196E-1);
#130=COLOUR_RGB('',1.E0,9.8E-1,7.2E-1);
#131=DRAUGHTING_PRE_DEFINED_COLOUR('yellow');
#132=COLOUR_RGB('',1.E0,1.E0,3.9216E-2);
#133=DRAUGHTING_PRE_DEFINED_COLOUR('white');
#1366=CIRCLE('',#1365,4.5E-1);
#1375=CIRCLE('',#1374,5.E-1);
#1396=CIRCLE('',#1395,1.5E-1);
#1405=CIRCLE('',#1404,1.5E-1);
#1426=CIRCLE('',#1425,1.5E-1);
#1435=CIRCLE('',#1434,1.5E-1);
#1444=CIRCLE('',#1443,1.5E-1);
#1453=CIRCLE('',#1452,1.5E-1);
#1458=CIRCLE('',#1457,1.5E-1);
#1467=CIRCLE('',#1466,1.5E-1);
#1476=CIRCLE('',#1475,1.5E-1);
#1913=CIRCLE('',#1912,3.E-1);
#1922=CIRCLE('',#1921,3.E-1);
#1935=CIRCLE('',#1934,3.E-1);
#1944=CIRCLE('',#1943,3.E-1);
#2013=CIRCLE('',#2012,3.E-1);
#2022=CIRCLE('',#2021,3.E-1);
#2043=CIRCLE('',#2042,3.E-1);
#2052=CIRCLE('',#2051,3.E-1);
#2077=CIRCLE('',#2076,2.5E-1);
#2094=CIRCLE('',#2093,2.5E-1);
#2111=CIRCLE('',#2110,2.5E-1);
#2120=CIRCLE('',#2119,2.5E-1);
#2141=CIRCLE('',#2140,2.5E-1);
#2150=CIRCLE('',#2149,2.5E-1);
#2167=CIRCLE('',#2166,2.5E-1);
#2184=CIRCLE('',#2183,2.5E-1);
#2201=CIRCLE('',#2200,3.E-1);
#2210=CIRCLE('',#2209,3.E-1);
#2235=CIRCLE('',#2234,3.E-1);
#2244=CIRCLE('',#2243,3.E-1);
#2273=CIRCLE('',#2272,3.E-1);
#2282=CIRCLE('',#2281,3.E-1);
#2299=CIRCLE('',#2298,3.E-1);
#2308=CIRCLE('',#2307,3.E-1);
#2357=CIRCLE('',#2356,2.5E-1);
#2378=CIRCLE('',#2377,2.5E-1);
#2435=CIRCLE('',#2434,2.5E-1);
#2452=CIRCLE('',#2451,2.5E-1);
#2469=CIRCLE('',#2468,2.5E-1);
#2490=CIRCLE('',#2489,2.5E-1);
#2503=CIRCLE('',#2502,2.5E-1);
#2524=CIRCLE('',#2523,2.5E-1);
#2965=CIRCLE('',#2964,5.E-1);
#2986=CIRCLE('',#2985,1.5E-1);
#2995=CIRCLE('',#2994,1.5E-1);
#3012=CIRCLE('',#3011,4.5E-1);
#3021=CIRCLE('',#3020,1.5E-1);
#3030=CIRCLE('',#3029,1.5E-1);
#3039=CIRCLE('',#3038,1.5E-1);
#3056=CIRCLE('',#3055,1.5E-1);
#3069=CIRCLE('',#3068,1.5E-1);
#3078=CIRCLE('',#3077,1.5E-1);
#3087=CIRCLE('',#3086,1.5E-1);
#3100=CIRCLE('',#3099,1.5E-1);
#3109=CIRCLE('',#3108,1.5E-1);
#3130=CIRCLE('',#3129,5.E-1);
#3143=CIRCLE('',#3142,4.5E-1);
#3152=CIRCLE('',#3151,1.5E-1);
#3169=CIRCLE('',#3168,1.5E-1);
#3178=CIRCLE('',#3177,1.5E-1);
#3187=CIRCLE('',#3186,1.5E-1);
#3196=CIRCLE('',#3195,1.5E-1);
#3205=CIRCLE('',#3204,1.5E-1);
#3214=CIRCLE('',#3213,1.5E-1);
#3335=CIRCLE('',#3334,4.5E-1);
#3344=CIRCLE('',#3343,5.E-1);
#3365=CIRCLE('',#3364,1.5E-1);
#3374=CIRCLE('',#3373,1.5E-1);
#3395=CIRCLE('',#3394,1.5E-1);
#3404=CIRCLE('',#3403,1.5E-1);
#3413=CIRCLE('',#3412,1.5E-1);
#3422=CIRCLE('',#3421,1.5E-1);
#3427=CIRCLE('',#3426,1.5E-1);
#3436=CIRCLE('',#3435,1.5E-1);
#3445=CIRCLE('',#3444,1.5E-1);
#3478=CIRCLE('',#3477,4.5E-1);
#3487=CIRCLE('',#3486,5.E-1);
#3496=CIRCLE('',#3495,1.5E-1);
#3505=CIRCLE('',#3504,1.5E-1);
#3530=CIRCLE('',#3529,1.5E-1);
#3539=CIRCLE('',#3538,1.5E-1);
#3548=CIRCLE('',#3547,1.5E-1);
#3573=CIRCLE('',#3572,1.5E-1);
#3582=CIRCLE('',#3581,1.5E-1);
#3591=CIRCLE('',#3590,1.5E-1);
#3596=CIRCLE('',#3595,1.5E-1);
#3697=CIRCLE('',#3696,4.5E-1);
#3706=CIRCLE('',#3705,5.E-1);
#3727=CIRCLE('',#3726,1.5E-1);
#3736=CIRCLE('',#3735,1.5E-1);
#3757=CIRCLE('',#3756,1.5E-1);
#3766=CIRCLE('',#3765,1.5E-1);
#3775=CIRCLE('',#3774,1.5E-1);
#3784=CIRCLE('',#3783,1.5E-1);
#3789=CIRCLE('',#3788,1.5E-1);
#3798=CIRCLE('',#3797,1.5E-1);
#3807=CIRCLE('',#3806,1.5E-1);
#3840=CIRCLE('',#3839,4.5E-1);
#3849=CIRCLE('',#3848,5.E-1);
#3858=CIRCLE('',#3857,1.5E-1);
#3867=CIRCLE('',#3866,1.5E-1);
#3892=CIRCLE('',#3891,1.5E-1);
#3901=CIRCLE('',#3900,1.5E-1);
#3910=CIRCLE('',#3909,1.5E-1);
#3935=CIRCLE('',#3934,1.5E-1);
#3944=CIRCLE('',#3943,1.5E-1);
#3953=CIRCLE('',#3952,1.5E-1);
#3958=CIRCLE('',#3957,1.5E-1);
#4051=CIRCLE('',#4050,5.E-1);
#4060=CIRCLE('',#4059,1.5E-1);
#4069=CIRCLE('',#4068,1.5E-1);
#4098=CIRCLE('',#4097,1.5E-1);
#4111=CIRCLE('',#4110,1.5E-1);
#4120=CIRCLE('',#4119,1.5E-1);
#4129=CIRCLE('',#4128,1.5E-1);
#4146=CIRCLE('',#4145,1.5E-1);
#4155=CIRCLE('',#4154,1.5E-1);
#4164=CIRCLE('',#4163,1.5E-1);
#4201=CIRCLE('',#4200,5.E-1);
#4222=CIRCLE('',#4221,1.5E-1);
#4231=CIRCLE('',#4230,1.5E-1);
#4248=CIRCLE('',#4247,1.5E-1);
#4253=CIRCLE('',#4252,1.5E-1);
#4262=CIRCLE('',#4261,1.5E-1);
#4271=CIRCLE('',#4270,1.5E-1);
#4288=CIRCLE('',#4287,1.5E-1);
#4297=CIRCLE('',#4296,1.5E-1);
#4306=CIRCLE('',#4305,1.5E-1);
#4379=CIRCLE('',#4378,5.E-1);
#4388=CIRCLE('',#4387,1.5E-1);
#4397=CIRCLE('',#4396,1.5E-1);
#4426=CIRCLE('',#4425,1.5E-1);
#4439=CIRCLE('',#4438,1.5E-1);
#4448=CIRCLE('',#4447,1.5E-1);
#4457=CIRCLE('',#4456,1.5E-1);
#4474=CIRCLE('',#4473,1.5E-1);
#4483=CIRCLE('',#4482,1.5E-1);
#4492=CIRCLE('',#4491,1.5E-1);
#4529=CIRCLE('',#4528,5.E-1);
#4550=CIRCLE('',#4549,1.5E-1);
#4559=CIRCLE('',#4558,1.5E-1);
#4576=CIRCLE('',#4575,1.5E-1);
#4581=CIRCLE('',#4580,1.5E-1);
#4590=CIRCLE('',#4589,1.5E-1);
#4599=CIRCLE('',#4598,1.5E-1);
#4616=CIRCLE('',#4615,1.5E-1);
#4625=CIRCLE('',#4624,1.5E-1);
#4634=CIRCLE('',#4633,1.5E-1);
#4707=CIRCLE('',#4706,5.E-1);
#4716=CIRCLE('',#4715,1.5E-1);
#4725=CIRCLE('',#4724,1.5E-1);
#4754=CIRCLE('',#4753,1.5E-1);
#4767=CIRCLE('',#4766,1.5E-1);
#4776=CIRCLE('',#4775,1.5E-1);
#4785=CIRCLE('',#4784,1.5E-1);
#4802=CIRCLE('',#4801,1.5E-1);
#4811=CIRCLE('',#4810,1.5E-1);
#4820=CIRCLE('',#4819,1.5E-1);
#4857=CIRCLE('',#4856,5.E-1);
#4878=CIRCLE('',#4877,1.5E-1);
#4887=CIRCLE('',#4886,1.5E-1);
#4904=CIRCLE('',#4903,1.5E-1);
#4909=CIRCLE('',#4908,1.5E-1);
#4918=CIRCLE('',#4917,1.5E-1);
#4927=CIRCLE('',#4926,1.5E-1);
#4944=CIRCLE('',#4943,1.5E-1);
#4953=CIRCLE('',#4952,1.5E-1);
#4962=CIRCLE('',#4961,1.5E-1);
#5043=CIRCLE('',#5042,5.E-1);
#5052=CIRCLE('',#5051,1.5E-1);
#5061=CIRCLE('',#5060,1.5E-1);
#5086=CIRCLE('',#5085,1.5E-1);
#5095=CIRCLE('',#5094,1.5E-1);
#5104=CIRCLE('',#5103,1.5E-1);
#5121=CIRCLE('',#5120,1.5E-1);
#5130=CIRCLE('',#5129,1.5E-1);
#5139=CIRCLE('',#5138,1.5E-1);
#5144=CIRCLE('',#5143,1.5E-1);
#5161=CIRCLE('',#5160,5.E-1);
#5182=CIRCLE('',#5181,1.5E-1);
#5191=CIRCLE('',#5190,1.5E-1);
#5204=CIRCLE('',#5203,1.5E-1);
#5209=CIRCLE('',#5208,1.5E-1);
#5218=CIRCLE('',#5217,1.5E-1);
#5227=CIRCLE('',#5226,1.5E-1);
#5244=CIRCLE('',#5243,1.5E-1);
#5253=CIRCLE('',#5252,1.5E-1);
#5262=CIRCLE('',#5261,1.5E-1);
#5427=CIRCLE('',#5426,4.5E-1);
#5436=CIRCLE('',#5435,5.E-1);
#5445=CIRCLE('',#5444,1.5E-1);
#5454=CIRCLE('',#5453,1.5E-1);
#5479=CIRCLE('',#5478,1.5E-1);
#5488=CIRCLE('',#5487,1.5E-1);
#5497=CIRCLE('',#5496,1.5E-1);
#5522=CIRCLE('',#5521,1.5E-1);
#5531=CIRCLE('',#5530,1.5E-1);
#5540=CIRCLE('',#5539,1.5E-1);
#5545=CIRCLE('',#5544,1.5E-1);
#8403=EDGE_CURVE('',#6384,#6385,#137,.T.);
#8405=EDGE_CURVE('',#6385,#6387,#141,.T.);
#8407=EDGE_CURVE('',#6387,#6389,#145,.T.);
#8409=EDGE_CURVE('',#6389,#6391,#149,.T.);
#8411=EDGE_CURVE('',#6391,#6393,#153,.T.);
#8413=EDGE_CURVE('',#6393,#6395,#157,.T.);
#8415=EDGE_CURVE('',#6395,#6397,#161,.T.);
#8417=EDGE_CURVE('',#6397,#6399,#165,.T.);
#8419=EDGE_CURVE('',#6399,#6401,#169,.T.);
#8421=EDGE_CURVE('',#6401,#6403,#173,.T.);
#8423=EDGE_CURVE('',#6403,#6405,#177,.T.);
#8425=EDGE_CURVE('',#6405,#6407,#181,.T.);
#8427=EDGE_CURVE('',#6407,#6409,#185,.T.);
#8429=EDGE_CURVE('',#6409,#6411,#189,.T.);
#8431=EDGE_CURVE('',#6411,#6413,#193,.T.);
#8433=EDGE_CURVE('',#6413,#6384,#197,.T.);
#8437=ADVANCED_FACE('',(#8436),#8402,.F.);
#8443=EDGE_CURVE('',#6648,#6440,#249,.T.);
#8445=EDGE_CURVE('',#6648,#6553,#201,.T.);
#8447=EDGE_CURVE('',#6553,#6416,#205,.T.);
#8449=EDGE_CURVE('',#6416,#6417,#2410,.T.);
#8451=EDGE_CURVE('',#6440,#6417,#397,.T.);
#8455=ADVANCED_FACE('',(#8454),#8442,.T.);
#8461=EDGE_CURVE('',#6444,#6669,#569,.T.);
#8463=EDGE_CURVE('',#6385,#6444,#405,.T.);
#8466=EDGE_CURVE('',#6384,#6557,#209,.T.);
#8468=EDGE_CURVE('',#6557,#6669,#213,.T.);
#8472=ADVANCED_FACE('',(#8471),#8460,.T.);
#8478=EDGE_CURVE('',#8005,#7617,#501,.T.);
#8480=EDGE_CURVE('',#7997,#8005,#2081,.T.);
#8482=EDGE_CURVE('',#7997,#8001,#217,.T.);
#8484=EDGE_CURVE('',#8001,#8009,#2089,.T.);
#8486=EDGE_CURVE('',#6437,#8009,#525,.T.);
#8488=EDGE_CURVE('',#6436,#6437,#221,.T.);
#8490=EDGE_CURVE('',#6436,#6432,#225,.T.);
#8492=EDGE_CURVE('',#6432,#6433,#229,.T.);
#8494=EDGE_CURVE('',#6697,#6433,#413,.T.);
#8496=EDGE_CURVE('',#6689,#6697,#2188,.T.);
#8498=EDGE_CURVE('',#6689,#6693,#233,.T.);
#8500=EDGE_CURVE('',#6693,#6701,#2162,.T.);
#8502=EDGE_CURVE('',#7221,#6701,#453,.T.);
#8504=EDGE_CURVE('',#7213,#7221,#2154,.T.);
#8506=EDGE_CURVE('',#7213,#7217,#237,.T.);
#8508=EDGE_CURVE('',#7217,#7225,#2136,.T.);
#8510=EDGE_CURVE('',#7613,#7225,#477,.T.);
#8512=EDGE_CURVE('',#7605,#7613,#2124,.T.);
#8514=EDGE_CURVE('',#7605,#7609,#241,.T.);
#8516=EDGE_CURVE('',#7609,#7617,#2106,.T.);
#8520=ADVANCED_FACE('',(#8519),#8477,.T.);
#8526=EDGE_CURVE('',#6624,#6616,#281,.T.);
#8528=EDGE_CURVE('',#6645,#6624,#6381,.T.);
#8530=EDGE_CURVE('',#6643,#6645,#321,.T.);
#8532=EDGE_CURVE('',#6643,#6620,#245,.T.);
#8534=EDGE_CURVE('',#6628,#6620,#293,.T.);
#8536=EDGE_CURVE('',#6649,#6628,#6353,.T.);
#8538=EDGE_CURVE('',#6648,#6649,#305,.T.);
#8541=EDGE_CURVE('',#6440,#6441,#393,.T.);
#8543=EDGE_CURVE('',#6441,#6455,#2026,.T.);
#8545=EDGE_CURVE('',#6455,#6595,#253,.T.);
#8547=EDGE_CURVE('',#6577,#6595,#1085,.T.);
#8549=EDGE_CURVE('',#6576,#6577,#1257,.T.);
#8551=EDGE_CURVE('',#6576,#6597,#257,.T.);
#8553=EDGE_CURVE('',#6597,#6523,#261,.T.);
#8555=EDGE_CURVE('',#6525,#6523,#2294,.T.);
#8557=EDGE_CURVE('',#6525,#6539,#385,.T.);
#8559=EDGE_CURVE('',#6539,#6641,#265,.T.);
#8561=EDGE_CURVE('',#6641,#6639,#301,.T.);
#8563=EDGE_CURVE('',#6639,#6616,#269,.T.);
#8567=ADVANCED_FACE('',(#8566),#8525,.F.);
#8573=EDGE_CURVE('',#6616,#6617,#273,.T.);
#8575=EDGE_CURVE('',#6625,#6617,#6365,.T.);
#8577=EDGE_CURVE('',#6624,#6625,#277,.T.);
#8582=ADVANCED_FACE('',(#8581),#8572,.F.);
#8588=EDGE_CURVE('',#6620,#6621,#285,.T.);
#8590=EDGE_CURVE('',#6629,#6621,#6377,.T.);
#8592=EDGE_CURVE('',#6628,#6629,#289,.T.);
#8597=ADVANCED_FACE('',(#8596),#8587,.F.);
#8605=EDGE_CURVE('',#6631,#6639,#297,.T.);
#8607=EDGE_CURVE('',#6617,#6631,#6357,.T.);
#8611=ADVANCED_FACE('',(#8610),#8602,.F.);
#8619=EDGE_CURVE('',#6641,#6552,#337,.T.);
#8621=EDGE_CURVE('',#6552,#6553,#673,.T.);
#8625=EDGE_CURVE('',#6637,#6649,#309,.T.);
#8627=EDGE_CURVE('',#6637,#6633,#313,.T.);
#8629=EDGE_CURVE('',#6633,#6643,#317,.T.);
#8632=EDGE_CURVE('',#6635,#6645,#325,.T.);
#8634=EDGE_CURVE('',#6635,#6631,#329,.T.);
#8638=ADVANCED_FACE('',(#8637),#8616,.F.);
#8645=EDGE_CURVE('',#6539,#6427,#333,.T.);
#8647=EDGE_CURVE('',#6427,#6429,#2418,.T.);
#8649=EDGE_CURVE('',#6552,#6429,#677,.T.);
#8654=ADVANCED_FACE('',(#8653),#8643,.T.);
#8660=EDGE_CURVE('',#6652,#6541,#553,.T.);
#8662=EDGE_CURVE('',#6556,#6652,#341,.T.);
#8664=EDGE_CURVE('',#6413,#6556,#685,.T.);
#8667=EDGE_CURVE('',#6411,#6541,#345,.T.);
#8671=ADVANCED_FACE('',(#8670),#8659,.T.);
#8677=EDGE_CURVE('',#6548,#8023,#349,.T.);
#8679=EDGE_CURVE('',#8023,#8016,#2369,.T.);
#8681=EDGE_CURVE('',#8012,#8016,#2365,.T.);
#8683=EDGE_CURVE('',#8019,#8012,#2352,.T.);
#8685=EDGE_CURVE('',#8019,#7631,#353,.T.);
#8687=EDGE_CURVE('',#7631,#7624,#2515,.T.);
#8689=EDGE_CURVE('',#7620,#7624,#2511,.T.);
#8691=EDGE_CURVE('',#7627,#7620,#2498,.T.);
#8693=EDGE_CURVE('',#7627,#7239,#357,.T.);
#8695=EDGE_CURVE('',#7239,#7232,#2481,.T.);
#8697=EDGE_CURVE('',#7228,#7232,#2477,.T.);
#8699=EDGE_CURVE('',#7235,#7228,#2464,.T.);
#8701=EDGE_CURVE('',#7235,#6721,#361,.T.);
#8703=EDGE_CURVE('',#6721,#6712,#2456,.T.);
#8705=EDGE_CURVE('',#6708,#6712,#2443,.T.);
#8707=EDGE_CURVE('',#6717,#6708,#2430,.T.);
#8709=EDGE_CURVE('',#6717,#6544,#365,.T.);
#8711=EDGE_CURVE('',#6544,#6545,#369,.T.);
#8713=EDGE_CURVE('',#6549,#6545,#669,.T.);
#8715=EDGE_CURVE('',#6548,#6549,#373,.T.);
#8719=ADVANCED_FACE('',(#8718),#8676,.T.);
#8725=EDGE_CURVE('',#6528,#6541,#377,.T.);
#8729=EDGE_CURVE('',#6409,#6528,#381,.T.);
#8733=ADVANCED_FACE('',(#8732),#8724,.T.);
#8740=EDGE_CURVE('',#6525,#6425,#389,.T.);
#8742=EDGE_CURVE('',#6425,#6427,#2422,.T.);
#8747=ADVANCED_FACE('',(#8746),#8738,.T.);
#8755=EDGE_CURVE('',#6417,#6419,#2406,.T.);
#8757=EDGE_CURVE('',#6441,#6419,#2030,.T.);
#8761=ADVANCED_FACE('',(#8760),#8752,.T.);
#8767=EDGE_CURVE('',#6444,#6445,#401,.T.);
#8769=EDGE_CURVE('',#6387,#6445,#2034,.T.);
#8775=ADVANCED_FACE('',(#8774),#8766,.T.);
#8781=EDGE_CURVE('',#6696,#6697,#409,.T.);
#8784=EDGE_CURVE('',#6433,#6561,#417,.T.);
#8786=EDGE_CURVE('',#6560,#6561,#421,.T.);
#8788=EDGE_CURVE('',#6560,#6448,#425,.T.);
#8790=EDGE_CURVE('',#6696,#6448,#2004,.T.);
#8794=ADVANCED_FACE('',(#8793),#8780,.T.);
#8800=EDGE_CURVE('',#6716,#6717,#429,.T.);
#8802=EDGE_CURVE('',#6716,#6516,#433,.T.);
#8804=EDGE_CURVE('',#6516,#6565,#437,.T.);
#8806=EDGE_CURVE('',#6564,#6565,#441,.T.);
#8808=EDGE_CURVE('',#6564,#6544,#445,.T.);
#8813=ADVANCED_FACE('',(#8812),#8799,.T.);
#8819=EDGE_CURVE('',#8291,#7221,#449,.T.);
#8822=EDGE_CURVE('',#6700,#6701,#457,.T.);
#8824=EDGE_CURVE('',#8291,#6700,#1988,.T.);
#8828=ADVANCED_FACE('',(#8827),#8818,.T.);
#8834=EDGE_CURVE('',#8295,#7235,#461,.T.);
#8836=EDGE_CURVE('',#8295,#6720,#465,.T.);
#8838=EDGE_CURVE('',#6720,#6721,#469,.T.);
#8843=ADVANCED_FACE('',(#8842),#8833,.T.);
#8849=EDGE_CURVE('',#8327,#7613,#473,.T.);
#8852=EDGE_CURVE('',#8293,#7225,#481,.T.);
#8854=EDGE_CURVE('',#8327,#8293,#1972,.T.);
#8858=ADVANCED_FACE('',(#8857),#8848,.T.);
#8864=EDGE_CURVE('',#8331,#7627,#485,.T.);
#8866=EDGE_CURVE('',#8331,#8297,#489,.T.);
#8868=EDGE_CURVE('',#8297,#7239,#493,.T.);
#8873=ADVANCED_FACE('',(#8872),#8863,.T.);
#8879=EDGE_CURVE('',#8363,#8005,#497,.T.);
#8882=EDGE_CURVE('',#8329,#7617,#505,.T.);
#8884=EDGE_CURVE('',#8363,#8329,#1956,.T.);
#8888=ADVANCED_FACE('',(#8887),#8878,.T.);
#8894=EDGE_CURVE('',#8367,#8019,#509,.T.);
#8896=EDGE_CURVE('',#8367,#8333,#513,.T.);
#8898=EDGE_CURVE('',#8333,#7631,#517,.T.);
#8903=ADVANCED_FACE('',(#8902),#8893,.T.);
#8909=EDGE_CURVE('',#8369,#8023,#521,.T.);
#8912=EDGE_CURVE('',#6437,#6548,#5581,.T.);
#8915=EDGE_CURVE('',#8365,#8009,#529,.T.);
#8917=EDGE_CURVE('',#6465,#8365,#2060,.T.);
#8919=EDGE_CURVE('',#6465,#6537,#533,.T.);
#8921=EDGE_CURVE('',#6537,#8369,#537,.T.);
#8925=ADVANCED_FACE('',(#8924),#8908,.T.);
#8931=EDGE_CURVE('',#6685,#6681,#541,.T.);
#8933=EDGE_CURVE('',#6659,#6681,#657,.T.);
#8935=EDGE_CURVE('',#6658,#6659,#617,.T.);
#8937=EDGE_CURVE('',#6658,#6683,#545,.T.);
#8939=EDGE_CURVE('',#6683,#6679,#549,.T.);
#8941=EDGE_CURVE('',#6653,#6679,#601,.T.);
#8943=EDGE_CURVE('',#6652,#6653,#605,.T.);
#8947=EDGE_CURVE('',#6528,#6529,#2286,.T.);
#8949=EDGE_CURVE('',#6604,#6529,#1926,.T.);
#8951=EDGE_CURVE('',#6572,#6604,#1908,.T.);
#8953=EDGE_CURVE('',#6572,#6513,#557,.T.);
#8955=EDGE_CURVE('',#6507,#6513,#1500,.T.);
#8957=EDGE_CURVE('',#6501,#6507,#1680,.T.);
#8959=EDGE_CURVE('',#6495,#6501,#1760,.T.);
#8961=EDGE_CURVE('',#6489,#6495,#2956,.T.);
#8963=EDGE_CURVE('',#6483,#6489,#2796,.T.);
#8965=EDGE_CURVE('',#6477,#6483,#2728,.T.);
#8967=EDGE_CURVE('',#6476,#6477,#2532,.T.);
#8969=EDGE_CURVE('',#6476,#6569,#561,.T.);
#8971=EDGE_CURVE('',#6569,#6600,#565,.T.);
#8973=EDGE_CURVE('',#6457,#6600,#1917,.T.);
#8975=EDGE_CURVE('',#6445,#6457,#2038,.T.);
#8979=EDGE_CURVE('',#6669,#6667,#629,.T.);
#8981=EDGE_CURVE('',#6667,#6685,#573,.T.);
#8985=ADVANCED_FACE('',(#8984),#8930,.F.);
#8991=EDGE_CURVE('',#6671,#6679,#577,.T.);
#8994=EDGE_CURVE('',#6675,#6683,#581,.T.);
#8996=EDGE_CURVE('',#6675,#6671,#585,.T.);
#9000=ADVANCED_FACE('',(#8999),#8990,.F.);
#9006=EDGE_CURVE('',#6673,#6681,#589,.T.);
#9009=EDGE_CURVE('',#6677,#6685,#593,.T.);
#9011=EDGE_CURVE('',#6677,#6673,#597,.T.);
#9015=ADVANCED_FACE('',(#9014),#9005,.F.);
#9021=EDGE_CURVE('',#6655,#6653,#609,.T.);
#9025=EDGE_CURVE('',#6655,#6671,#633,.T.);
#9029=ADVANCED_FACE('',(#9028),#9020,.F.);
#9037=EDGE_CURVE('',#6663,#6655,#641,.T.);
#9039=EDGE_CURVE('',#6663,#6658,#613,.T.);
#9042=EDGE_CURVE('',#6661,#6659,#621,.T.);
#9044=EDGE_CURVE('',#6666,#6661,#653,.T.);
#9046=EDGE_CURVE('',#6666,#6667,#625,.T.);
#9050=EDGE_CURVE('',#6556,#6557,#681,.T.);
#9055=ADVANCED_FACE('',(#9054),#9034,.F.);
#9063=EDGE_CURVE('',#6663,#6675,#637,.T.);
#9068=ADVANCED_FACE('',(#9067),#9060,.F.);
#9074=EDGE_CURVE('',#6661,#6673,#645,.T.);
#9077=EDGE_CURVE('',#6666,#6677,#649,.T.);
#9082=ADVANCED_FACE('',(#9081),#9073,.F.);
#9094=ADVANCED_FACE('',(#9093),#9087,.F.);
#9106=ADVANCED_FACE('',(#9105),#9099,.F.);
#9118=ADVANCED_FACE('',(#9117),#9111,.F.);
#9124=EDGE_CURVE('',#6545,#6432,#661,.T.);
#9127=EDGE_CURVE('',#6549,#6436,#665,.T.);
#9132=EDGE_CURVE('',#6776,#6777,#689,.T.);
#9134=EDGE_CURVE('',#6777,#6779,#693,.T.);
#9136=EDGE_CURVE('',#6779,#6781,#697,.T.);
#9138=EDGE_CURVE('',#6781,#6783,#701,.T.);
#9140=EDGE_CURVE('',#6783,#6785,#705,.T.);
#9142=EDGE_CURVE('',#6785,#6787,#709,.T.);
#9144=EDGE_CURVE('',#6787,#6789,#713,.T.);
#9146=EDGE_CURVE('',#6789,#6791,#717,.T.);
#9148=EDGE_CURVE('',#6791,#6793,#721,.T.);
#9150=EDGE_CURVE('',#6793,#6795,#725,.T.);
#9152=EDGE_CURVE('',#6795,#6797,#729,.T.);
#9154=EDGE_CURVE('',#6797,#6776,#733,.T.);
#9158=EDGE_CURVE('',#6800,#6801,#737,.T.);
#9160=EDGE_CURVE('',#6801,#6803,#741,.T.);
#9162=EDGE_CURVE('',#6803,#6805,#745,.T.);
#9164=EDGE_CURVE('',#6805,#6807,#749,.T.);
#9166=EDGE_CURVE('',#6807,#6809,#753,.T.);
#9168=EDGE_CURVE('',#6809,#6811,#757,.T.);
#9170=EDGE_CURVE('',#6811,#6813,#761,.T.);
#9172=EDGE_CURVE('',#6813,#6815,#765,.T.);
#9174=EDGE_CURVE('',#6815,#6817,#769,.T.);
#9176=EDGE_CURVE('',#6817,#6819,#773,.T.);
#9178=EDGE_CURVE('',#6819,#6821,#777,.T.);
#9180=EDGE_CURVE('',#6821,#6800,#781,.T.);
#9184=EDGE_CURVE('',#7163,#7165,#785,.T.);
#9186=EDGE_CURVE('',#7165,#7167,#789,.T.);
#9188=EDGE_CURVE('',#7167,#7169,#793,.T.);
#9190=EDGE_CURVE('',#7169,#7171,#797,.T.);
#9192=EDGE_CURVE('',#7171,#7173,#801,.T.);
#9194=EDGE_CURVE('',#7173,#7175,#805,.T.);
#9196=EDGE_CURVE('',#7175,#7177,#809,.T.);
#9198=EDGE_CURVE('',#7177,#7179,#813,.T.);
#9200=EDGE_CURVE('',#7179,#7181,#817,.T.);
#9202=EDGE_CURVE('',#7181,#7183,#821,.T.);
#9204=EDGE_CURVE('',#7183,#7185,#825,.T.);
#9206=EDGE_CURVE('',#7185,#7163,#829,.T.);
#9210=EDGE_CURVE('',#7187,#7189,#833,.T.);
#9212=EDGE_CURVE('',#7189,#7191,#837,.T.);
#9214=EDGE_CURVE('',#7191,#7193,#841,.T.);
#9216=EDGE_CURVE('',#7193,#7195,#845,.T.);
#9218=EDGE_CURVE('',#7195,#7197,#849,.T.);
#9220=EDGE_CURVE('',#7197,#7199,#853,.T.);
#9222=EDGE_CURVE('',#7199,#7201,#857,.T.);
#9224=EDGE_CURVE('',#7201,#7203,#861,.T.);
#9226=EDGE_CURVE('',#7203,#7205,#865,.T.);
#9228=EDGE_CURVE('',#7205,#7207,#869,.T.);
#9230=EDGE_CURVE('',#7207,#7209,#873,.T.);
#9232=EDGE_CURVE('',#7209,#7187,#877,.T.);
#9236=EDGE_CURVE('',#7555,#7557,#881,.T.);
#9238=EDGE_CURVE('',#7557,#7559,#885,.T.);
#9240=EDGE_CURVE('',#7559,#7561,#889,.T.);
#9242=EDGE_CURVE('',#7561,#7563,#893,.T.);
#9244=EDGE_CURVE('',#7563,#7565,#897,.T.);
#9246=EDGE_CURVE('',#7565,#7567,#901,.T.);
#9248=EDGE_CURVE('',#7567,#7569,#905,.T.);
#9250=EDGE_CURVE('',#7569,#7571,#909,.T.);
#9252=EDGE_CURVE('',#7571,#7573,#913,.T.);
#9254=EDGE_CURVE('',#7573,#7575,#917,.T.);
#9256=EDGE_CURVE('',#7575,#7577,#921,.T.);
#9258=EDGE_CURVE('',#7577,#7555,#925,.T.);
#9262=EDGE_CURVE('',#7579,#7581,#929,.T.);
#9264=EDGE_CURVE('',#7581,#7583,#933,.T.);
#9266=EDGE_CURVE('',#7583,#7585,#937,.T.);
#9268=EDGE_CURVE('',#7585,#7587,#941,.T.);
#9270=EDGE_CURVE('',#7587,#7589,#945,.T.);
#9272=EDGE_CURVE('',#7589,#7591,#949,.T.);
#9274=EDGE_CURVE('',#7591,#7593,#953,.T.);
#9276=EDGE_CURVE('',#7593,#7595,#957,.T.);
#9278=EDGE_CURVE('',#7595,#7597,#961,.T.);
#9280=EDGE_CURVE('',#7597,#7599,#965,.T.);
#9282=EDGE_CURVE('',#7599,#7601,#969,.T.);
#9284=EDGE_CURVE('',#7601,#7579,#973,.T.);
#9288=EDGE_CURVE('',#7947,#7949,#977,.T.);
#9290=EDGE_CURVE('',#7949,#7951,#981,.T.);
#9292=EDGE_CURVE('',#7951,#7953,#985,.T.);
#9294=EDGE_CURVE('',#7953,#7955,#989,.T.);
#9296=EDGE_CURVE('',#7955,#7957,#993,.T.);
#9298=EDGE_CURVE('',#7957,#7959,#997,.T.);
#9300=EDGE_CURVE('',#7959,#7961,#1001,.T.);
#9302=EDGE_CURVE('',#7961,#7963,#1005,.T.);
#9304=EDGE_CURVE('',#7963,#7965,#1009,.T.);
#9306=EDGE_CURVE('',#7965,#7967,#1013,.T.);
#9308=EDGE_CURVE('',#7967,#7969,#1017,.T.);
#9310=EDGE_CURVE('',#7969,#7947,#1021,.T.);
#9314=EDGE_CURVE('',#7971,#7973,#1025,.T.);
#9316=EDGE_CURVE('',#7973,#7975,#1029,.T.);
#9318=EDGE_CURVE('',#7975,#7977,#1033,.T.);
#9320=EDGE_CURVE('',#7977,#7979,#1037,.T.);
#9322=EDGE_CURVE('',#7979,#7981,#1041,.T.);
#9324=EDGE_CURVE('',#7981,#7983,#1045,.T.);
#9326=EDGE_CURVE('',#7983,#7985,#1049,.T.);
#9328=EDGE_CURVE('',#7985,#7987,#1053,.T.);
#9330=EDGE_CURVE('',#7987,#7989,#1057,.T.);
#9332=EDGE_CURVE('',#7989,#7991,#1061,.T.);
#9334=EDGE_CURVE('',#7991,#7993,#1065,.T.);
#9336=EDGE_CURVE('',#7993,#7971,#1069,.T.);
#9340=ADVANCED_FACE('',(#9131,#9157,#9183,#9209,#9235,#9261,#9287,#9313,#9339),
#9123,.T.);
#9348=EDGE_CURVE('',#6429,#6416,#2414,.T.);
#9353=ADVANCED_FACE('',(#9352),#9345,.T.);
#9365=ADVANCED_FACE('',(#9364),#9358,.T.);
#9371=EDGE_CURVE('',#6579,#6561,#1073,.T.);
#9378=EDGE_CURVE('',#6581,#6564,#2252,.T.);
#9380=EDGE_CURVE('',#6581,#6509,#1077,.T.);
#9382=EDGE_CURVE('',#6503,#6509,#1572,.T.);
#9384=EDGE_CURVE('',#6497,#6503,#1700,.T.);
#9386=EDGE_CURVE('',#6491,#6497,#1748,.T.);
#9388=EDGE_CURVE('',#6485,#6491,#2944,.T.);
#9390=EDGE_CURVE('',#6479,#6485,#2916,.T.);
#9392=EDGE_CURVE('',#6469,#6479,#2744,.T.);
#9394=EDGE_CURVE('',#6468,#6469,#2668,.T.);
#9396=EDGE_CURVE('',#6468,#6579,#1081,.T.);
#9400=ADVANCED_FACE('',(#9399),#9370,.F.);
#9408=EDGE_CURVE('',#6577,#6579,#1261,.T.);
#9411=EDGE_CURVE('',#6591,#6595,#2235,.T.);
#9413=EDGE_CURVE('',#6587,#6591,#2218,.T.);
#9415=EDGE_CURVE('',#6583,#6587,#2201,.T.);
#9417=EDGE_CURVE('',#6560,#6583,#2192,.T.);
#9421=ADVANCED_FACE('',(#9420),#9405,.F.);
#9427=EDGE_CURVE('',#8253,#8387,#1089,.T.);
#9429=EDGE_CURVE('',#6472,#8387,#2724,.T.);
#9431=EDGE_CURVE('',#6472,#6568,#1093,.T.);
#9433=EDGE_CURVE('',#6568,#6569,#1097,.T.);
#9436=EDGE_CURVE('',#6391,#6476,#2536,.T.);
#9439=EDGE_CURVE('',#6389,#6421,#1101,.T.);
#9441=EDGE_CURVE('',#6421,#6424,#1105,.T.);
#9443=EDGE_CURVE('',#6407,#6424,#2290,.T.);
#9446=EDGE_CURVE('',#6405,#6513,#1109,.T.);
#9449=EDGE_CURVE('',#6572,#6573,#1113,.T.);
#9451=EDGE_CURVE('',#6573,#6511,#1117,.T.);
#9453=EDGE_CURVE('',#6511,#8389,#1121,.T.);
#9455=EDGE_CURVE('',#8389,#8251,#1125,.T.);
#9457=EDGE_CURVE('',#8251,#8255,#1129,.T.);
#9459=EDGE_CURVE('',#8393,#8255,#1133,.T.);
#9461=EDGE_CURVE('',#8393,#8373,#1137,.T.);
#9463=EDGE_CURVE('',#8373,#8119,#1141,.T.);
#9465=EDGE_CURVE('',#8119,#8123,#1145,.T.);
#9467=EDGE_CURVE('',#8377,#8123,#1149,.T.);
#9469=EDGE_CURVE('',#8377,#8353,#1153,.T.);
#9471=EDGE_CURVE('',#8353,#7859,#1157,.T.);
#9473=EDGE_CURVE('',#7859,#7863,#1161,.T.);
#9475=EDGE_CURVE('',#8357,#7863,#1165,.T.);
#9477=EDGE_CURVE('',#8357,#8337,#1169,.T.);
#9479=EDGE_CURVE('',#8337,#7727,#1173,.T.);
#9481=EDGE_CURVE('',#7727,#7731,#1177,.T.);
#9483=EDGE_CURVE('',#8341,#7731,#1181,.T.);
#9485=EDGE_CURVE('',#8341,#8317,#1185,.T.);
#9487=EDGE_CURVE('',#8317,#7467,#1189,.T.);
#9489=EDGE_CURVE('',#7467,#7471,#1193,.T.);
#9491=EDGE_CURVE('',#8321,#7471,#1197,.T.);
#9493=EDGE_CURVE('',#8321,#8301,#1201,.T.);
#9495=EDGE_CURVE('',#8301,#7335,#1205,.T.);
#9497=EDGE_CURVE('',#7335,#7339,#1209,.T.);
#9499=EDGE_CURVE('',#8305,#7339,#1213,.T.);
#9501=EDGE_CURVE('',#8305,#7075,#1217,.T.);
#9503=EDGE_CURVE('',#7075,#7036,#1221,.T.);
#9505=EDGE_CURVE('',#7036,#7037,#1225,.T.);
#9507=EDGE_CURVE('',#7077,#7037,#1229,.T.);
#9509=EDGE_CURVE('',#7077,#7039,#1233,.T.);
#9511=EDGE_CURVE('',#7039,#6923,#1237,.T.);
#9513=EDGE_CURVE('',#6923,#6925,#1241,.T.);
#9515=EDGE_CURVE('',#7041,#6925,#1245,.T.);
#9517=EDGE_CURVE('',#7041,#6509,#1249,.T.);
#9520=EDGE_CURVE('',#6581,#6576,#1253,.T.);
#9525=EDGE_CURVE('',#6921,#6468,#2664,.T.);
#9527=EDGE_CURVE('',#6920,#6921,#1265,.T.);
#9529=EDGE_CURVE('',#6916,#6920,#1269,.T.);
#9531=EDGE_CURVE('',#6916,#6917,#1273,.T.);
#9533=EDGE_CURVE('',#7033,#6917,#2648,.T.);
#9535=EDGE_CURVE('',#7032,#7033,#1277,.T.);
#9537=EDGE_CURVE('',#7028,#7032,#1281,.T.);
#9539=EDGE_CURVE('',#7028,#7029,#1285,.T.);
#9541=EDGE_CURVE('',#8303,#7029,#2632,.T.);
#9543=EDGE_CURVE('',#7341,#8303,#1289,.T.);
#9545=EDGE_CURVE('',#7337,#7341,#1293,.T.);
#9547=EDGE_CURVE('',#7337,#8299,#1297,.T.);
#9549=EDGE_CURVE('',#8319,#8299,#2616,.T.);
#9551=EDGE_CURVE('',#7473,#8319,#1301,.T.);
#9553=EDGE_CURVE('',#7469,#7473,#1305,.T.);
#9555=EDGE_CURVE('',#7469,#8315,#1309,.T.);
#9557=EDGE_CURVE('',#8339,#8315,#2600,.T.);
#9559=EDGE_CURVE('',#7733,#8339,#1313,.T.);
#9561=EDGE_CURVE('',#7729,#7733,#1317,.T.);
#9563=EDGE_CURVE('',#7729,#8335,#1321,.T.);
#9565=EDGE_CURVE('',#8355,#8335,#2584,.T.);
#9567=EDGE_CURVE('',#7865,#8355,#1325,.T.);
#9569=EDGE_CURVE('',#7861,#7865,#1329,.T.);
#9571=EDGE_CURVE('',#7861,#8351,#1333,.T.);
#9573=EDGE_CURVE('',#8375,#8351,#2568,.T.);
#9575=EDGE_CURVE('',#8125,#8375,#1337,.T.);
#9577=EDGE_CURVE('',#8121,#8125,#1341,.T.);
#9579=EDGE_CURVE('',#8121,#8371,#1345,.T.);
#9581=EDGE_CURVE('',#8391,#8371,#2552,.T.);
#9583=EDGE_CURVE('',#8257,#8391,#1349,.T.);
#9585=EDGE_CURVE('',#8253,#8257,#1353,.T.);
#9589=ADVANCED_FACE('',(#9588),#9426,.T.);
#9595=EDGE_CURVE('',#8197,#8251,#1357,.T.);
#9598=EDGE_CURVE('',#8265,#8389,#1668,.T.);
#9600=EDGE_CURVE('',#8265,#8194,#1361,.T.);
#9602=EDGE_CURVE('',#8194,#8195,#1366,.T.);
#9604=EDGE_CURVE('',#8195,#8197,#1370,.T.);
#9608=ADVANCED_FACE('',(#9607),#9594,.F.);
#9614=EDGE_CURVE('',#8253,#8152,#1375,.T.);
#9616=EDGE_CURVE('',#8152,#8153,#1379,.T.);
#9618=EDGE_CURVE('',#8153,#8155,#1383,.T.);
#9620=EDGE_CURVE('',#8155,#8157,#1387,.T.);
#9622=EDGE_CURVE('',#8157,#8160,#1391,.T.);
#9624=EDGE_CURVE('',#8160,#8161,#1396,.T.);
#9626=EDGE_CURVE('',#8161,#8163,#1400,.T.);
#9628=EDGE_CURVE('',#8163,#8165,#1405,.T.);
#9630=EDGE_CURVE('',#8165,#8275,#1409,.T.);
#9632=EDGE_CURVE('',#8387,#8275,#2540,.T.);
#9637=ADVANCED_FACE('',(#9636),#9613,.F.);
#9643=EDGE_CURVE('',#8191,#8259,#1413,.T.);
#9645=EDGE_CURVE('',#8395,#8259,#1508,.T.);
#9647=EDGE_CURVE('',#8281,#8395,#1688,.T.);
#9649=EDGE_CURVE('',#8281,#8180,#1417,.T.);
#9651=EDGE_CURVE('',#8180,#8181,#1421,.T.);
#9653=EDGE_CURVE('',#8181,#8183,#1426,.T.);
#9655=EDGE_CURVE('',#8183,#8185,#1430,.T.);
#9657=EDGE_CURVE('',#8185,#8187,#1435,.T.);
#9659=EDGE_CURVE('',#8187,#8189,#1439,.T.);
#9661=EDGE_CURVE('',#8189,#8191,#1444,.T.);
#9665=ADVANCED_FACE('',(#9664),#9642,.F.);
#9671=EDGE_CURVE('',#8261,#8248,#1448,.T.);
#9673=EDGE_CURVE('',#8248,#8263,#1453,.T.);
#9675=EDGE_CURVE('',#8277,#8263,#2928,.T.);
#9677=EDGE_CURVE('',#8277,#8168,#1458,.T.);
#9679=EDGE_CURVE('',#8168,#8169,#1462,.T.);
#9681=EDGE_CURVE('',#8169,#8171,#1467,.T.);
#9683=EDGE_CURVE('',#8171,#8173,#1471,.T.);
#9685=EDGE_CURVE('',#8173,#8175,#1476,.T.);
#9687=EDGE_CURVE('',#8175,#8177,#1480,.T.);
#9689=EDGE_CURVE('',#8177,#8279,#1484,.T.);
#9691=EDGE_CURVE('',#8261,#8279,#1880,.T.);
#9695=ADVANCED_FACE('',(#9694),#9670,.F.);
#9702=EDGE_CURVE('',#8197,#8245,#1488,.T.);
#9704=EDGE_CURVE('',#8245,#8255,#5418,.T.);
#9709=ADVANCED_FACE('',(#9708),#9700,.T.);
#9716=EDGE_CURVE('',#8195,#8243,#1492,.T.);
#9718=EDGE_CURVE('',#8243,#8245,#5422,.T.);
#9723=ADVANCED_FACE('',(#9722),#9714,.T.);
#9730=EDGE_CURVE('',#8194,#8242,#1496,.T.);
#9732=EDGE_CURVE('',#8242,#8243,#5427,.T.);
#9737=ADVANCED_FACE('',(#9736),#9728,.T.);
#9744=EDGE_CURVE('',#8265,#8273,#1664,.T.);
#9746=EDGE_CURVE('',#8273,#8242,#5431,.T.);
#9751=ADVANCED_FACE('',(#9750),#9742,.T.);
#9760=EDGE_CURVE('',#6403,#6507,#1504,.T.);
#9764=ADVANCED_FACE('',(#9763),#9756,.T.);
#9771=EDGE_CURVE('',#8259,#8267,#1512,.T.);
#9773=EDGE_CURVE('',#8397,#8267,#1516,.T.);
#9775=EDGE_CURVE('',#8397,#8359,#1520,.T.);
#9777=EDGE_CURVE('',#8359,#7867,#1524,.T.);
#9779=EDGE_CURVE('',#7867,#7875,#1528,.T.);
#9781=EDGE_CURVE('',#8361,#7875,#1532,.T.);
#9783=EDGE_CURVE('',#8361,#8323,#1536,.T.);
#9785=EDGE_CURVE('',#8323,#7475,#1540,.T.);
#9787=EDGE_CURVE('',#7475,#7483,#1544,.T.);
#9789=EDGE_CURVE('',#8325,#7483,#1548,.T.);
#9791=EDGE_CURVE('',#8325,#7100,#1552,.T.);
#9793=EDGE_CURVE('',#7100,#7101,#1556,.T.);
#9795=EDGE_CURVE('',#7101,#7107,#1560,.T.);
#9797=EDGE_CURVE('',#7106,#7107,#1564,.T.);
#9799=EDGE_CURVE('',#7106,#6503,#1568,.T.);
#9803=EDGE_CURVE('',#7073,#7041,#1576,.T.);
#9805=EDGE_CURVE('',#7071,#7073,#1580,.T.);
#9807=EDGE_CURVE('',#7071,#7039,#1584,.T.);
#9810=EDGE_CURVE('',#7109,#7077,#1588,.T.);
#9812=EDGE_CURVE('',#7103,#7109,#1592,.T.);
#9814=EDGE_CURVE('',#7103,#7075,#1596,.T.);
#9817=EDGE_CURVE('',#7365,#8305,#1600,.T.);
#9819=EDGE_CURVE('',#7361,#7365,#1604,.T.);
#9821=EDGE_CURVE('',#7361,#8301,#1608,.T.);
#9824=EDGE_CURVE('',#7489,#8321,#1612,.T.);
#9826=EDGE_CURVE('',#7481,#7489,#1616,.T.);
#9828=EDGE_CURVE('',#7481,#8317,#1620,.T.);
#9831=EDGE_CURVE('',#7757,#8341,#1624,.T.);
#9833=EDGE_CURVE('',#7753,#7757,#1628,.T.);
#9835=EDGE_CURVE('',#7753,#8337,#1632,.T.);
#9838=EDGE_CURVE('',#7881,#8357,#1636,.T.);
#9840=EDGE_CURVE('',#7873,#7881,#1640,.T.);
#9842=EDGE_CURVE('',#7873,#8353,#1644,.T.);
#9845=EDGE_CURVE('',#8149,#8377,#1648,.T.);
#9847=EDGE_CURVE('',#8145,#8149,#1652,.T.);
#9849=EDGE_CURVE('',#8145,#8373,#1656,.T.);
#9852=EDGE_CURVE('',#8273,#8393,#1660,.T.);
#9857=EDGE_CURVE('',#6505,#6511,#1672,.T.);
#9859=EDGE_CURVE('',#6505,#8395,#1676,.T.);
#9863=ADVANCED_FACE('',(#9862),#9769,.T.);
#9872=EDGE_CURVE('',#6401,#6501,#1684,.T.);
#9876=ADVANCED_FACE('',(#9875),#9868,.T.);
#9884=EDGE_CURVE('',#6499,#6505,#1692,.T.);
#9886=EDGE_CURVE('',#6499,#6497,#1696,.T.);
#9890=EDGE_CURVE('',#7113,#7106,#1704,.T.);
#9892=EDGE_CURVE('',#7111,#7113,#1708,.T.);
#9894=EDGE_CURVE('',#7111,#7100,#1712,.T.);
#9897=EDGE_CURVE('',#7505,#8325,#1716,.T.);
#9899=EDGE_CURVE('',#7497,#7505,#1720,.T.);
#9901=EDGE_CURVE('',#7497,#8323,#1724,.T.);
#9904=EDGE_CURVE('',#7897,#8361,#1728,.T.);
#9906=EDGE_CURVE('',#7889,#7897,#1732,.T.);
#9908=EDGE_CURVE('',#7889,#8359,#1736,.T.);
#9911=EDGE_CURVE('',#8289,#8397,#1740,.T.);
#9913=EDGE_CURVE('',#8281,#8289,#1744,.T.);
#9917=ADVANCED_FACE('',(#9916),#9881,.T.);
#9925=EDGE_CURVE('',#6493,#6499,#1752,.T.);
#9927=EDGE_CURVE('',#6493,#6491,#1756,.T.);
#9931=EDGE_CURVE('',#7064,#7065,#1768,.T.);
#9933=EDGE_CURVE('',#7065,#7069,#1772,.T.);
#9935=EDGE_CURVE('',#7068,#7069,#1776,.T.);
#9937=EDGE_CURVE('',#7064,#7068,#1780,.T.);
#9941=EDGE_CURVE('',#7092,#7093,#1784,.T.);
#9943=EDGE_CURVE('',#7093,#7097,#1788,.T.);
#9945=EDGE_CURVE('',#7096,#7097,#1792,.T.);
#9947=EDGE_CURVE('',#7092,#7096,#1796,.T.);
#9951=EDGE_CURVE('',#7345,#7359,#1800,.T.);
#9953=EDGE_CURVE('',#7359,#7363,#1804,.T.);
#9955=EDGE_CURVE('',#7353,#7363,#1808,.T.);
#9957=EDGE_CURVE('',#7345,#7353,#1812,.T.);
#9961=EDGE_CURVE('',#7477,#7495,#1816,.T.);
#9963=EDGE_CURVE('',#7495,#7503,#1820,.T.);
#9965=EDGE_CURVE('',#7485,#7503,#1824,.T.);
#9967=EDGE_CURVE('',#7477,#7485,#1828,.T.);
#9971=EDGE_CURVE('',#7737,#7751,#1832,.T.);
#9973=EDGE_CURVE('',#7751,#7755,#1836,.T.);
#9975=EDGE_CURVE('',#7745,#7755,#1840,.T.);
#9977=EDGE_CURVE('',#7737,#7745,#1844,.T.);
#9981=EDGE_CURVE('',#7869,#7887,#1848,.T.);
#9983=EDGE_CURVE('',#7887,#7895,#1852,.T.);
#9985=EDGE_CURVE('',#7877,#7895,#1856,.T.);
#9987=EDGE_CURVE('',#7869,#7877,#1860,.T.);
#9991=EDGE_CURVE('',#8129,#8143,#1864,.T.);
#9993=EDGE_CURVE('',#8143,#8147,#1868,.T.);
#9995=EDGE_CURVE('',#8137,#8147,#1872,.T.);
#9997=EDGE_CURVE('',#8129,#8137,#1876,.T.);
#10002=EDGE_CURVE('',#8279,#8287,#1884,.T.);
#10004=EDGE_CURVE('',#8269,#8287,#1888,.T.);
#10006=EDGE_CURVE('',#8261,#8269,#1892,.T.);
#10010=ADVANCED_FACE('',(#9930,#9940,#9950,#9960,#9970,#9980,#9990,#10000,
#10009),#9922,.T.);
#10019=EDGE_CURVE('',#6399,#6495,#1764,.T.);
#10023=ADVANCED_FACE('',(#10022),#10015,.T.);
#10029=EDGE_CURVE('',#6573,#6613,#1896,.T.);
#10031=EDGE_CURVE('',#6613,#6535,#1900,.T.);
#10033=EDGE_CURVE('',#6537,#6535,#2268,.T.);
#10036=EDGE_CURVE('',#6465,#6463,#2056,.T.);
#10038=EDGE_CURVE('',#6463,#6611,#1904,.T.);
#10040=EDGE_CURVE('',#6568,#6611,#1930,.T.);
#10043=EDGE_CURVE('',#6472,#6473,#2720,.T.);
#10045=EDGE_CURVE('',#6473,#6481,#2776,.T.);
#10047=EDGE_CURVE('',#6481,#6487,#2920,.T.);
#10049=EDGE_CURVE('',#6487,#6493,#2948,.T.);
#10057=ADVANCED_FACE('',(#10056),#10028,.F.);
#10065=EDGE_CURVE('',#6604,#6605,#1922,.T.);
#10067=EDGE_CURVE('',#6605,#6609,#2394,.T.);
#10069=EDGE_CURVE('',#6609,#6613,#1944,.T.);
#10074=ADVANCED_FACE('',(#10073),#10062,.F.);
#10080=EDGE_CURVE('',#6600,#6601,#1913,.T.);
#10082=EDGE_CURVE('',#6459,#6601,#2390,.T.);
#10084=EDGE_CURVE('',#6457,#6459,#2043,.T.);
#10089=ADVANCED_FACE('',(#10088),#10079,.F.);
#10097=EDGE_CURVE('',#6529,#6531,#2282,.T.);
#10099=EDGE_CURVE('',#6605,#6531,#2398,.T.);
#10103=ADVANCED_FACE('',(#10102),#10094,.F.);
#10111=EDGE_CURVE('',#6607,#6611,#1935,.T.);
#10113=EDGE_CURVE('',#6601,#6607,#2386,.T.);
#10119=ADVANCED_FACE('',(#10118),#10108,.F.);
#10127=EDGE_CURVE('',#6461,#6463,#2052,.T.);
#10129=EDGE_CURVE('',#6461,#6607,#1939,.T.);
#10133=ADVANCED_FACE('',(#10132),#10124,.F.);
#10140=EDGE_CURVE('',#6609,#6533,#1948,.T.);
#10142=EDGE_CURVE('',#6533,#6535,#2273,.T.);
#10147=ADVANCED_FACE('',(#10146),#10138,.F.);
#10153=EDGE_CURVE('',#8363,#8003,#1952,.T.);
#10156=EDGE_CURVE('',#8329,#7615,#1960,.T.);
#10158=EDGE_CURVE('',#7615,#7611,#1964,.T.);
#10160=EDGE_CURVE('',#8327,#7611,#1968,.T.);
#10163=EDGE_CURVE('',#8293,#7223,#1976,.T.);
#10165=EDGE_CURVE('',#7223,#7219,#1980,.T.);
#10167=EDGE_CURVE('',#8291,#7219,#1984,.T.);
#10170=EDGE_CURVE('',#6700,#6705,#1992,.T.);
#10172=EDGE_CURVE('',#6705,#6703,#1996,.T.);
#10174=EDGE_CURVE('',#6696,#6703,#2000,.T.);
#10177=EDGE_CURVE('',#6448,#6449,#2008,.T.);
#10179=EDGE_CURVE('',#6449,#6451,#2013,.T.);
#10181=EDGE_CURVE('',#6451,#6453,#2017,.T.);
#10183=EDGE_CURVE('',#6453,#6455,#2022,.T.);
#10187=EDGE_CURVE('',#6419,#6421,#2402,.T.);
#10194=EDGE_CURVE('',#6459,#6461,#2047,.T.);
#10199=EDGE_CURVE('',#8365,#8007,#2064,.T.);
#10201=EDGE_CURVE('',#8007,#8003,#2068,.T.);
#10205=ADVANCED_FACE('',(#10204),#10152,.T.);
#10211=EDGE_CURVE('',#8003,#7996,#2072,.T.);
#10213=EDGE_CURVE('',#7996,#7997,#2077,.T.);
#10220=ADVANCED_FACE('',(#10219),#10210,.F.);
#10228=EDGE_CURVE('',#8007,#8000,#2085,.T.);
#10230=EDGE_CURVE('',#7996,#8000,#2098,.T.);
#10234=ADVANCED_FACE('',(#10233),#10225,.F.);
#10244=EDGE_CURVE('',#8000,#8001,#2094,.T.);
#10248=ADVANCED_FACE('',(#10247),#10239,.T.);
#10260=ADVANCED_FACE('',(#10259),#10253,.F.);
#10266=EDGE_CURVE('',#7615,#7608,#2102,.T.);
#10271=EDGE_CURVE('',#7608,#7609,#2111,.T.);
#10275=ADVANCED_FACE('',(#10274),#10265,.T.);
#10281=EDGE_CURVE('',#7611,#7604,#2115,.T.);
#10285=EDGE_CURVE('',#7604,#7608,#2128,.T.);
#10289=ADVANCED_FACE('',(#10288),#10280,.F.);
#10296=EDGE_CURVE('',#7604,#7605,#2120,.T.);
#10303=ADVANCED_FACE('',(#10302),#10294,.F.);
#10315=ADVANCED_FACE('',(#10314),#10308,.F.);
#10321=EDGE_CURVE('',#7223,#7216,#2132,.T.);
#10326=EDGE_CURVE('',#7216,#7217,#2141,.T.);
#10330=ADVANCED_FACE('',(#10329),#10320,.T.);
#10336=EDGE_CURVE('',#7219,#7212,#2145,.T.);
#10340=EDGE_CURVE('',#7212,#7216,#2158,.T.);
#10344=ADVANCED_FACE('',(#10343),#10335,.F.);
#10351=EDGE_CURVE('',#7212,#7213,#2150,.T.);
#10358=ADVANCED_FACE('',(#10357),#10349,.F.);
#10370=ADVANCED_FACE('',(#10369),#10363,.F.);
#10378=EDGE_CURVE('',#6692,#6693,#2167,.T.);
#10380=EDGE_CURVE('',#6705,#6692,#2171,.T.);
#10385=ADVANCED_FACE('',(#10384),#10375,.T.);
#10391=EDGE_CURVE('',#6688,#6689,#2184,.T.);
#10393=EDGE_CURVE('',#6688,#6692,#2175,.T.);
#10399=ADVANCED_FACE('',(#10398),#10390,.F.);
#10407=EDGE_CURVE('',#6703,#6688,#2179,.T.);
#10413=ADVANCED_FACE('',(#10412),#10404,.F.);
#10425=ADVANCED_FACE('',(#10424),#10418,.F.);
#10432=EDGE_CURVE('',#6449,#6583,#2205,.T.);
#10438=ADVANCED_FACE('',(#10437),#10430,.F.);
#10444=EDGE_CURVE('',#6565,#6585,#2196,.T.);
#10447=EDGE_CURVE('',#6516,#6517,#2312,.T.);
#10449=EDGE_CURVE('',#6585,#6517,#2214,.T.);
#10453=ADVANCED_FACE('',(#10452),#10443,.F.);
#10460=EDGE_CURVE('',#6451,#6587,#2222,.T.);
#10466=ADVANCED_FACE('',(#10465),#10458,.F.);
#10472=EDGE_CURVE('',#6585,#6589,#2210,.T.);
#10475=EDGE_CURVE('',#6517,#6519,#2308,.T.);
#10477=EDGE_CURVE('',#6589,#6519,#2230,.T.);
#10481=ADVANCED_FACE('',(#10480),#10471,.F.);
#10488=EDGE_CURVE('',#6453,#6591,#2239,.T.);
#10494=ADVANCED_FACE('',(#10493),#10486,.F.);
#10500=EDGE_CURVE('',#6589,#6593,#2226,.T.);
#10503=EDGE_CURVE('',#6519,#6521,#2303,.T.);
#10505=EDGE_CURVE('',#6593,#6521,#2248,.T.);
#10509=ADVANCED_FACE('',(#10508),#10499,.F.);
#10521=ADVANCED_FACE('',(#10520),#10514,.F.);
#10527=EDGE_CURVE('',#6593,#6597,#2244,.T.);
#10530=EDGE_CURVE('',#6521,#6523,#2299,.T.);
#10535=ADVANCED_FACE('',(#10534),#10526,.F.);
#10551=ADVANCED_FACE('',(#10550),#10540,.F.);
#10557=EDGE_CURVE('',#8367,#8021,#2256,.T.);
#10559=EDGE_CURVE('',#8025,#8021,#2260,.T.);
#10561=EDGE_CURVE('',#8369,#8025,#2264,.T.);
#10566=EDGE_CURVE('',#6531,#6533,#2277,.T.);
#10573=EDGE_CURVE('',#6424,#6425,#2426,.T.);
#10582=EDGE_CURVE('',#6716,#6723,#2316,.T.);
#10584=EDGE_CURVE('',#6725,#6723,#2320,.T.);
#10586=EDGE_CURVE('',#6720,#6725,#2324,.T.);
#10589=EDGE_CURVE('',#8295,#7237,#2328,.T.);
#10591=EDGE_CURVE('',#7241,#7237,#2332,.T.);
#10593=EDGE_CURVE('',#8297,#7241,#2336,.T.);
#10596=EDGE_CURVE('',#8331,#7629,#2340,.T.);
#10598=EDGE_CURVE('',#7633,#7629,#2344,.T.);
#10600=EDGE_CURVE('',#8333,#7633,#2348,.T.);
#10605=ADVANCED_FACE('',(#10604),#10556,.T.);
#10612=EDGE_CURVE('',#8012,#8013,#2357,.T.);
#10614=EDGE_CURVE('',#8013,#8021,#2361,.T.);
#10620=ADVANCED_FACE('',(#10619),#10610,.F.);
#10628=EDGE_CURVE('',#8016,#8017,#2378,.T.);
#10630=EDGE_CURVE('',#8013,#8017,#2382,.T.);
#10634=ADVANCED_FACE('',(#10633),#10625,.F.);
#10643=EDGE_CURVE('',#8017,#8025,#2373,.T.);
#10648=ADVANCED_FACE('',(#10647),#10639,.T.);
#10660=ADVANCED_FACE('',(#10659),#10653,.F.);
#10672=ADVANCED_FACE('',(#10671),#10665,.F.);
#10684=ADVANCED_FACE('',(#10683),#10677,.F.);
#10700=ADVANCED_FACE('',(#10699),#10689,.T.);
#10708=EDGE_CURVE('',#6708,#6709,#2435,.T.);
#10710=EDGE_CURVE('',#6709,#6723,#2439,.T.);
#10715=ADVANCED_FACE('',(#10714),#10705,.F.);
#10723=EDGE_CURVE('',#6712,#6713,#2452,.T.);
#10725=EDGE_CURVE('',#6709,#6713,#2460,.T.);
#10729=ADVANCED_FACE('',(#10728),#10720,.F.);
#10737=EDGE_CURVE('',#6713,#6725,#2447,.T.);
#10743=ADVANCED_FACE('',(#10742),#10734,.T.);
#10755=ADVANCED_FACE('',(#10754),#10748,.F.);
#10762=EDGE_CURVE('',#7228,#7229,#2469,.T.);
#10764=EDGE_CURVE('',#7229,#7237,#2473,.T.);
#10770=ADVANCED_FACE('',(#10769),#10760,.F.);
#10778=EDGE_CURVE('',#7232,#7233,#2490,.T.);
#10780=EDGE_CURVE('',#7229,#7233,#2494,.T.);
#10784=ADVANCED_FACE('',(#10783),#10775,.F.);
#10793=EDGE_CURVE('',#7233,#7241,#2485,.T.);
#10798=ADVANCED_FACE('',(#10797),#10789,.T.);
#10810=ADVANCED_FACE('',(#10809),#10803,.F.);
#10817=EDGE_CURVE('',#7620,#7621,#2503,.T.);
#10819=EDGE_CURVE('',#7621,#7629,#2507,.T.);
#10825=ADVANCED_FACE('',(#10824),#10815,.F.);
#10833=EDGE_CURVE('',#7624,#7625,#2524,.T.);
#10835=EDGE_CURVE('',#7621,#7625,#2528,.T.);
#10839=ADVANCED_FACE('',(#10838),#10830,.F.);
#10848=EDGE_CURVE('',#7625,#7633,#2519,.T.);
#10853=ADVANCED_FACE('',(#10852),#10844,.T.);
#10865=ADVANCED_FACE('',(#10864),#10858,.F.);
#10872=EDGE_CURVE('',#6393,#6477,#2732,.T.);
#10878=ADVANCED_FACE('',(#10877),#10870,.T.);
#10885=EDGE_CURVE('',#8275,#8283,#2544,.T.);
#10887=EDGE_CURVE('',#8391,#8283,#2548,.T.);
#10890=EDGE_CURVE('',#8371,#8127,#2556,.T.);
#10892=EDGE_CURVE('',#8127,#8135,#2560,.T.);
#10894=EDGE_CURVE('',#8375,#8135,#2564,.T.);
#10897=EDGE_CURVE('',#8351,#7883,#2572,.T.);
#10899=EDGE_CURVE('',#7883,#7891,#2576,.T.);
#10901=EDGE_CURVE('',#8355,#7891,#2580,.T.);
#10904=EDGE_CURVE('',#8335,#7735,#2588,.T.);
#10906=EDGE_CURVE('',#7735,#7743,#2592,.T.);
#10908=EDGE_CURVE('',#8339,#7743,#2596,.T.);
#10911=EDGE_CURVE('',#8315,#7491,#2604,.T.);
#10913=EDGE_CURVE('',#7491,#7499,#2608,.T.);
#10915=EDGE_CURVE('',#8319,#7499,#2612,.T.);
#10918=EDGE_CURVE('',#8299,#7343,#2620,.T.);
#10920=EDGE_CURVE('',#7343,#7351,#2624,.T.);
#10922=EDGE_CURVE('',#8303,#7351,#2628,.T.);
#10925=EDGE_CURVE('',#7029,#7079,#2636,.T.);
#10927=EDGE_CURVE('',#7079,#7081,#2640,.T.);
#10929=EDGE_CURVE('',#7033,#7081,#2644,.T.);
#10932=EDGE_CURVE('',#6917,#7043,#2652,.T.);
#10934=EDGE_CURVE('',#7043,#7049,#2656,.T.);
#10936=EDGE_CURVE('',#6921,#7049,#2660,.T.);
#10940=EDGE_CURVE('',#7053,#6469,#2740,.T.);
#10942=EDGE_CURVE('',#7052,#7053,#2672,.T.);
#10944=EDGE_CURVE('',#7046,#7052,#2676,.T.);
#10946=EDGE_CURVE('',#7046,#7047,#2680,.T.);
#10948=EDGE_CURVE('',#8309,#7047,#2752,.T.);
#10950=EDGE_CURVE('',#7357,#8309,#2684,.T.);
#10952=EDGE_CURVE('',#7349,#7357,#2688,.T.);
#10954=EDGE_CURVE('',#7349,#8307,#2692,.T.);
#10956=EDGE_CURVE('',#8345,#8307,#2764,.T.);
#10958=EDGE_CURVE('',#7749,#8345,#2696,.T.);
#10960=EDGE_CURVE('',#7741,#7749,#2700,.T.);
#10962=EDGE_CURVE('',#7741,#8343,#2704,.T.);
#10964=EDGE_CURVE('',#8381,#8343,#2788,.T.);
#10966=EDGE_CURVE('',#8141,#8381,#2708,.T.);
#10968=EDGE_CURVE('',#8133,#8141,#2712,.T.);
#10970=EDGE_CURVE('',#8133,#8379,#2716,.T.);
#10972=EDGE_CURVE('',#6473,#8379,#2780,.T.);
#10978=ADVANCED_FACE('',(#10977),#10883,.T.);
#10985=EDGE_CURVE('',#6395,#6483,#2800,.T.);
#10991=ADVANCED_FACE('',(#10990),#10983,.T.);
#10997=EDGE_CURVE('',#7053,#7060,#2736,.T.);
#11001=EDGE_CURVE('',#7060,#6479,#2912,.T.);
#11005=ADVANCED_FACE('',(#11004),#10996,.T.);
#11011=EDGE_CURVE('',#8309,#8313,#2748,.T.);
#11014=EDGE_CURVE('',#7047,#7056,#2756,.T.);
#11016=EDGE_CURVE('',#8313,#7056,#2896,.T.);
#11020=ADVANCED_FACE('',(#11019),#11010,.T.);
#11026=EDGE_CURVE('',#8345,#8349,#2760,.T.);
#11029=EDGE_CURVE('',#8307,#8311,#2768,.T.);
#11031=EDGE_CURVE('',#8349,#8311,#2880,.T.);
#11035=ADVANCED_FACE('',(#11034),#11025,.T.);
#11041=EDGE_CURVE('',#8379,#8383,#2772,.T.);
#11043=EDGE_CURVE('',#6481,#8383,#2924,.T.);
#11049=ADVANCED_FACE('',(#11048),#11040,.T.);
#11055=EDGE_CURVE('',#8381,#8385,#2784,.T.);
#11058=EDGE_CURVE('',#8343,#8347,#2792,.T.);
#11060=EDGE_CURVE('',#8385,#8347,#2864,.T.);
#11064=ADVANCED_FACE('',(#11063),#11054,.T.);
#11071=EDGE_CURVE('',#6397,#6489,#2960,.T.);
#11077=ADVANCED_FACE('',(#11076),#11069,.T.);
#11083=EDGE_CURVE('',#8383,#8131,#2852,.T.);
#11085=EDGE_CURVE('',#8131,#8139,#2856,.T.);
#11087=EDGE_CURVE('',#8385,#8139,#2860,.T.);
#11090=EDGE_CURVE('',#8347,#7739,#2868,.T.);
#11092=EDGE_CURVE('',#7739,#7747,#2872,.T.);
#11094=EDGE_CURVE('',#8349,#7747,#2876,.T.);
#11097=EDGE_CURVE('',#8311,#7347,#2884,.T.);
#11099=EDGE_CURVE('',#7347,#7355,#2888,.T.);
#11101=EDGE_CURVE('',#8313,#7355,#2892,.T.);
#11104=EDGE_CURVE('',#7056,#7057,#2900,.T.);
#11106=EDGE_CURVE('',#7057,#7061,#2904,.T.);
#11108=EDGE_CURVE('',#7060,#7061,#2908,.T.);
#11112=EDGE_CURVE('',#6487,#6485,#2952,.T.);
#11118=EDGE_CURVE('',#7084,#7085,#2804,.T.);
#11120=EDGE_CURVE('',#7085,#7089,#2808,.T.);
#11122=EDGE_CURVE('',#7088,#7089,#2812,.T.);
#11124=EDGE_CURVE('',#7084,#7088,#2816,.T.);
#11128=EDGE_CURVE('',#7493,#7479,#2820,.T.);
#11130=EDGE_CURVE('',#7479,#7487,#2824,.T.);
#11132=EDGE_CURVE('',#7501,#7487,#2828,.T.);
#11134=EDGE_CURVE('',#7493,#7501,#2832,.T.);
#11138=EDGE_CURVE('',#7885,#7871,#2836,.T.);
#11140=EDGE_CURVE('',#7871,#7879,#2840,.T.);
#11142=EDGE_CURVE('',#7893,#7879,#2844,.T.);
#11144=EDGE_CURVE('',#7885,#7893,#2848,.T.);
#11149=EDGE_CURVE('',#8263,#8271,#2932,.T.);
#11151=EDGE_CURVE('',#8285,#8271,#2936,.T.);
#11153=EDGE_CURVE('',#8277,#8285,#2940,.T.);
#11157=ADVANCED_FACE('',(#11117,#11127,#11137,#11147,#11156),#11082,.T.);
#11169=ADVANCED_FACE('',(#11168),#11162,.T.);
#11181=ADVANCED_FACE('',(#11180),#11174,.T.);
#11188=EDGE_CURVE('',#7028,#6928,#2965,.T.);
#11190=EDGE_CURVE('',#6928,#6929,#2969,.T.);
#11192=EDGE_CURVE('',#6929,#6931,#2973,.T.);
#11194=EDGE_CURVE('',#6931,#6933,#2977,.T.);
#11196=EDGE_CURVE('',#6933,#6936,#2981,.T.);
#11198=EDGE_CURVE('',#6936,#6937,#2986,.T.);
#11200=EDGE_CURVE('',#6937,#6939,#2990,.T.);
#11202=EDGE_CURVE('',#6939,#6941,#2995,.T.);
#11204=EDGE_CURVE('',#6941,#7079,#2999,.T.);
#11209=ADVANCED_FACE('',(#11208),#11186,.F.);
#11215=EDGE_CURVE('',#6973,#7036,#3003,.T.);
#11219=EDGE_CURVE('',#7103,#6970,#3007,.T.);
#11221=EDGE_CURVE('',#6970,#6971,#3012,.T.);
#11223=EDGE_CURVE('',#6971,#6973,#3016,.T.);
#11227=ADVANCED_FACE('',(#11226),#11214,.F.);
#11234=EDGE_CURVE('',#7084,#6944,#3021,.T.);
#11236=EDGE_CURVE('',#6944,#6945,#3025,.T.);
#11238=EDGE_CURVE('',#6945,#6947,#3030,.T.);
#11240=EDGE_CURVE('',#6947,#6949,#3034,.T.);
#11242=EDGE_CURVE('',#6949,#6951,#3039,.T.);
#11244=EDGE_CURVE('',#6951,#6953,#3043,.T.);
#11246=EDGE_CURVE('',#6953,#7093,#3047,.T.);
#11249=EDGE_CURVE('',#7092,#7024,#3051,.T.);
#11251=EDGE_CURVE('',#7024,#7085,#3056,.T.);
#11255=ADVANCED_FACE('',(#11254),#11232,.F.);
#11263=EDGE_CURVE('',#7111,#6956,#3060,.T.);
#11265=EDGE_CURVE('',#6956,#6957,#3064,.T.);
#11267=EDGE_CURVE('',#6957,#6959,#3069,.T.);
#11269=EDGE_CURVE('',#6959,#6961,#3073,.T.);
#11271=EDGE_CURVE('',#6961,#6963,#3078,.T.);
#11273=EDGE_CURVE('',#6963,#6965,#3082,.T.);
#11275=EDGE_CURVE('',#6965,#6967,#3087,.T.);
#11277=EDGE_CURVE('',#6967,#7101,#3091,.T.);
#11281=ADVANCED_FACE('',(#11280),#11260,.F.);
#11289=EDGE_CURVE('',#7032,#6976,#3130,.T.);
#11291=EDGE_CURVE('',#6928,#6976,#3254,.T.);
#11295=ADVANCED_FACE('',(#11294),#11286,.F.);
#11303=EDGE_CURVE('',#6989,#7081,#3095,.T.);
#11305=EDGE_CURVE('',#6987,#6989,#3100,.T.);
#11307=EDGE_CURVE('',#6985,#6987,#3104,.T.);
#11309=EDGE_CURVE('',#6984,#6985,#3109,.T.);
#11311=EDGE_CURVE('',#6981,#6984,#3113,.T.);
#11313=EDGE_CURVE('',#6979,#6981,#3117,.T.);
#11315=EDGE_CURVE('',#6977,#6979,#3121,.T.);
#11317=EDGE_CURVE('',#6976,#6977,#3125,.T.);
#11322=ADVANCED_FACE('',(#11321),#11300,.T.);
#11328=EDGE_CURVE('',#7021,#7037,#3134,.T.);
#11330=EDGE_CURVE('',#7019,#7021,#3138,.T.);
#11332=EDGE_CURVE('',#7018,#7019,#3143,.T.);
#11334=EDGE_CURVE('',#7109,#7018,#3147,.T.);
#11340=ADVANCED_FACE('',(#11339),#11327,.T.);
#11347=EDGE_CURVE('',#7025,#7089,#3152,.T.);
#11349=EDGE_CURVE('',#7096,#7025,#3156,.T.);
#11352=EDGE_CURVE('',#7001,#7097,#3160,.T.);
#11354=EDGE_CURVE('',#6999,#7001,#3164,.T.);
#11356=EDGE_CURVE('',#6997,#6999,#3169,.T.);
#11358=EDGE_CURVE('',#6995,#6997,#3173,.T.);
#11360=EDGE_CURVE('',#6993,#6995,#3178,.T.);
#11362=EDGE_CURVE('',#6992,#6993,#3182,.T.);
#11364=EDGE_CURVE('',#7088,#6992,#3187,.T.);
#11368=ADVANCED_FACE('',(#11367),#11345,.T.);
#11375=EDGE_CURVE('',#7015,#7107,#3191,.T.);
#11377=EDGE_CURVE('',#7013,#7015,#3196,.T.);
#11379=EDGE_CURVE('',#7011,#7013,#3200,.T.);
#11381=EDGE_CURVE('',#7009,#7011,#3205,.T.);
#11383=EDGE_CURVE('',#7007,#7009,#3209,.T.);
#11385=EDGE_CURVE('',#7005,#7007,#3214,.T.);
#11387=EDGE_CURVE('',#7004,#7005,#3218,.T.);
#11389=EDGE_CURVE('',#7113,#7004,#3222,.T.);
#11394=ADVANCED_FACE('',(#11393),#11373,.T.);
#11402=EDGE_CURVE('',#6941,#6989,#3226,.T.);
#11407=ADVANCED_FACE('',(#11406),#11399,.T.);
#11414=EDGE_CURVE('',#6939,#6987,#3230,.T.);
#11420=ADVANCED_FACE('',(#11419),#11412,.T.);
#11427=EDGE_CURVE('',#6937,#6985,#3234,.T.);
#11433=ADVANCED_FACE('',(#11432),#11425,.T.);
#11440=EDGE_CURVE('',#6936,#6984,#3238,.T.);
#11446=ADVANCED_FACE('',(#11445),#11438,.F.);
#11453=EDGE_CURVE('',#6933,#6981,#3242,.T.);
#11459=ADVANCED_FACE('',(#11458),#11451,.T.);
#11466=EDGE_CURVE('',#6931,#6979,#3246,.T.);
#11472=ADVANCED_FACE('',(#11471),#11464,.T.);
#11479=EDGE_CURVE('',#6929,#6977,#3250,.T.);
#11485=ADVANCED_FACE('',(#11484),#11477,.T.);
#11497=ADVANCED_FACE('',(#11496),#11490,.T.);
#11505=EDGE_CURVE('',#6973,#7021,#3258,.T.);
#11510=ADVANCED_FACE('',(#11509),#11502,.T.);
#11517=EDGE_CURVE('',#6971,#7019,#3262,.T.);
#11523=ADVANCED_FACE('',(#11522),#11515,.T.);
#11530=EDGE_CURVE('',#6970,#7018,#3266,.T.);
#11536=ADVANCED_FACE('',(#11535),#11528,.T.);
#11548=ADVANCED_FACE('',(#11547),#11541,.T.);
#11556=EDGE_CURVE('',#7024,#7025,#3270,.T.);
#11561=ADVANCED_FACE('',(#11560),#11553,.F.);
#11573=ADVANCED_FACE('',(#11572),#11566,.T.);
#11581=EDGE_CURVE('',#6967,#7015,#3274,.T.);
#11586=ADVANCED_FACE('',(#11585),#11578,.T.);
#11593=EDGE_CURVE('',#6965,#7013,#3278,.T.);
#11599=ADVANCED_FACE('',(#11598),#11591,.F.);
#11606=EDGE_CURVE('',#6963,#7011,#3282,.T.);
#11612=ADVANCED_FACE('',(#11611),#11604,.T.);
#11619=EDGE_CURVE('',#6961,#7009,#3286,.T.);
#11625=ADVANCED_FACE('',(#11624),#11617,.T.);
#11632=EDGE_CURVE('',#6959,#7007,#3290,.T.);
#11638=ADVANCED_FACE('',(#11637),#11630,.T.);
#11645=EDGE_CURVE('',#6957,#7005,#3294,.T.);
#11651=ADVANCED_FACE('',(#11650),#11643,.T.);
#11658=EDGE_CURVE('',#6956,#7004,#3298,.T.);
#11664=ADVANCED_FACE('',(#11663),#11656,.T.);
#11671=EDGE_CURVE('',#6953,#7001,#3302,.T.);
#11677=ADVANCED_FACE('',(#11676),#11669,.T.);
#11689=ADVANCED_FACE('',(#11688),#11682,.T.);
#11696=EDGE_CURVE('',#6951,#6999,#3306,.T.);
#11702=ADVANCED_FACE('',(#11701),#11694,.T.);
#11709=EDGE_CURVE('',#6949,#6997,#3310,.T.);
#11715=ADVANCED_FACE('',(#11714),#11707,.T.);
#11722=EDGE_CURVE('',#6947,#6995,#3314,.T.);
#11728=ADVANCED_FACE('',(#11727),#11720,.T.);
#11735=EDGE_CURVE('',#6945,#6993,#3318,.T.);
#11741=ADVANCED_FACE('',(#11740),#11733,.F.);
#11748=EDGE_CURVE('',#6944,#6992,#3322,.T.);
#11754=ADVANCED_FACE('',(#11753),#11746,.T.);
#11766=ADVANCED_FACE('',(#11765),#11759,.T.);
#11772=EDGE_CURVE('',#7413,#7467,#3326,.T.);
#11776=EDGE_CURVE('',#7481,#7410,#3330,.T.);
#11778=EDGE_CURVE('',#7410,#7411,#3335,.T.);
#11780=EDGE_CURVE('',#7411,#7413,#3339,.T.);
#11784=ADVANCED_FACE('',(#11783),#11771,.F.);
#11790=EDGE_CURVE('',#7469,#7368,#3344,.T.);
#11792=EDGE_CURVE('',#7368,#7369,#3348,.T.);
#11794=EDGE_CURVE('',#7369,#7371,#3352,.T.);
#11796=EDGE_CURVE('',#7371,#7373,#3356,.T.);
#11798=EDGE_CURVE('',#7373,#7376,#3360,.T.);
#11800=EDGE_CURVE('',#7376,#7377,#3365,.T.);
#11802=EDGE_CURVE('',#7377,#7379,#3369,.T.);
#11804=EDGE_CURVE('',#7379,#7381,#3374,.T.);
#11806=EDGE_CURVE('',#7381,#7491,#3378,.T.);
#11812=ADVANCED_FACE('',(#11811),#11789,.F.);
#11818=EDGE_CURVE('',#7407,#7475,#3382,.T.);
#11822=EDGE_CURVE('',#7497,#7396,#3386,.T.);
#11824=EDGE_CURVE('',#7396,#7397,#3390,.T.);
#11826=EDGE_CURVE('',#7397,#7399,#3395,.T.);
#11828=EDGE_CURVE('',#7399,#7401,#3399,.T.);
#11830=EDGE_CURVE('',#7401,#7403,#3404,.T.);
#11832=EDGE_CURVE('',#7403,#7405,#3408,.T.);
#11834=EDGE_CURVE('',#7405,#7407,#3413,.T.);
#11838=ADVANCED_FACE('',(#11837),#11817,.F.);
#11844=EDGE_CURVE('',#7477,#7464,#3417,.T.);
#11846=EDGE_CURVE('',#7464,#7479,#3422,.T.);
#11849=EDGE_CURVE('',#7493,#7384,#3427,.T.);
#11851=EDGE_CURVE('',#7384,#7385,#3431,.T.);
#11853=EDGE_CURVE('',#7385,#7387,#3436,.T.);
#11855=EDGE_CURVE('',#7387,#7389,#3440,.T.);
#11857=EDGE_CURVE('',#7389,#7391,#3445,.T.);
#11859=EDGE_CURVE('',#7391,#7393,#3449,.T.);
#11861=EDGE_CURVE('',#7393,#7495,#3453,.T.);
#11866=ADVANCED_FACE('',(#11865),#11843,.F.);
#11873=EDGE_CURVE('',#7413,#7461,#3457,.T.);
#11875=EDGE_CURVE('',#7461,#7471,#3469,.T.);
#11880=ADVANCED_FACE('',(#11879),#11871,.T.);
#11887=EDGE_CURVE('',#7411,#7459,#3461,.T.);
#11889=EDGE_CURVE('',#7459,#7461,#3473,.T.);
#11894=ADVANCED_FACE('',(#11893),#11885,.T.);
#11901=EDGE_CURVE('',#7410,#7458,#3465,.T.);
#11903=EDGE_CURVE('',#7458,#7459,#3478,.T.);
#11908=ADVANCED_FACE('',(#11907),#11899,.T.);
#11916=EDGE_CURVE('',#7489,#7458,#3482,.T.);
#11921=ADVANCED_FACE('',(#11920),#11913,.T.);
#11935=ADVANCED_FACE('',(#11934),#11926,.T.);
#11941=EDGE_CURVE('',#7473,#7416,#3487,.T.);
#11945=EDGE_CURVE('',#7429,#7499,#3491,.T.);
#11947=EDGE_CURVE('',#7427,#7429,#3496,.T.);
#11949=EDGE_CURVE('',#7425,#7427,#3500,.T.);
#11951=EDGE_CURVE('',#7424,#7425,#3505,.T.);
#11953=EDGE_CURVE('',#7421,#7424,#3509,.T.);
#11955=EDGE_CURVE('',#7419,#7421,#3513,.T.);
#11957=EDGE_CURVE('',#7417,#7419,#3517,.T.);
#11959=EDGE_CURVE('',#7416,#7417,#3521,.T.);
#11963=ADVANCED_FACE('',(#11962),#11940,.T.);
#11969=EDGE_CURVE('',#7455,#7483,#3525,.T.);
#11971=EDGE_CURVE('',#7453,#7455,#3530,.T.);
#11973=EDGE_CURVE('',#7451,#7453,#3534,.T.);
#11975=EDGE_CURVE('',#7449,#7451,#3539,.T.);
#11977=EDGE_CURVE('',#7447,#7449,#3543,.T.);
#11979=EDGE_CURVE('',#7445,#7447,#3548,.T.);
#11981=EDGE_CURVE('',#7444,#7445,#3552,.T.);
#11983=EDGE_CURVE('',#7505,#7444,#3556,.T.);
#11989=ADVANCED_FACE('',(#11988),#11968,.T.);
#11995=EDGE_CURVE('',#7485,#7465,#3560,.T.);
#11998=EDGE_CURVE('',#7441,#7503,#3564,.T.);
#12000=EDGE_CURVE('',#7439,#7441,#3568,.T.);
#12002=EDGE_CURVE('',#7437,#7439,#3573,.T.);
#12004=EDGE_CURVE('',#7435,#7437,#3577,.T.);
#12006=EDGE_CURVE('',#7433,#7435,#3582,.T.);
#12008=EDGE_CURVE('',#7432,#7433,#3586,.T.);
#12010=EDGE_CURVE('',#7501,#7432,#3591,.T.);
#12013=EDGE_CURVE('',#7465,#7487,#3596,.T.);
#12017=ADVANCED_FACE('',(#12016),#11994,.T.);
#12026=EDGE_CURVE('',#7368,#7416,#3600,.T.);
#12030=ADVANCED_FACE('',(#12029),#12022,.F.);
#12039=EDGE_CURVE('',#7369,#7417,#3604,.T.);
#12043=ADVANCED_FACE('',(#12042),#12035,.T.);
#12052=EDGE_CURVE('',#7371,#7419,#3608,.T.);
#12056=ADVANCED_FACE('',(#12055),#12048,.T.);
#12065=EDGE_CURVE('',#7373,#7421,#3612,.T.);
#12069=ADVANCED_FACE('',(#12068),#12061,.T.);
#12078=EDGE_CURVE('',#7376,#7424,#3616,.T.);
#12082=ADVANCED_FACE('',(#12081),#12074,.T.);
#12091=EDGE_CURVE('',#7377,#7425,#3620,.T.);
#12095=ADVANCED_FACE('',(#12094),#12087,.F.);
#12104=EDGE_CURVE('',#7379,#7427,#3624,.T.);
#12108=ADVANCED_FACE('',(#12107),#12100,.T.);
#12117=EDGE_CURVE('',#7381,#7429,#3628,.T.);
#12121=ADVANCED_FACE('',(#12120),#12113,.T.);
#12133=ADVANCED_FACE('',(#12132),#12126,.T.);
#12140=EDGE_CURVE('',#7407,#7455,#3632,.T.);
#12146=ADVANCED_FACE('',(#12145),#12138,.T.);
#12155=EDGE_CURVE('',#7464,#7465,#3684,.T.);
#12159=ADVANCED_FACE('',(#12158),#12151,.T.);
#12166=EDGE_CURVE('',#7405,#7453,#3636,.T.);
#12172=ADVANCED_FACE('',(#12171),#12164,.F.);
#12179=EDGE_CURVE('',#7403,#7451,#3640,.T.);
#12185=ADVANCED_FACE('',(#12184),#12177,.T.);
#12192=EDGE_CURVE('',#7401,#7449,#3644,.T.);
#12198=ADVANCED_FACE('',(#12197),#12190,.T.);
#12205=EDGE_CURVE('',#7399,#7447,#3648,.T.);
#12211=ADVANCED_FACE('',(#12210),#12203,.T.);
#12218=EDGE_CURVE('',#7397,#7445,#3652,.T.);
#12224=ADVANCED_FACE('',(#12223),#12216,.T.);
#12231=EDGE_CURVE('',#7396,#7444,#3656,.T.);
#12237=ADVANCED_FACE('',(#12236),#12229,.T.);
#12244=EDGE_CURVE('',#7393,#7441,#3660,.T.);
#12250=ADVANCED_FACE('',(#12249),#12242,.T.);
#12262=ADVANCED_FACE('',(#12261),#12255,.T.);
#12269=EDGE_CURVE('',#7391,#7439,#3664,.T.);
#12275=ADVANCED_FACE('',(#12274),#12267,.T.);
#12282=EDGE_CURVE('',#7389,#7437,#3668,.T.);
#12288=ADVANCED_FACE('',(#12287),#12280,.T.);
#12295=EDGE_CURVE('',#7387,#7435,#3672,.T.);
#12301=ADVANCED_FACE('',(#12300),#12293,.T.);
#12308=EDGE_CURVE('',#7385,#7433,#3676,.T.);
#12314=ADVANCED_FACE('',(#12313),#12306,.F.);
#12321=EDGE_CURVE('',#7384,#7432,#3680,.T.);
#12327=ADVANCED_FACE('',(#12326),#12319,.T.);
#12339=ADVANCED_FACE('',(#12338),#12332,.T.);
#12351=ADVANCED_FACE('',(#12350),#12344,.F.);
#12357=EDGE_CURVE('',#7805,#7859,#3688,.T.);
#12361=EDGE_CURVE('',#7873,#7802,#3692,.T.);
#12363=EDGE_CURVE('',#7802,#7803,#3697,.T.);
#12365=EDGE_CURVE('',#7803,#7805,#3701,.T.);
#12369=ADVANCED_FACE('',(#12368),#12356,.F.);
#12375=EDGE_CURVE('',#7861,#7760,#3706,.T.);
#12377=EDGE_CURVE('',#7760,#7761,#3710,.T.);
#12379=EDGE_CURVE('',#7761,#7763,#3714,.T.);
#12381=EDGE_CURVE('',#7763,#7765,#3718,.T.);
#12383=EDGE_CURVE('',#7765,#7768,#3722,.T.);
#12385=EDGE_CURVE('',#7768,#7769,#3727,.T.);
#12387=EDGE_CURVE('',#7769,#7771,#3731,.T.);
#12389=EDGE_CURVE('',#7771,#7773,#3736,.T.);
#12391=EDGE_CURVE('',#7773,#7883,#3740,.T.);
#12397=ADVANCED_FACE('',(#12396),#12374,.F.);
#12403=EDGE_CURVE('',#7799,#7867,#3744,.T.);
#12407=EDGE_CURVE('',#7889,#7788,#3748,.T.);
#12409=EDGE_CURVE('',#7788,#7789,#3752,.T.);
#12411=EDGE_CURVE('',#7789,#7791,#3757,.T.);
#12413=EDGE_CURVE('',#7791,#7793,#3761,.T.);
#12415=EDGE_CURVE('',#7793,#7795,#3766,.T.);
#12417=EDGE_CURVE('',#7795,#7797,#3770,.T.);
#12419=EDGE_CURVE('',#7797,#7799,#3775,.T.);
#12423=ADVANCED_FACE('',(#12422),#12402,.F.);
#12429=EDGE_CURVE('',#7869,#7856,#3779,.T.);
#12431=EDGE_CURVE('',#7856,#7871,#3784,.T.);
#12434=EDGE_CURVE('',#7885,#7776,#3789,.T.);
#12436=EDGE_CURVE('',#7776,#7777,#3793,.T.);
#12438=EDGE_CURVE('',#7777,#7779,#3798,.T.);
#12440=EDGE_CURVE('',#7779,#7781,#3802,.T.);
#12442=EDGE_CURVE('',#7781,#7783,#3807,.T.);
#12444=EDGE_CURVE('',#7783,#7785,#3811,.T.);
#12446=EDGE_CURVE('',#7785,#7887,#3815,.T.);
#12451=ADVANCED_FACE('',(#12450),#12428,.F.);
#12458=EDGE_CURVE('',#7805,#7853,#3819,.T.);
#12460=EDGE_CURVE('',#7853,#7863,#3831,.T.);
#12465=ADVANCED_FACE('',(#12464),#12456,.T.);
#12472=EDGE_CURVE('',#7803,#7851,#3823,.T.);
#12474=EDGE_CURVE('',#7851,#7853,#3835,.T.);
#12479=ADVANCED_FACE('',(#12478),#12470,.T.);
#12486=EDGE_CURVE('',#7802,#7850,#3827,.T.);
#12488=EDGE_CURVE('',#7850,#7851,#3840,.T.);
#12493=ADVANCED_FACE('',(#12492),#12484,.T.);
#12501=EDGE_CURVE('',#7881,#7850,#3844,.T.);
#12506=ADVANCED_FACE('',(#12505),#12498,.T.);
#12520=ADVANCED_FACE('',(#12519),#12511,.T.);
#12526=EDGE_CURVE('',#7865,#7808,#3849,.T.);
#12530=EDGE_CURVE('',#7821,#7891,#3853,.T.);
#12532=EDGE_CURVE('',#7819,#7821,#3858,.T.);
#12534=EDGE_CURVE('',#7817,#7819,#3862,.T.);
#12536=EDGE_CURVE('',#7816,#7817,#3867,.T.);
#12538=EDGE_CURVE('',#7813,#7816,#3871,.T.);
#12540=EDGE_CURVE('',#7811,#7813,#3875,.T.);
#12542=EDGE_CURVE('',#7809,#7811,#3879,.T.);
#12544=EDGE_CURVE('',#7808,#7809,#3883,.T.);
#12548=ADVANCED_FACE('',(#12547),#12525,.T.);
#12554=EDGE_CURVE('',#7847,#7875,#3887,.T.);
#12556=EDGE_CURVE('',#7845,#7847,#3892,.T.);
#12558=EDGE_CURVE('',#7843,#7845,#3896,.T.);
#12560=EDGE_CURVE('',#7841,#7843,#3901,.T.);
#12562=EDGE_CURVE('',#7839,#7841,#3905,.T.);
#12564=EDGE_CURVE('',#7837,#7839,#3910,.T.);
#12566=EDGE_CURVE('',#7836,#7837,#3914,.T.);
#12568=EDGE_CURVE('',#7897,#7836,#3918,.T.);
#12574=ADVANCED_FACE('',(#12573),#12553,.T.);
#12580=EDGE_CURVE('',#7877,#7857,#3922,.T.);
#12583=EDGE_CURVE('',#7833,#7895,#3926,.T.);
#12585=EDGE_CURVE('',#7831,#7833,#3930,.T.);
#12587=EDGE_CURVE('',#7829,#7831,#3935,.T.);
#12589=EDGE_CURVE('',#7827,#7829,#3939,.T.);
#12591=EDGE_CURVE('',#7825,#7827,#3944,.T.);
#12593=EDGE_CURVE('',#7824,#7825,#3948,.T.);
#12595=EDGE_CURVE('',#7893,#7824,#3953,.T.);
#12598=EDGE_CURVE('',#7857,#7879,#3958,.T.);
#12602=ADVANCED_FACE('',(#12601),#12579,.T.);
#12611=EDGE_CURVE('',#7760,#7808,#3962,.T.);
#12615=ADVANCED_FACE('',(#12614),#12607,.F.);
#12624=EDGE_CURVE('',#7761,#7809,#3966,.T.);
#12628=ADVANCED_FACE('',(#12627),#12620,.T.);
#12637=EDGE_CURVE('',#7763,#7811,#3970,.T.);
#12641=ADVANCED_FACE('',(#12640),#12633,.T.);
#12650=EDGE_CURVE('',#7765,#7813,#3974,.T.);
#12654=ADVANCED_FACE('',(#12653),#12646,.T.);
#12663=EDGE_CURVE('',#7768,#7816,#3978,.T.);
#12667=ADVANCED_FACE('',(#12666),#12659,.T.);
#12676=EDGE_CURVE('',#7769,#7817,#3982,.T.);
#12680=ADVANCED_FACE('',(#12679),#12672,.F.);
#12689=EDGE_CURVE('',#7771,#7819,#3986,.T.);
#12693=ADVANCED_FACE('',(#12692),#12685,.T.);
#12702=EDGE_CURVE('',#7773,#7821,#3990,.T.);
#12706=ADVANCED_FACE('',(#12705),#12698,.T.);
#12718=ADVANCED_FACE('',(#12717),#12711,.T.);
#12725=EDGE_CURVE('',#7799,#7847,#3994,.T.);
#12731=ADVANCED_FACE('',(#12730),#12723,.T.);
#12740=EDGE_CURVE('',#7856,#7857,#4046,.T.);
#12744=ADVANCED_FACE('',(#12743),#12736,.T.);
#12751=EDGE_CURVE('',#7797,#7845,#3998,.T.);
#12757=ADVANCED_FACE('',(#12756),#12749,.F.);
#12764=EDGE_CURVE('',#7795,#7843,#4002,.T.);
#12770=ADVANCED_FACE('',(#12769),#12762,.T.);
#12777=EDGE_CURVE('',#7793,#7841,#4006,.T.);
#12783=ADVANCED_FACE('',(#12782),#12775,.T.);
#12790=EDGE_CURVE('',#7791,#7839,#4010,.T.);
#12796=ADVANCED_FACE('',(#12795),#12788,.T.);
#12803=EDGE_CURVE('',#7789,#7837,#4014,.T.);
#12809=ADVANCED_FACE('',(#12808),#12801,.T.);
#12816=EDGE_CURVE('',#7788,#7836,#4018,.T.);
#12822=ADVANCED_FACE('',(#12821),#12814,.T.);
#12829=EDGE_CURVE('',#7785,#7833,#4022,.T.);
#12835=ADVANCED_FACE('',(#12834),#12827,.T.);
#12847=ADVANCED_FACE('',(#12846),#12840,.T.);
#12854=EDGE_CURVE('',#7783,#7831,#4026,.T.);
#12860=ADVANCED_FACE('',(#12859),#12852,.T.);
#12867=EDGE_CURVE('',#7781,#7829,#4030,.T.);
#12873=ADVANCED_FACE('',(#12872),#12865,.T.);
#12880=EDGE_CURVE('',#7779,#7827,#4034,.T.);
#12886=ADVANCED_FACE('',(#12885),#12878,.T.);
#12893=EDGE_CURVE('',#7777,#7825,#4038,.T.);
#12899=ADVANCED_FACE('',(#12898),#12891,.F.);
#12906=EDGE_CURVE('',#7776,#7824,#4042,.T.);
#12912=ADVANCED_FACE('',(#12911),#12904,.T.);
#12924=ADVANCED_FACE('',(#12923),#12917,.T.);
#12936=ADVANCED_FACE('',(#12935),#12929,.F.);
#12942=EDGE_CURVE('',#8067,#8119,#4051,.T.);
#12946=EDGE_CURVE('',#8145,#8054,#4055,.T.);
#12948=EDGE_CURVE('',#8054,#8055,#4060,.T.);
#12950=EDGE_CURVE('',#8055,#8057,#4064,.T.);
#12952=EDGE_CURVE('',#8057,#8059,#4069,.T.);
#12954=EDGE_CURVE('',#8059,#8062,#4073,.T.);
#12956=EDGE_CURVE('',#8062,#8063,#4077,.T.);
#12958=EDGE_CURVE('',#8063,#8065,#4081,.T.);
#12960=EDGE_CURVE('',#8065,#8067,#4085,.T.);
#12964=ADVANCED_FACE('',(#12963),#12941,.F.);
#12970=EDGE_CURVE('',#8121,#8112,#4089,.T.);
#12972=EDGE_CURVE('',#8112,#8127,#4093,.T.);
#12978=ADVANCED_FACE('',(#12977),#12969,.F.);
#12984=EDGE_CURVE('',#8129,#8116,#4098,.T.);
#12986=EDGE_CURVE('',#8116,#8131,#4102,.T.);
#12991=EDGE_CURVE('',#8133,#8028,#4106,.T.);
#12993=EDGE_CURVE('',#8028,#8029,#4111,.T.);
#12995=EDGE_CURVE('',#8029,#8031,#4115,.T.);
#12997=EDGE_CURVE('',#8031,#8033,#4120,.T.);
#12999=EDGE_CURVE('',#8033,#8035,#4124,.T.);
#13001=EDGE_CURVE('',#8035,#8037,#4129,.T.);
#13003=EDGE_CURVE('',#8037,#8039,#4133,.T.);
#13005=EDGE_CURVE('',#8039,#8041,#4137,.T.);
#13007=EDGE_CURVE('',#8041,#8043,#4141,.T.);
#13009=EDGE_CURVE('',#8043,#8045,#4146,.T.);
#13011=EDGE_CURVE('',#8045,#8047,#4150,.T.);
#13013=EDGE_CURVE('',#8047,#8049,#4155,.T.);
#13015=EDGE_CURVE('',#8049,#8051,#4159,.T.);
#13017=EDGE_CURVE('',#8051,#8143,#4164,.T.);
#13022=ADVANCED_FACE('',(#13021),#12983,.F.);
#13029=EDGE_CURVE('',#8067,#8109,#4168,.T.);
#13031=EDGE_CURVE('',#8109,#8123,#4201,.T.);
#13036=ADVANCED_FACE('',(#13035),#13027,.F.);
#13043=EDGE_CURVE('',#8065,#8107,#4172,.T.);
#13045=EDGE_CURVE('',#8107,#8109,#4205,.T.);
#13050=ADVANCED_FACE('',(#13049),#13041,.T.);
#13057=EDGE_CURVE('',#8063,#8105,#4176,.T.);
#13059=EDGE_CURVE('',#8105,#8107,#4209,.T.);
#13064=ADVANCED_FACE('',(#13063),#13055,.T.);
#13071=EDGE_CURVE('',#8062,#8104,#4180,.T.);
#13073=EDGE_CURVE('',#8104,#8105,#4213,.T.);
#13078=ADVANCED_FACE('',(#13077),#13069,.T.);
#13085=EDGE_CURVE('',#8059,#8101,#4184,.T.);
#13087=EDGE_CURVE('',#8101,#8104,#4217,.T.);
#13092=ADVANCED_FACE('',(#13091),#13083,.T.);
#13099=EDGE_CURVE('',#8057,#8099,#4188,.T.);
#13101=EDGE_CURVE('',#8099,#8101,#4222,.T.);
#13106=ADVANCED_FACE('',(#13105),#13097,.F.);
#13113=EDGE_CURVE('',#8055,#8097,#4192,.T.);
#13115=EDGE_CURVE('',#8097,#8099,#4226,.T.);
#13120=ADVANCED_FACE('',(#13119),#13111,.T.);
#13127=EDGE_CURVE('',#8054,#8096,#4196,.T.);
#13129=EDGE_CURVE('',#8096,#8097,#4231,.T.);
#13134=ADVANCED_FACE('',(#13133),#13125,.T.);
#13142=EDGE_CURVE('',#8149,#8096,#4235,.T.);
#13147=ADVANCED_FACE('',(#13146),#13139,.T.);
#13166=ADVANCED_FACE('',(#13165),#13152,.T.);
#13172=EDGE_CURVE('',#8125,#8113,#4239,.T.);
#13176=EDGE_CURVE('',#8113,#8135,#4243,.T.);
#13180=ADVANCED_FACE('',(#13179),#13171,.T.);
#13186=EDGE_CURVE('',#8137,#8117,#4248,.T.);
#13189=EDGE_CURVE('',#8093,#8147,#4253,.T.);
#13191=EDGE_CURVE('',#8091,#8093,#4257,.T.);
#13193=EDGE_CURVE('',#8089,#8091,#4262,.T.);
#13195=EDGE_CURVE('',#8087,#8089,#4266,.T.);
#13197=EDGE_CURVE('',#8085,#8087,#4271,.T.);
#13199=EDGE_CURVE('',#8083,#8085,#4275,.T.);
#13201=EDGE_CURVE('',#8081,#8083,#4279,.T.);
#13203=EDGE_CURVE('',#8079,#8081,#4283,.T.);
#13205=EDGE_CURVE('',#8077,#8079,#4288,.T.);
#13207=EDGE_CURVE('',#8075,#8077,#4292,.T.);
#13209=EDGE_CURVE('',#8073,#8075,#4297,.T.);
#13211=EDGE_CURVE('',#8071,#8073,#4301,.T.);
#13213=EDGE_CURVE('',#8070,#8071,#4306,.T.);
#13215=EDGE_CURVE('',#8141,#8070,#4310,.T.);
#13220=EDGE_CURVE('',#8117,#8139,#4314,.T.);
#13224=ADVANCED_FACE('',(#13223),#13185,.T.);
#13233=EDGE_CURVE('',#8112,#8113,#4318,.T.);
#13237=ADVANCED_FACE('',(#13236),#13229,.T.);
#13249=ADVANCED_FACE('',(#13248),#13242,.T.);
#13258=EDGE_CURVE('',#8116,#8117,#4322,.T.);
#13262=ADVANCED_FACE('',(#13261),#13254,.F.);
#13274=ADVANCED_FACE('',(#13273),#13267,.T.);
#13283=EDGE_CURVE('',#8028,#8070,#4326,.T.);
#13287=ADVANCED_FACE('',(#13286),#13279,.T.);
#13296=EDGE_CURVE('',#8029,#8071,#4330,.T.);
#13300=ADVANCED_FACE('',(#13299),#13292,.F.);
#13309=EDGE_CURVE('',#8031,#8073,#4334,.T.);
#13313=ADVANCED_FACE('',(#13312),#13305,.T.);
#13322=EDGE_CURVE('',#8033,#8075,#4338,.T.);
#13326=ADVANCED_FACE('',(#13325),#13318,.T.);
#13335=EDGE_CURVE('',#8035,#8077,#4342,.T.);
#13339=ADVANCED_FACE('',(#13338),#13331,.T.);
#13348=EDGE_CURVE('',#8037,#8079,#4346,.T.);
#13352=ADVANCED_FACE('',(#13351),#13344,.T.);
#13361=EDGE_CURVE('',#8039,#8081,#4350,.T.);
#13365=ADVANCED_FACE('',(#13364),#13357,.T.);
#13374=EDGE_CURVE('',#8041,#8083,#4354,.T.);
#13378=ADVANCED_FACE('',(#13377),#13370,.T.);
#13387=EDGE_CURVE('',#8043,#8085,#4358,.T.);
#13391=ADVANCED_FACE('',(#13390),#13383,.T.);
#13400=EDGE_CURVE('',#8045,#8087,#4362,.T.);
#13404=ADVANCED_FACE('',(#13403),#13396,.T.);
#13413=EDGE_CURVE('',#8047,#8089,#4366,.T.);
#13417=ADVANCED_FACE('',(#13416),#13409,.T.);
#13426=EDGE_CURVE('',#8049,#8091,#4370,.T.);
#13430=ADVANCED_FACE('',(#13429),#13422,.F.);
#13439=EDGE_CURVE('',#8051,#8093,#4374,.T.);
#13443=ADVANCED_FACE('',(#13442),#13435,.T.);
#13455=ADVANCED_FACE('',(#13454),#13448,.T.);
#13461=EDGE_CURVE('',#7675,#7727,#4379,.T.);
#13465=EDGE_CURVE('',#7753,#7662,#4383,.T.);
#13467=EDGE_CURVE('',#7662,#7663,#4388,.T.);
#13469=EDGE_CURVE('',#7663,#7665,#4392,.T.);
#13471=EDGE_CURVE('',#7665,#7667,#4397,.T.);
#13473=EDGE_CURVE('',#7667,#7670,#4401,.T.);
#13475=EDGE_CURVE('',#7670,#7671,#4405,.T.);
#13477=EDGE_CURVE('',#7671,#7673,#4409,.T.);
#13479=EDGE_CURVE('',#7673,#7675,#4413,.T.);
#13483=ADVANCED_FACE('',(#13482),#13460,.F.);
#13489=EDGE_CURVE('',#7729,#7720,#4417,.T.);
#13491=EDGE_CURVE('',#7720,#7735,#4421,.T.);
#13497=ADVANCED_FACE('',(#13496),#13488,.F.);
#13503=EDGE_CURVE('',#7737,#7724,#4426,.T.);
#13505=EDGE_CURVE('',#7724,#7739,#4430,.T.);
#13510=EDGE_CURVE('',#7741,#7636,#4434,.T.);
#13512=EDGE_CURVE('',#7636,#7637,#4439,.T.);
#13514=EDGE_CURVE('',#7637,#7639,#4443,.T.);
#13516=EDGE_CURVE('',#7639,#7641,#4448,.T.);
#13518=EDGE_CURVE('',#7641,#7643,#4452,.T.);
#13520=EDGE_CURVE('',#7643,#7645,#4457,.T.);
#13522=EDGE_CURVE('',#7645,#7647,#4461,.T.);
#13524=EDGE_CURVE('',#7647,#7649,#4465,.T.);
#13526=EDGE_CURVE('',#7649,#7651,#4469,.T.);
#13528=EDGE_CURVE('',#7651,#7653,#4474,.T.);
#13530=EDGE_CURVE('',#7653,#7655,#4478,.T.);
#13532=EDGE_CURVE('',#7655,#7657,#4483,.T.);
#13534=EDGE_CURVE('',#7657,#7659,#4487,.T.);
#13536=EDGE_CURVE('',#7659,#7751,#4492,.T.);
#13541=ADVANCED_FACE('',(#13540),#13502,.F.);
#13548=EDGE_CURVE('',#7675,#7717,#4496,.T.);
#13550=EDGE_CURVE('',#7717,#7731,#4529,.T.);
#13555=ADVANCED_FACE('',(#13554),#13546,.F.);
#13562=EDGE_CURVE('',#7673,#7715,#4500,.T.);
#13564=EDGE_CURVE('',#7715,#7717,#4533,.T.);
#13569=ADVANCED_FACE('',(#13568),#13560,.T.);
#13576=EDGE_CURVE('',#7671,#7713,#4504,.T.);
#13578=EDGE_CURVE('',#7713,#7715,#4537,.T.);
#13583=ADVANCED_FACE('',(#13582),#13574,.T.);
#13590=EDGE_CURVE('',#7670,#7712,#4508,.T.);
#13592=EDGE_CURVE('',#7712,#7713,#4541,.T.);
#13597=ADVANCED_FACE('',(#13596),#13588,.T.);
#13604=EDGE_CURVE('',#7667,#7709,#4512,.T.);
#13606=EDGE_CURVE('',#7709,#7712,#4545,.T.);
#13611=ADVANCED_FACE('',(#13610),#13602,.T.);
#13618=EDGE_CURVE('',#7665,#7707,#4516,.T.);
#13620=EDGE_CURVE('',#7707,#7709,#4550,.T.);
#13625=ADVANCED_FACE('',(#13624),#13616,.F.);
#13632=EDGE_CURVE('',#7663,#7705,#4520,.T.);
#13634=EDGE_CURVE('',#7705,#7707,#4554,.T.);
#13639=ADVANCED_FACE('',(#13638),#13630,.T.);
#13646=EDGE_CURVE('',#7662,#7704,#4524,.T.);
#13648=EDGE_CURVE('',#7704,#7705,#4559,.T.);
#13653=ADVANCED_FACE('',(#13652),#13644,.T.);
#13661=EDGE_CURVE('',#7757,#7704,#4563,.T.);
#13666=ADVANCED_FACE('',(#13665),#13658,.T.);
#13685=ADVANCED_FACE('',(#13684),#13671,.T.);
#13691=EDGE_CURVE('',#7733,#7721,#4567,.T.);
#13695=EDGE_CURVE('',#7721,#7743,#4571,.T.);
#13699=ADVANCED_FACE('',(#13698),#13690,.T.);
#13705=EDGE_CURVE('',#7745,#7725,#4576,.T.);
#13708=EDGE_CURVE('',#7701,#7755,#4581,.T.);
#13710=EDGE_CURVE('',#7699,#7701,#4585,.T.);
#13712=EDGE_CURVE('',#7697,#7699,#4590,.T.);
#13714=EDGE_CURVE('',#7695,#7697,#4594,.T.);
#13716=EDGE_CURVE('',#7693,#7695,#4599,.T.);
#13718=EDGE_CURVE('',#7691,#7693,#4603,.T.);
#13720=EDGE_CURVE('',#7689,#7691,#4607,.T.);
#13722=EDGE_CURVE('',#7687,#7689,#4611,.T.);
#13724=EDGE_CURVE('',#7685,#7687,#4616,.T.);
#13726=EDGE_CURVE('',#7683,#7685,#4620,.T.);
#13728=EDGE_CURVE('',#7681,#7683,#4625,.T.);
#13730=EDGE_CURVE('',#7679,#7681,#4629,.T.);
#13732=EDGE_CURVE('',#7678,#7679,#4634,.T.);
#13734=EDGE_CURVE('',#7749,#7678,#4638,.T.);
#13739=EDGE_CURVE('',#7725,#7747,#4642,.T.);
#13743=ADVANCED_FACE('',(#13742),#13704,.T.);
#13752=EDGE_CURVE('',#7720,#7721,#4646,.T.);
#13756=ADVANCED_FACE('',(#13755),#13748,.T.);
#13768=ADVANCED_FACE('',(#13767),#13761,.T.);
#13777=EDGE_CURVE('',#7724,#7725,#4650,.T.);
#13781=ADVANCED_FACE('',(#13780),#13773,.F.);
#13793=ADVANCED_FACE('',(#13792),#13786,.T.);
#13802=EDGE_CURVE('',#7636,#7678,#4654,.T.);
#13806=ADVANCED_FACE('',(#13805),#13798,.T.);
#13815=EDGE_CURVE('',#7637,#7679,#4658,.T.);
#13819=ADVANCED_FACE('',(#13818),#13811,.F.);
#13828=EDGE_CURVE('',#7639,#7681,#4662,.T.);
#13832=ADVANCED_FACE('',(#13831),#13824,.T.);
#13841=EDGE_CURVE('',#7641,#7683,#4666,.T.);
#13845=ADVANCED_FACE('',(#13844),#13837,.T.);
#13854=EDGE_CURVE('',#7643,#7685,#4670,.T.);
#13858=ADVANCED_FACE('',(#13857),#13850,.T.);
#13867=EDGE_CURVE('',#7645,#7687,#4674,.T.);
#13871=ADVANCED_FACE('',(#13870),#13863,.T.);
#13880=EDGE_CURVE('',#7647,#7689,#4678,.T.);
#13884=ADVANCED_FACE('',(#13883),#13876,.T.);
#13893=EDGE_CURVE('',#7649,#7691,#4682,.T.);
#13897=ADVANCED_FACE('',(#13896),#13889,.T.);
#13906=EDGE_CURVE('',#7651,#7693,#4686,.T.);
#13910=ADVANCED_FACE('',(#13909),#13902,.T.);
#13919=EDGE_CURVE('',#7653,#7695,#4690,.T.);
#13923=ADVANCED_FACE('',(#13922),#13915,.T.);
#13932=EDGE_CURVE('',#7655,#7697,#4694,.T.);
#13936=ADVANCED_FACE('',(#13935),#13928,.T.);
#13945=EDGE_CURVE('',#7657,#7699,#4698,.T.);
#13949=ADVANCED_FACE('',(#13948),#13941,.F.);
#13958=EDGE_CURVE('',#7659,#7701,#4702,.T.);
#13962=ADVANCED_FACE('',(#13961),#13954,.T.);
#13974=ADVANCED_FACE('',(#13973),#13967,.T.);
#13980=EDGE_CURVE('',#7283,#7335,#4707,.T.);
#13984=EDGE_CURVE('',#7361,#7270,#4711,.T.);
#13986=EDGE_CURVE('',#7270,#7271,#4716,.T.);
#13988=EDGE_CURVE('',#7271,#7273,#4720,.T.);
#13990=EDGE_CURVE('',#7273,#7275,#4725,.T.);
#13992=EDGE_CURVE('',#7275,#7278,#4729,.T.);
#13994=EDGE_CURVE('',#7278,#7279,#4733,.T.);
#13996=EDGE_CURVE('',#7279,#7281,#4737,.T.);
#13998=EDGE_CURVE('',#7281,#7283,#4741,.T.);
#14002=ADVANCED_FACE('',(#14001),#13979,.F.);
#14008=EDGE_CURVE('',#7337,#7328,#4745,.T.);
#14010=EDGE_CURVE('',#7328,#7343,#4749,.T.);
#14016=ADVANCED_FACE('',(#14015),#14007,.F.);
#14022=EDGE_CURVE('',#7345,#7332,#4754,.T.);
#14024=EDGE_CURVE('',#7332,#7347,#4758,.T.);
#14029=EDGE_CURVE('',#7349,#7244,#4762,.T.);
#14031=EDGE_CURVE('',#7244,#7245,#4767,.T.);
#14033=EDGE_CURVE('',#7245,#7247,#4771,.T.);
#14035=EDGE_CURVE('',#7247,#7249,#4776,.T.);
#14037=EDGE_CURVE('',#7249,#7251,#4780,.T.);
#14039=EDGE_CURVE('',#7251,#7253,#4785,.T.);
#14041=EDGE_CURVE('',#7253,#7255,#4789,.T.);
#14043=EDGE_CURVE('',#7255,#7257,#4793,.T.);
#14045=EDGE_CURVE('',#7257,#7259,#4797,.T.);
#14047=EDGE_CURVE('',#7259,#7261,#4802,.T.);
#14049=EDGE_CURVE('',#7261,#7263,#4806,.T.);
#14051=EDGE_CURVE('',#7263,#7265,#4811,.T.);
#14053=EDGE_CURVE('',#7265,#7267,#4815,.T.);
#14055=EDGE_CURVE('',#7267,#7359,#4820,.T.);
#14060=ADVANCED_FACE('',(#14059),#14021,.F.);
#14067=EDGE_CURVE('',#7283,#7325,#4824,.T.);
#14069=EDGE_CURVE('',#7325,#7339,#4857,.T.);
#14074=ADVANCED_FACE('',(#14073),#14065,.F.);
#14081=EDGE_CURVE('',#7281,#7323,#4828,.T.);
#14083=EDGE_CURVE('',#7323,#7325,#4861,.T.);
#14088=ADVANCED_FACE('',(#14087),#14079,.T.);
#14095=EDGE_CURVE('',#7279,#7321,#4832,.T.);
#14097=EDGE_CURVE('',#7321,#7323,#4865,.T.);
#14102=ADVANCED_FACE('',(#14101),#14093,.T.);
#14109=EDGE_CURVE('',#7278,#7320,#4836,.T.);
#14111=EDGE_CURVE('',#7320,#7321,#4869,.T.);
#14116=ADVANCED_FACE('',(#14115),#14107,.T.);
#14123=EDGE_CURVE('',#7275,#7317,#4840,.T.);
#14125=EDGE_CURVE('',#7317,#7320,#4873,.T.);
#14130=ADVANCED_FACE('',(#14129),#14121,.T.);
#14137=EDGE_CURVE('',#7273,#7315,#4844,.T.);
#14139=EDGE_CURVE('',#7315,#7317,#4878,.T.);
#14144=ADVANCED_FACE('',(#14143),#14135,.F.);
#14151=EDGE_CURVE('',#7271,#7313,#4848,.T.);
#14153=EDGE_CURVE('',#7313,#7315,#4882,.T.);
#14158=ADVANCED_FACE('',(#14157),#14149,.T.);
#14165=EDGE_CURVE('',#7270,#7312,#4852,.T.);
#14167=EDGE_CURVE('',#7312,#7313,#4887,.T.);
#14172=ADVANCED_FACE('',(#14171),#14163,.T.);
#14180=EDGE_CURVE('',#7365,#7312,#4891,.T.);
#14185=ADVANCED_FACE('',(#14184),#14177,.T.);
#14204=ADVANCED_FACE('',(#14203),#14190,.T.);
#14210=EDGE_CURVE('',#7341,#7329,#4895,.T.);
#14214=EDGE_CURVE('',#7329,#7351,#4899,.T.);
#14218=ADVANCED_FACE('',(#14217),#14209,.T.);
#14224=EDGE_CURVE('',#7353,#7333,#4904,.T.);
#14227=EDGE_CURVE('',#7309,#7363,#4909,.T.);
#14229=EDGE_CURVE('',#7307,#7309,#4913,.T.);
#14231=EDGE_CURVE('',#7305,#7307,#4918,.T.);
#14233=EDGE_CURVE('',#7303,#7305,#4922,.T.);
#14235=EDGE_CURVE('',#7301,#7303,#4927,.T.);
#14237=EDGE_CURVE('',#7299,#7301,#4931,.T.);
#14239=EDGE_CURVE('',#7297,#7299,#4935,.T.);
#14241=EDGE_CURVE('',#7295,#7297,#4939,.T.);
#14243=EDGE_CURVE('',#7293,#7295,#4944,.T.);
#14245=EDGE_CURVE('',#7291,#7293,#4948,.T.);
#14247=EDGE_CURVE('',#7289,#7291,#4953,.T.);
#14249=EDGE_CURVE('',#7287,#7289,#4957,.T.);
#14251=EDGE_CURVE('',#7286,#7287,#4962,.T.);
#14253=EDGE_CURVE('',#7357,#7286,#4966,.T.);
#14258=EDGE_CURVE('',#7333,#7355,#4970,.T.);
#14262=ADVANCED_FACE('',(#14261),#14223,.T.);
#14271=EDGE_CURVE('',#7328,#7329,#4974,.T.);
#14275=ADVANCED_FACE('',(#14274),#14267,.T.);
#14287=ADVANCED_FACE('',(#14286),#14280,.T.);
#14296=EDGE_CURVE('',#7332,#7333,#4978,.T.);
#14300=ADVANCED_FACE('',(#14299),#14292,.F.);
#14312=ADVANCED_FACE('',(#14311),#14305,.T.);
#14321=EDGE_CURVE('',#7244,#7286,#4982,.T.);
#14325=ADVANCED_FACE('',(#14324),#14317,.T.);
#14334=EDGE_CURVE('',#7245,#7287,#4986,.T.);
#14338=ADVANCED_FACE('',(#14337),#14330,.F.);
#14347=EDGE_CURVE('',#7247,#7289,#4990,.T.);
#14351=ADVANCED_FACE('',(#14350),#14343,.T.);
#14360=EDGE_CURVE('',#7249,#7291,#4994,.T.);
#14364=ADVANCED_FACE('',(#14363),#14356,.T.);
#14373=EDGE_CURVE('',#7251,#7293,#4998,.T.);
#14377=ADVANCED_FACE('',(#14376),#14369,.T.);
#14386=EDGE_CURVE('',#7253,#7295,#5002,.T.);
#14390=ADVANCED_FACE('',(#14389),#14382,.T.);
#14399=EDGE_CURVE('',#7255,#7297,#5006,.T.);
#14403=ADVANCED_FACE('',(#14402),#14395,.T.);
#14412=EDGE_CURVE('',#7257,#7299,#5010,.T.);
#14416=ADVANCED_FACE('',(#14415),#14408,.T.);
#14425=EDGE_CURVE('',#7259,#7301,#5014,.T.);
#14429=ADVANCED_FACE('',(#14428),#14421,.T.);
#14438=EDGE_CURVE('',#7261,#7303,#5018,.T.);
#14442=ADVANCED_FACE('',(#14441),#14434,.T.);
#14451=EDGE_CURVE('',#7263,#7305,#5022,.T.);
#14455=ADVANCED_FACE('',(#14454),#14447,.T.);
#14464=EDGE_CURVE('',#7265,#7307,#5026,.T.);
#14468=ADVANCED_FACE('',(#14467),#14460,.F.);
#14477=EDGE_CURVE('',#7267,#7309,#5030,.T.);
#14481=ADVANCED_FACE('',(#14480),#14473,.T.);
#14493=ADVANCED_FACE('',(#14492),#14486,.T.);
#14500=EDGE_CURVE('',#6916,#6908,#5034,.T.);
#14502=EDGE_CURVE('',#6908,#7043,#5038,.T.);
#14507=ADVANCED_FACE('',(#14506),#14498,.F.);
#14513=EDGE_CURVE('',#6863,#6923,#5043,.T.);
#14517=EDGE_CURVE('',#7071,#6850,#5047,.T.);
#14519=EDGE_CURVE('',#6850,#6851,#5052,.T.);
#14521=EDGE_CURVE('',#6851,#6853,#5056,.T.);
#14523=EDGE_CURVE('',#6853,#6855,#5061,.T.);
#14525=EDGE_CURVE('',#6855,#6858,#5065,.T.);
#14527=EDGE_CURVE('',#6858,#6859,#5069,.T.);
#14529=EDGE_CURVE('',#6859,#6861,#5073,.T.);
#14531=EDGE_CURVE('',#6861,#6863,#5077,.T.);
#14535=ADVANCED_FACE('',(#14534),#14512,.F.);
#14542=EDGE_CURVE('',#7046,#6824,#5081,.T.);
#14544=EDGE_CURVE('',#6824,#6825,#5086,.T.);
#14546=EDGE_CURVE('',#6825,#6827,#5090,.T.);
#14548=EDGE_CURVE('',#6827,#6829,#5095,.T.);
#14550=EDGE_CURVE('',#6829,#6831,#5099,.T.);
#14552=EDGE_CURVE('',#6831,#6833,#5104,.T.);
#14554=EDGE_CURVE('',#6833,#6835,#5108,.T.);
#14556=EDGE_CURVE('',#6835,#6837,#5112,.T.);
#14558=EDGE_CURVE('',#6837,#6839,#5116,.T.);
#14560=EDGE_CURVE('',#6839,#6841,#5121,.T.);
#14562=EDGE_CURVE('',#6841,#6843,#5125,.T.);
#14564=EDGE_CURVE('',#6843,#6845,#5130,.T.);
#14566=EDGE_CURVE('',#6845,#6847,#5134,.T.);
#14568=EDGE_CURVE('',#6847,#7065,#5139,.T.);
#14571=EDGE_CURVE('',#7064,#6912,#5144,.T.);
#14573=EDGE_CURVE('',#6912,#7057,#5148,.T.);
#14579=ADVANCED_FACE('',(#14578),#14540,.F.);
#14586=EDGE_CURVE('',#6920,#6909,#5156,.T.);
#14588=EDGE_CURVE('',#6908,#6909,#5270,.T.);
#14593=ADVANCED_FACE('',(#14592),#14584,.T.);
#14601=EDGE_CURVE('',#6909,#7049,#5152,.T.);
#14606=ADVANCED_FACE('',(#14605),#14598,.T.);
#14612=EDGE_CURVE('',#6905,#6925,#5161,.T.);
#14614=EDGE_CURVE('',#6903,#6905,#5165,.T.);
#14616=EDGE_CURVE('',#6901,#6903,#5169,.T.);
#14618=EDGE_CURVE('',#6900,#6901,#5173,.T.);
#14620=EDGE_CURVE('',#6897,#6900,#5177,.T.);
#14622=EDGE_CURVE('',#6895,#6897,#5182,.T.);
#14624=EDGE_CURVE('',#6893,#6895,#5186,.T.);
#14626=EDGE_CURVE('',#6892,#6893,#5191,.T.);
#14628=EDGE_CURVE('',#7073,#6892,#5195,.T.);
#14634=ADVANCED_FACE('',(#14633),#14611,.T.);
#14643=EDGE_CURVE('',#6913,#7061,#5199,.T.);
#14645=EDGE_CURVE('',#7068,#6913,#5204,.T.);
#14648=EDGE_CURVE('',#6889,#7069,#5209,.T.);
#14650=EDGE_CURVE('',#6887,#6889,#5213,.T.);
#14652=EDGE_CURVE('',#6885,#6887,#5218,.T.);
#14654=EDGE_CURVE('',#6883,#6885,#5222,.T.);
#14656=EDGE_CURVE('',#6881,#6883,#5227,.T.);
#14658=EDGE_CURVE('',#6879,#6881,#5231,.T.);
#14660=EDGE_CURVE('',#6877,#6879,#5235,.T.);
#14662=EDGE_CURVE('',#6875,#6877,#5239,.T.);
#14664=EDGE_CURVE('',#6873,#6875,#5244,.T.);
#14666=EDGE_CURVE('',#6871,#6873,#5248,.T.);
#14668=EDGE_CURVE('',#6869,#6871,#5253,.T.);
#14670=EDGE_CURVE('',#6867,#6869,#5257,.T.);
#14672=EDGE_CURVE('',#6866,#6867,#5262,.T.);
#14674=EDGE_CURVE('',#7052,#6866,#5266,.T.);
#14678=ADVANCED_FACE('',(#14677),#14639,.T.);
#14690=ADVANCED_FACE('',(#14689),#14683,.T.);
#14697=EDGE_CURVE('',#6863,#6905,#5274,.T.);
#14703=ADVANCED_FACE('',(#14702),#14695,.F.);
#14710=EDGE_CURVE('',#6861,#6903,#5278,.T.);
#14716=ADVANCED_FACE('',(#14715),#14708,.T.);
#14723=EDGE_CURVE('',#6859,#6901,#5282,.T.);
#14729=ADVANCED_FACE('',(#14728),#14721,.T.);
#14736=EDGE_CURVE('',#6858,#6900,#5286,.T.);
#14742=ADVANCED_FACE('',(#14741),#14734,.T.);
#14749=EDGE_CURVE('',#6855,#6897,#5290,.T.);
#14755=ADVANCED_FACE('',(#14754),#14747,.T.);
#14762=EDGE_CURVE('',#6853,#6895,#5294,.T.);
#14768=ADVANCED_FACE('',(#14767),#14760,.F.);
#14775=EDGE_CURVE('',#6851,#6893,#5298,.T.);
#14781=ADVANCED_FACE('',(#14780),#14773,.T.);
#14788=EDGE_CURVE('',#6850,#6892,#5302,.T.);
#14794=ADVANCED_FACE('',(#14793),#14786,.T.);
#14806=ADVANCED_FACE('',(#14805),#14799,.T.);
#14814=EDGE_CURVE('',#6824,#6866,#5310,.T.);
#14819=ADVANCED_FACE('',(#14818),#14811,.T.);
#14827=EDGE_CURVE('',#6912,#6913,#5306,.T.);
#14832=ADVANCED_FACE('',(#14831),#14824,.T.);
#14841=EDGE_CURVE('',#6825,#6867,#5314,.T.);
#14845=ADVANCED_FACE('',(#14844),#14837,.F.);
#14854=EDGE_CURVE('',#6827,#6869,#5318,.T.);
#14858=ADVANCED_FACE('',(#14857),#14850,.T.);
#14867=EDGE_CURVE('',#6829,#6871,#5322,.T.);
#14871=ADVANCED_FACE('',(#14870),#14863,.T.);
#14880=EDGE_CURVE('',#6831,#6873,#5326,.T.);
#14884=ADVANCED_FACE('',(#14883),#14876,.T.);
#14893=EDGE_CURVE('',#6833,#6875,#5330,.T.);
#14897=ADVANCED_FACE('',(#14896),#14889,.T.);
#14906=EDGE_CURVE('',#6835,#6877,#5334,.T.);
#14910=ADVANCED_FACE('',(#14909),#14902,.T.);
#14919=EDGE_CURVE('',#6837,#6879,#5338,.T.);
#14923=ADVANCED_FACE('',(#14922),#14915,.T.);
#14932=EDGE_CURVE('',#6839,#6881,#5342,.T.);
#14936=ADVANCED_FACE('',(#14935),#14928,.T.);
#14945=EDGE_CURVE('',#6841,#6883,#5346,.T.);
#14949=ADVANCED_FACE('',(#14948),#14941,.T.);
#14958=EDGE_CURVE('',#6843,#6885,#5350,.T.);
#14962=ADVANCED_FACE('',(#14961),#14954,.T.);
#14971=EDGE_CURVE('',#6845,#6887,#5354,.T.);
#14975=ADVANCED_FACE('',(#14974),#14967,.F.);
#14984=EDGE_CURVE('',#6847,#6889,#5358,.T.);
#14988=ADVANCED_FACE('',(#14987),#14980,.T.);
#15000=ADVANCED_FACE('',(#14999),#14993,.T.);
#15012=ADVANCED_FACE('',(#15011),#15005,.F.);
#15019=EDGE_CURVE('',#8248,#8249,#5362,.T.);
#15021=EDGE_CURVE('',#8249,#8271,#5545,.T.);
#15026=ADVANCED_FACE('',(#15025),#15017,.F.);
#15033=EDGE_CURVE('',#8191,#8239,#5366,.T.);
#15035=EDGE_CURVE('',#8239,#8267,#5474,.T.);
#15040=ADVANCED_FACE('',(#15039),#15031,.T.);
#15048=EDGE_CURVE('',#8269,#8249,#5509,.T.);
#15053=ADVANCED_FACE('',(#15052),#15045,.T.);
#15060=EDGE_CURVE('',#8189,#8237,#5370,.T.);
#15062=EDGE_CURVE('',#8237,#8239,#5479,.T.);
#15067=ADVANCED_FACE('',(#15066),#15058,.F.);
#15074=EDGE_CURVE('',#8187,#8235,#5374,.T.);
#15076=EDGE_CURVE('',#8235,#8237,#5483,.T.);
#15081=ADVANCED_FACE('',(#15080),#15072,.T.);
#15088=EDGE_CURVE('',#8185,#8233,#5378,.T.);
#15090=EDGE_CURVE('',#8233,#8235,#5488,.T.);
#15095=ADVANCED_FACE('',(#15094),#15086,.T.);
#15102=EDGE_CURVE('',#8183,#8231,#5382,.T.);
#15104=EDGE_CURVE('',#8231,#8233,#5492,.T.);
#15109=ADVANCED_FACE('',(#15108),#15100,.T.);
#15116=EDGE_CURVE('',#8181,#8229,#5386,.T.);
#15118=EDGE_CURVE('',#8229,#8231,#5497,.T.);
#15123=ADVANCED_FACE('',(#15122),#15114,.T.);
#15130=EDGE_CURVE('',#8180,#8228,#5390,.T.);
#15132=EDGE_CURVE('',#8228,#8229,#5501,.T.);
#15137=ADVANCED_FACE('',(#15136),#15128,.T.);
#15144=EDGE_CURVE('',#8177,#8225,#5394,.T.);
#15146=EDGE_CURVE('',#8225,#8287,#5513,.T.);
#15151=ADVANCED_FACE('',(#15150),#15142,.T.);
#15159=EDGE_CURVE('',#8289,#8228,#5505,.T.);
#15164=ADVANCED_FACE('',(#15163),#15156,.T.);
#15171=EDGE_CURVE('',#8175,#8223,#5398,.T.);
#15173=EDGE_CURVE('',#8223,#8225,#5517,.T.);
#15178=ADVANCED_FACE('',(#15177),#15169,.T.);
#15185=EDGE_CURVE('',#8173,#8221,#5402,.T.);
#15187=EDGE_CURVE('',#8221,#8223,#5522,.T.);
#15192=ADVANCED_FACE('',(#15191),#15183,.T.);
#15199=EDGE_CURVE('',#8171,#8219,#5406,.T.);
#15201=EDGE_CURVE('',#8219,#8221,#5526,.T.);
#15206=ADVANCED_FACE('',(#15205),#15197,.T.);
#15213=EDGE_CURVE('',#8169,#8217,#5410,.T.);
#15215=EDGE_CURVE('',#8217,#8219,#5531,.T.);
#15220=ADVANCED_FACE('',(#15219),#15211,.F.);
#15227=EDGE_CURVE('',#8168,#8216,#5414,.T.);
#15229=EDGE_CURVE('',#8216,#8217,#5535,.T.);
#15234=ADVANCED_FACE('',(#15233),#15225,.T.);
#15242=EDGE_CURVE('',#8285,#8216,#5540,.T.);
#15247=ADVANCED_FACE('',(#15246),#15239,.T.);
#15261=ADVANCED_FACE('',(#15260),#15252,.T.);
#15267=EDGE_CURVE('',#8257,#8200,#5436,.T.);
#15271=EDGE_CURVE('',#8213,#8283,#5440,.T.);
#15273=EDGE_CURVE('',#8211,#8213,#5445,.T.);
#15275=EDGE_CURVE('',#8209,#8211,#5449,.T.);
#15277=EDGE_CURVE('',#8208,#8209,#5454,.T.);
#15279=EDGE_CURVE('',#8205,#8208,#5458,.T.);
#15281=EDGE_CURVE('',#8203,#8205,#5462,.T.);
#15283=EDGE_CURVE('',#8201,#8203,#5466,.T.);
#15285=EDGE_CURVE('',#8200,#8201,#5470,.T.);
#15289=ADVANCED_FACE('',(#15288),#15266,.T.);
#15307=ADVANCED_FACE('',(#15306),#15294,.T.);
#15326=ADVANCED_FACE('',(#15325),#15312,.T.);
#15335=EDGE_CURVE('',#8152,#8200,#5549,.T.);
#15339=ADVANCED_FACE('',(#15338),#15331,.F.);
#15348=EDGE_CURVE('',#8153,#8201,#5553,.T.);
#15352=ADVANCED_FACE('',(#15351),#15344,.T.);
#15361=EDGE_CURVE('',#8155,#8203,#5557,.T.);
#15365=ADVANCED_FACE('',(#15364),#15357,.T.);
#15374=EDGE_CURVE('',#8157,#8205,#5561,.T.);
#15378=ADVANCED_FACE('',(#15377),#15370,.T.);
#15387=EDGE_CURVE('',#8160,#8208,#5565,.T.);
#15391=ADVANCED_FACE('',(#15390),#15383,.T.);
#15400=EDGE_CURVE('',#8161,#8209,#5569,.T.);
#15404=ADVANCED_FACE('',(#15403),#15396,.F.);
#15413=EDGE_CURVE('',#8163,#8211,#5573,.T.);
#15417=ADVANCED_FACE('',(#15416),#15409,.T.);
#15426=EDGE_CURVE('',#8165,#8213,#5577,.T.);
#15430=ADVANCED_FACE('',(#15429),#15422,.T.);
#15442=ADVANCED_FACE('',(#15441),#15435,.T.);
#15454=ADVANCED_FACE('',(#15453),#15447,.F.);
#15461=EDGE_CURVE('',#6776,#6728,#5585,.T.);
#15463=EDGE_CURVE('',#6728,#6729,#5633,.T.);
#15465=EDGE_CURVE('',#6777,#6729,#5629,.T.);
#15469=ADVANCED_FACE('',(#15468),#15459,.F.);
#15476=EDGE_CURVE('',#6797,#6749,#5589,.T.);
#15478=EDGE_CURVE('',#6749,#6728,#5637,.T.);
#15483=ADVANCED_FACE('',(#15482),#15474,.F.);
#15490=EDGE_CURVE('',#6795,#6747,#5593,.T.);
#15492=EDGE_CURVE('',#6747,#6749,#5641,.T.);
#15497=ADVANCED_FACE('',(#15496),#15488,.F.);
#15504=EDGE_CURVE('',#6793,#6745,#5597,.T.);
#15506=EDGE_CURVE('',#6745,#6747,#5645,.T.);
#15511=ADVANCED_FACE('',(#15510),#15502,.F.);
#15518=EDGE_CURVE('',#6791,#6743,#5601,.T.);
#15520=EDGE_CURVE('',#6743,#6745,#5649,.T.);
#15525=ADVANCED_FACE('',(#15524),#15516,.F.);
#15532=EDGE_CURVE('',#6789,#6741,#5605,.T.);
#15534=EDGE_CURVE('',#6741,#6743,#5653,.T.);
#15539=ADVANCED_FACE('',(#15538),#15530,.F.);
#15546=EDGE_CURVE('',#6787,#6739,#5609,.T.);
#15548=EDGE_CURVE('',#6739,#6741,#5657,.T.);
#15553=ADVANCED_FACE('',(#15552),#15544,.F.);
#15560=EDGE_CURVE('',#6785,#6737,#5613,.T.);
#15562=EDGE_CURVE('',#6737,#6739,#5661,.T.);
#15567=ADVANCED_FACE('',(#15566),#15558,.F.);
#15574=EDGE_CURVE('',#6783,#6735,#5617,.T.);
#15576=EDGE_CURVE('',#6735,#6737,#5665,.T.);
#15581=ADVANCED_FACE('',(#15580),#15572,.F.);
#15588=EDGE_CURVE('',#6781,#6733,#5621,.T.);
#15590=EDGE_CURVE('',#6733,#6735,#5669,.T.);
#15595=ADVANCED_FACE('',(#15594),#15586,.F.);
#15602=EDGE_CURVE('',#6779,#6731,#5625,.T.);
#15604=EDGE_CURVE('',#6731,#6733,#5673,.T.);
#15609=ADVANCED_FACE('',(#15608),#15600,.F.);
#15617=EDGE_CURVE('',#6729,#6731,#5677,.T.);
#15622=ADVANCED_FACE('',(#15621),#15614,.F.);
#15642=ADVANCED_FACE('',(#15641),#15627,.T.);
#15648=EDGE_CURVE('',#6752,#6753,#5681,.T.);
#15650=EDGE_CURVE('',#6773,#6752,#5685,.T.);
#15652=EDGE_CURVE('',#6771,#6773,#5689,.T.);
#15654=EDGE_CURVE('',#6769,#6771,#5693,.T.);
#15656=EDGE_CURVE('',#6767,#6769,#5697,.T.);
#15658=EDGE_CURVE('',#6765,#6767,#5701,.T.);
#15660=EDGE_CURVE('',#6763,#6765,#5705,.T.);
#15662=EDGE_CURVE('',#6761,#6763,#5709,.T.);
#15664=EDGE_CURVE('',#6759,#6761,#5713,.T.);
#15666=EDGE_CURVE('',#6757,#6759,#5717,.T.);
#15668=EDGE_CURVE('',#6755,#6757,#5721,.T.);
#15670=EDGE_CURVE('',#6753,#6755,#5725,.T.);
#15674=ADVANCED_FACE('',(#15673),#15647,.T.);
#15681=EDGE_CURVE('',#6800,#6752,#5729,.T.);
#15684=EDGE_CURVE('',#6801,#6753,#5773,.T.);
#15688=ADVANCED_FACE('',(#15687),#15679,.F.);
#15695=EDGE_CURVE('',#6821,#6773,#5733,.T.);
#15701=ADVANCED_FACE('',(#15700),#15693,.F.);
#15708=EDGE_CURVE('',#6819,#6771,#5737,.T.);
#15714=ADVANCED_FACE('',(#15713),#15706,.F.);
#15721=EDGE_CURVE('',#6817,#6769,#5741,.T.);
#15727=ADVANCED_FACE('',(#15726),#15719,.F.);
#15734=EDGE_CURVE('',#6815,#6767,#5745,.T.);
#15740=ADVANCED_FACE('',(#15739),#15732,.F.);
#15747=EDGE_CURVE('',#6813,#6765,#5749,.T.);
#15753=ADVANCED_FACE('',(#15752),#15745,.F.);
#15760=EDGE_CURVE('',#6811,#6763,#5753,.T.);
#15766=ADVANCED_FACE('',(#15765),#15758,.F.);
#15773=EDGE_CURVE('',#6809,#6761,#5757,.T.);
#15779=ADVANCED_FACE('',(#15778),#15771,.F.);
#15786=EDGE_CURVE('',#6807,#6759,#5761,.T.);
#15792=ADVANCED_FACE('',(#15791),#15784,.F.);
#15799=EDGE_CURVE('',#6805,#6757,#5765,.T.);
#15805=ADVANCED_FACE('',(#15804),#15797,.F.);
#15812=EDGE_CURVE('',#6803,#6755,#5769,.T.);
#15818=ADVANCED_FACE('',(#15817),#15810,.F.);
#15830=ADVANCED_FACE('',(#15829),#15823,.F.);
#15836=EDGE_CURVE('',#7163,#7116,#5777,.T.);
#15838=EDGE_CURVE('',#7116,#7117,#5825,.T.);
#15840=EDGE_CURVE('',#7165,#7117,#5821,.T.);
#15845=ADVANCED_FACE('',(#15844),#15835,.F.);
#15853=EDGE_CURVE('',#7185,#7137,#5781,.T.);
#15855=EDGE_CURVE('',#7137,#7116,#5829,.T.);
#15859=ADVANCED_FACE('',(#15858),#15850,.F.);
#15865=EDGE_CURVE('',#7183,#7135,#5785,.T.);
#15867=EDGE_CURVE('',#7135,#7137,#5833,.T.);
#15873=ADVANCED_FACE('',(#15872),#15864,.F.);
#15879=EDGE_CURVE('',#7181,#7133,#5789,.T.);
#15881=EDGE_CURVE('',#7133,#7135,#5837,.T.);
#15887=ADVANCED_FACE('',(#15886),#15878,.F.);
#15893=EDGE_CURVE('',#7179,#7131,#5793,.T.);
#15895=EDGE_CURVE('',#7131,#7133,#5841,.T.);
#15901=ADVANCED_FACE('',(#15900),#15892,.F.);
#15907=EDGE_CURVE('',#7177,#7129,#5797,.T.);
#15909=EDGE_CURVE('',#7129,#7131,#5845,.T.);
#15915=ADVANCED_FACE('',(#15914),#15906,.F.);
#15921=EDGE_CURVE('',#7175,#7127,#5801,.T.);
#15923=EDGE_CURVE('',#7127,#7129,#5849,.T.);
#15929=ADVANCED_FACE('',(#15928),#15920,.F.);
#15935=EDGE_CURVE('',#7173,#7125,#5805,.T.);
#15937=EDGE_CURVE('',#7125,#7127,#5853,.T.);
#15943=ADVANCED_FACE('',(#15942),#15934,.F.);
#15949=EDGE_CURVE('',#7171,#7123,#5809,.T.);
#15951=EDGE_CURVE('',#7123,#7125,#5857,.T.);
#15957=ADVANCED_FACE('',(#15956),#15948,.F.);
#15963=EDGE_CURVE('',#7169,#7121,#5813,.T.);
#15965=EDGE_CURVE('',#7121,#7123,#5861,.T.);
#15971=ADVANCED_FACE('',(#15970),#15962,.F.);
#15977=EDGE_CURVE('',#7167,#7119,#5817,.T.);
#15979=EDGE_CURVE('',#7119,#7121,#5865,.T.);
#15985=ADVANCED_FACE('',(#15984),#15976,.F.);
#15992=EDGE_CURVE('',#7117,#7119,#5869,.T.);
#15998=ADVANCED_FACE('',(#15997),#15990,.F.);
#16018=ADVANCED_FACE('',(#16017),#16003,.T.);
#16024=EDGE_CURVE('',#7140,#7141,#5873,.T.);
#16026=EDGE_CURVE('',#7161,#7140,#5877,.T.);
#16028=EDGE_CURVE('',#7159,#7161,#5881,.T.);
#16030=EDGE_CURVE('',#7157,#7159,#5885,.T.);
#16032=EDGE_CURVE('',#7155,#7157,#5889,.T.);
#16034=EDGE_CURVE('',#7153,#7155,#5893,.T.);
#16036=EDGE_CURVE('',#7151,#7153,#5897,.T.);
#16038=EDGE_CURVE('',#7149,#7151,#5901,.T.);
#16040=EDGE_CURVE('',#7147,#7149,#5905,.T.);
#16042=EDGE_CURVE('',#7145,#7147,#5909,.T.);
#16044=EDGE_CURVE('',#7143,#7145,#5913,.T.);
#16046=EDGE_CURVE('',#7141,#7143,#5917,.T.);
#16050=ADVANCED_FACE('',(#16049),#16023,.T.);
#16056=EDGE_CURVE('',#7187,#7140,#5921,.T.);
#16059=EDGE_CURVE('',#7189,#7141,#5965,.T.);
#16064=ADVANCED_FACE('',(#16063),#16055,.F.);
#16072=EDGE_CURVE('',#7209,#7161,#5925,.T.);
#16077=ADVANCED_FACE('',(#16076),#16069,.F.);
#16083=EDGE_CURVE('',#7207,#7159,#5929,.T.);
#16090=ADVANCED_FACE('',(#16089),#16082,.F.);
#16096=EDGE_CURVE('',#7205,#7157,#5933,.T.);
#16103=ADVANCED_FACE('',(#16102),#16095,.F.);
#16109=EDGE_CURVE('',#7203,#7155,#5937,.T.);
#16116=ADVANCED_FACE('',(#16115),#16108,.F.);
#16122=EDGE_CURVE('',#7201,#7153,#5941,.T.);
#16129=ADVANCED_FACE('',(#16128),#16121,.F.);
#16135=EDGE_CURVE('',#7199,#7151,#5945,.T.);
#16142=ADVANCED_FACE('',(#16141),#16134,.F.);
#16148=EDGE_CURVE('',#7197,#7149,#5949,.T.);
#16155=ADVANCED_FACE('',(#16154),#16147,.F.);
#16161=EDGE_CURVE('',#7195,#7147,#5953,.T.);
#16168=ADVANCED_FACE('',(#16167),#16160,.F.);
#16174=EDGE_CURVE('',#7193,#7145,#5957,.T.);
#16181=ADVANCED_FACE('',(#16180),#16173,.F.);
#16187=EDGE_CURVE('',#7191,#7143,#5961,.T.);
#16194=ADVANCED_FACE('',(#16193),#16186,.F.);
#16206=ADVANCED_FACE('',(#16205),#16199,.F.);
#16212=EDGE_CURVE('',#7555,#7508,#5969,.T.);
#16214=EDGE_CURVE('',#7508,#7509,#6017,.T.);
#16216=EDGE_CURVE('',#7557,#7509,#6013,.T.);
#16221=ADVANCED_FACE('',(#16220),#16211,.F.);
#16229=EDGE_CURVE('',#7577,#7529,#5973,.T.);
#16231=EDGE_CURVE('',#7529,#7508,#6021,.T.);
#16235=ADVANCED_FACE('',(#16234),#16226,.F.);
#16241=EDGE_CURVE('',#7575,#7527,#5977,.T.);
#16243=EDGE_CURVE('',#7527,#7529,#6025,.T.);
#16249=ADVANCED_FACE('',(#16248),#16240,.F.);
#16255=EDGE_CURVE('',#7573,#7525,#5981,.T.);
#16257=EDGE_CURVE('',#7525,#7527,#6029,.T.);
#16263=ADVANCED_FACE('',(#16262),#16254,.F.);
#16269=EDGE_CURVE('',#7571,#7523,#5985,.T.);
#16271=EDGE_CURVE('',#7523,#7525,#6033,.T.);
#16277=ADVANCED_FACE('',(#16276),#16268,.F.);
#16283=EDGE_CURVE('',#7569,#7521,#5989,.T.);
#16285=EDGE_CURVE('',#7521,#7523,#6037,.T.);
#16291=ADVANCED_FACE('',(#16290),#16282,.F.);
#16297=EDGE_CURVE('',#7567,#7519,#5993,.T.);
#16299=EDGE_CURVE('',#7519,#7521,#6041,.T.);
#16305=ADVANCED_FACE('',(#16304),#16296,.F.);
#16311=EDGE_CURVE('',#7565,#7517,#5997,.T.);
#16313=EDGE_CURVE('',#7517,#7519,#6045,.T.);
#16319=ADVANCED_FACE('',(#16318),#16310,.F.);
#16325=EDGE_CURVE('',#7563,#7515,#6001,.T.);
#16327=EDGE_CURVE('',#7515,#7517,#6049,.T.);
#16333=ADVANCED_FACE('',(#16332),#16324,.F.);
#16339=EDGE_CURVE('',#7561,#7513,#6005,.T.);
#16341=EDGE_CURVE('',#7513,#7515,#6053,.T.);
#16347=ADVANCED_FACE('',(#16346),#16338,.F.);
#16353=EDGE_CURVE('',#7559,#7511,#6009,.T.);
#16355=EDGE_CURVE('',#7511,#7513,#6057,.T.);
#16361=ADVANCED_FACE('',(#16360),#16352,.F.);
#16368=EDGE_CURVE('',#7509,#7511,#6061,.T.);
#16374=ADVANCED_FACE('',(#16373),#16366,.F.);
#16394=ADVANCED_FACE('',(#16393),#16379,.T.);
#16400=EDGE_CURVE('',#7532,#7533,#6065,.T.);
#16402=EDGE_CURVE('',#7553,#7532,#6069,.T.);
#16404=EDGE_CURVE('',#7551,#7553,#6073,.T.);
#16406=EDGE_CURVE('',#7549,#7551,#6077,.T.);
#16408=EDGE_CURVE('',#7547,#7549,#6081,.T.);
#16410=EDGE_CURVE('',#7545,#7547,#6085,.T.);
#16412=EDGE_CURVE('',#7543,#7545,#6089,.T.);
#16414=EDGE_CURVE('',#7541,#7543,#6093,.T.);
#16416=EDGE_CURVE('',#7539,#7541,#6097,.T.);
#16418=EDGE_CURVE('',#7537,#7539,#6101,.T.);
#16420=EDGE_CURVE('',#7535,#7537,#6105,.T.);
#16422=EDGE_CURVE('',#7533,#7535,#6109,.T.);
#16426=ADVANCED_FACE('',(#16425),#16399,.T.);
#16432=EDGE_CURVE('',#7579,#7532,#6113,.T.);
#16435=EDGE_CURVE('',#7581,#7533,#6157,.T.);
#16440=ADVANCED_FACE('',(#16439),#16431,.F.);
#16448=EDGE_CURVE('',#7601,#7553,#6117,.T.);
#16453=ADVANCED_FACE('',(#16452),#16445,.F.);
#16459=EDGE_CURVE('',#7599,#7551,#6121,.T.);
#16466=ADVANCED_FACE('',(#16465),#16458,.F.);
#16472=EDGE_CURVE('',#7597,#7549,#6125,.T.);
#16479=ADVANCED_FACE('',(#16478),#16471,.F.);
#16485=EDGE_CURVE('',#7595,#7547,#6129,.T.);
#16492=ADVANCED_FACE('',(#16491),#16484,.F.);
#16498=EDGE_CURVE('',#7593,#7545,#6133,.T.);
#16505=ADVANCED_FACE('',(#16504),#16497,.F.);
#16511=EDGE_CURVE('',#7591,#7543,#6137,.T.);
#16518=ADVANCED_FACE('',(#16517),#16510,.F.);
#16524=EDGE_CURVE('',#7589,#7541,#6141,.T.);
#16531=ADVANCED_FACE('',(#16530),#16523,.F.);
#16537=EDGE_CURVE('',#7587,#7539,#6145,.T.);
#16544=ADVANCED_FACE('',(#16543),#16536,.F.);
#16550=EDGE_CURVE('',#7585,#7537,#6149,.T.);
#16557=ADVANCED_FACE('',(#16556),#16549,.F.);
#16563=EDGE_CURVE('',#7583,#7535,#6153,.T.);
#16570=ADVANCED_FACE('',(#16569),#16562,.F.);
#16582=ADVANCED_FACE('',(#16581),#16575,.F.);
#16588=EDGE_CURVE('',#7947,#7900,#6161,.T.);
#16590=EDGE_CURVE('',#7900,#7901,#6209,.T.);
#16592=EDGE_CURVE('',#7949,#7901,#6205,.T.);
#16597=ADVANCED_FACE('',(#16596),#16587,.F.);
#16605=EDGE_CURVE('',#7969,#7921,#6165,.T.);
#16607=EDGE_CURVE('',#7921,#7900,#6213,.T.);
#16611=ADVANCED_FACE('',(#16610),#16602,.F.);
#16617=EDGE_CURVE('',#7967,#7919,#6169,.T.);
#16619=EDGE_CURVE('',#7919,#7921,#6217,.T.);
#16625=ADVANCED_FACE('',(#16624),#16616,.F.);
#16631=EDGE_CURVE('',#7965,#7917,#6173,.T.);
#16633=EDGE_CURVE('',#7917,#7919,#6221,.T.);
#16639=ADVANCED_FACE('',(#16638),#16630,.F.);
#16645=EDGE_CURVE('',#7963,#7915,#6177,.T.);
#16647=EDGE_CURVE('',#7915,#7917,#6225,.T.);
#16653=ADVANCED_FACE('',(#16652),#16644,.F.);
#16659=EDGE_CURVE('',#7961,#7913,#6181,.T.);
#16661=EDGE_CURVE('',#7913,#7915,#6229,.T.);
#16667=ADVANCED_FACE('',(#16666),#16658,.F.);
#16673=EDGE_CURVE('',#7959,#7911,#6185,.T.);
#16675=EDGE_CURVE('',#7911,#7913,#6233,.T.);
#16681=ADVANCED_FACE('',(#16680),#16672,.F.);
#16687=EDGE_CURVE('',#7957,#7909,#6189,.T.);
#16689=EDGE_CURVE('',#7909,#7911,#6237,.T.);
#16695=ADVANCED_FACE('',(#16694),#16686,.F.);
#16701=EDGE_CURVE('',#7955,#7907,#6193,.T.);
#16703=EDGE_CURVE('',#7907,#7909,#6241,.T.);
#16709=ADVANCED_FACE('',(#16708),#16700,.F.);
#16715=EDGE_CURVE('',#7953,#7905,#6197,.T.);
#16717=EDGE_CURVE('',#7905,#7907,#6245,.T.);
#16723=ADVANCED_FACE('',(#16722),#16714,.F.);
#16729=EDGE_CURVE('',#7951,#7903,#6201,.T.);
#16731=EDGE_CURVE('',#7903,#7905,#6249,.T.);
#16737=ADVANCED_FACE('',(#16736),#16728,.F.);
#16744=EDGE_CURVE('',#7901,#7903,#6253,.T.);
#16750=ADVANCED_FACE('',(#16749),#16742,.F.);
#16770=ADVANCED_FACE('',(#16769),#16755,.T.);
#16776=EDGE_CURVE('',#7924,#7925,#6257,.T.);
#16778=EDGE_CURVE('',#7945,#7924,#6261,.T.);
#16780=EDGE_CURVE('',#7943,#7945,#6265,.T.);
#16782=EDGE_CURVE('',#7941,#7943,#6269,.T.);
#16784=EDGE_CURVE('',#7939,#7941,#6273,.T.);
#16786=EDGE_CURVE('',#7937,#7939,#6277,.T.);
#16788=EDGE_CURVE('',#7935,#7937,#6281,.T.);
#16790=EDGE_CURVE('',#7933,#7935,#6285,.T.);
#16792=EDGE_CURVE('',#7931,#7933,#6289,.T.);
#16794=EDGE_CURVE('',#7929,#7931,#6293,.T.);
#16796=EDGE_CURVE('',#7927,#7929,#6297,.T.);
#16798=EDGE_CURVE('',#7925,#7927,#6301,.T.);
#16802=ADVANCED_FACE('',(#16801),#16775,.T.);
#16808=EDGE_CURVE('',#7971,#7924,#6305,.T.);
#16811=EDGE_CURVE('',#7973,#7925,#6349,.T.);
#16816=ADVANCED_FACE('',(#16815),#16807,.F.);
#16824=EDGE_CURVE('',#7993,#7945,#6309,.T.);
#16829=ADVANCED_FACE('',(#16828),#16821,.F.);
#16835=EDGE_CURVE('',#7991,#7943,#6313,.T.);
#16842=ADVANCED_FACE('',(#16841),#16834,.F.);
#16848=EDGE_CURVE('',#7989,#7941,#6317,.T.);
#16855=ADVANCED_FACE('',(#16854),#16847,.F.);
#16861=EDGE_CURVE('',#7987,#7939,#6321,.T.);
#16868=ADVANCED_FACE('',(#16867),#16860,.F.);
#16874=EDGE_CURVE('',#7985,#7937,#6325,.T.);
#16881=ADVANCED_FACE('',(#16880),#16873,.F.);
#16887=EDGE_CURVE('',#7983,#7935,#6329,.T.);
#16894=ADVANCED_FACE('',(#16893),#16886,.F.);
#16900=EDGE_CURVE('',#7981,#7933,#6333,.T.);
#16907=ADVANCED_FACE('',(#16906),#16899,.F.);
#16913=EDGE_CURVE('',#7979,#7931,#6337,.T.);
#16920=ADVANCED_FACE('',(#16919),#16912,.F.);
#16926=EDGE_CURVE('',#7977,#7929,#6341,.T.);
#16933=ADVANCED_FACE('',(#16932),#16925,.F.);
#16939=EDGE_CURVE('',#7975,#7927,#6345,.T.);
#16946=ADVANCED_FACE('',(#16945),#16938,.F.);
#16958=ADVANCED_FACE('',(#16957),#16951,.F.);
#16965=EDGE_CURVE('',#6629,#6637,#6373,.T.);
#16971=ADVANCED_FACE('',(#16970),#16963,.F.);
#16979=EDGE_CURVE('',#6625,#6635,#6361,.T.);
#16984=ADVANCED_FACE('',(#16983),#16976,.F.);
#16990=EDGE_CURVE('',#6621,#6633,#6369,.T.);
#16997=ADVANCED_FACE('',(#16996),#16989,.F.);
#17009=ADVANCED_FACE('',(#17008),#17002,.F.);
#17021=ADVANCED_FACE('',(#17020),#17014,.F.);
#17024=(LENGTH_UNIT()NAMED_UNIT(*)SI_UNIT(.MILLI.,.METRE.));
#17025=(NAMED_UNIT(*)PLANE_ANGLE_UNIT()SI_UNIT($,.RADIAN.));
#17028=(NAMED_UNIT(*)SI_UNIT($,.STERADIAN.)SOLID_ANGLE_UNIT());
#17030=(GEOMETRIC_REPRESENTATION_CONTEXT(3)GLOBAL_UNCERTAINTY_ASSIGNED_CONTEXT((
#17029))GLOBAL_UNIT_ASSIGNED_CONTEXT((#17024,#17027,#17028))REPRESENTATION_CONTEXT('ID1','3'));
#17031=ADVANCED_BREP_SHAPE_REPRESENTATION('',(#17023),#17030);
#17038=PRODUCT_DEFINITION('part definition','',#17037,#17034);
#17039=PRODUCT_DEFINITION_SHAPE('','SHAPE FOR C-338069-8.',#17038);
#17040=SHAPE_ASPECT('','solid data associated with C-338069-8',#17039,.F.);
#17041=PROPERTY_DEFINITION('',
'shape for solid data with which properties are associated',#17040);
#17042=SHAPE_REPRESENTATION('',(#17023),#17030);
#17043=SHAPE_DEFINITION_REPRESENTATION(#17041,#17042);
#17044=(LENGTH_UNIT()NAMED_UNIT(*)SI_UNIT(.MILLI.,.METRE.));
#17048=PROPERTY_DEFINITION('geometric validation property','area of C-338069-8',
#17040);
#17049=REPRESENTATION('surface area',(#17047),#17030);
#17050=PROPERTY_DEFINITION_REPRESENTATION(#17048,#17049);
#17051=(LENGTH_UNIT()NAMED_UNIT(*)SI_UNIT(.MILLI.,.METRE.));
#17055=PROPERTY_DEFINITION('geometric validation property',
'volume of C-338069-8',#17040);
#17056=REPRESENTATION('volume',(#17054),#17030);
#17057=PROPERTY_DEFINITION_REPRESENTATION(#17055,#17056);
#17059=PROPERTY_DEFINITION('geometric validation property',
'centroid of C-338069-8',#17040);
#17060=REPRESENTATION('centroid',(#17058),#17030);
#17061=PROPERTY_DEFINITION_REPRESENTATION(#17059,#17060);
#17062=(LENGTH_UNIT()NAMED_UNIT(*)SI_UNIT(.MILLI.,.METRE.));
#17066=PROPERTY_DEFINITION('geometric validation property','area of C-338069-8',
#17039);
#17067=REPRESENTATION('surface area',(#17065),#17030);
#17068=PROPERTY_DEFINITION_REPRESENTATION(#17066,#17067);
#17069=(LENGTH_UNIT()NAMED_UNIT(*)SI_UNIT(.MILLI.,.METRE.));
#17073=PROPERTY_DEFINITION('geometric validation property',
'volume of C-338069-8',#17039);
#17074=REPRESENTATION('volume',(#17072),#17030);
#17075=PROPERTY_DEFINITION_REPRESENTATION(#17073,#17074);
#17077=PROPERTY_DEFINITION('geometric validation property',
'centroid of C-338069-8',#17039);
#17078=REPRESENTATION('centroid',(#17076),#17030);
#17079=PROPERTY_DEFINITION_REPRESENTATION(#17077,#17078);
#17080=SHAPE_DEFINITION_REPRESENTATION(#17039,#17031);
ENDSEC;
END-ISO-10303-21;
